ID,LON,LAT,DEPTH,DIST,PLATE,QUALITY,REGIME,AZI,geometry
grid_000000,1.5,41.5,0.0,546.5036916517349,EU,C,NF,,POINT (1.5 41.5)
grid_000001,0.5,41.5,0.0,569.1921485884579,EU,C,TF,,POINT (0.5 41.5)
grid_000002,1.5,39.5,0.0,333.0629291809682,EU,C,SS,,POINT (1.5 39.5)
grid_000003,0.5,39.5,0.0,359.95306692326153,EU,C,TF,,POINT (0.5 39.5)
grid_000005,2.5,40.5,0.0,414.2041043409998,EU,C,TF,,POINT (2.5 40.5)
grid_000006,3.5,40.5,0.0,398.9123252079662,EU,C,TF,,POINT (3.5 40.5)
grid_000007,0.5,40.5,0.0,464.3213710406165,EU,C,TF,,POINT (0.5 40.5)
grid_000008,1.5,40.5,0.0,439.7602985697501,EU,C,NF,,POINT (1.5 40.5)
grid_000009,7.5,37.5,0.0,17.861338915481653,EU,C,SS,,POINT (7.5 37.5)
grid_000010,7.5,36.5,0.0,92.80627795050667,AF,C,TF,,POINT (7.5 36.5)
grid_000011,6.5,36.5,0.0,82.30925305677621,AF,C,TF,,POINT (6.5 36.5)
grid_000012,5.5,36.5,0.0,67.69010081559806,AF,C,TF,,POINT (5.5 36.5)
grid_000015,5.5,37.5,0.0,42.72889617122843,EU,C,SS,,POINT (5.5 37.5)
grid_000016,6.5,37.5,0.0,25.55885128367628,EU,C,SS,,POINT (6.5 37.5)
grid_000017,1.5,35.5,0.0,89.43889777730564,AF,C,NF,,POINT (1.5 35.5)
grid_000018,0.5,35.5,0.0,56.41904845633465,AF,C,NF,,POINT (0.5 35.5)
grid_000019,3.5,35.5,0.0,145.6209428241876,AF,C,SS,,POINT (3.5 35.5)
grid_000020,2.5,36.5,0.0,13.14046560230996,AF,C,NF,,POINT (2.5 36.5)
grid_000021,2.5,35.5,0.0,120.40745263432616,AF,C,SS,,POINT (2.5 35.5)
grid_000022,1.5,37.5,0.0,119.23924640719848,EU,C,TF,,POINT (1.5 37.5)
grid_000023,0.5,37.5,0.0,151.9959778101722,EU,C,TF,,POINT (0.5 37.5)
grid_000024,0.5,36.5,0.0,50.03000193299462,EU,C,TF,,POINT (0.5 36.5)
grid_000025,1.5,36.5,0.0,14.664258731096401,EU,C,TF,,POINT (1.5 36.5)
grid_000026,4.5,36.5,0.0,54.45853952045319,AF,C,TF,,POINT (4.5 36.5)
grid_000027,4.5,37.5,0.0,55.20546549935068,EU,C,TF,,POINT (4.5 37.5)
grid_000028,3.5,36.5,0.0,38.69775731779253,AF,C,TF,,POINT (3.5 36.5)
grid_000029,0.5,38.5,0.0,254.81006646352878,EU,C,SS,,POINT (0.5 38.5)
grid_000030,1.5,38.5,0.0,225.54936820311832,EU,C,NF,,POINT (1.5 38.5)
grid_000032,3.5,38.5,0.0,179.8846330039219,EU,C,TF,,POINT (3.5 38.5)
grid_000033,4.5,38.5,0.0,164.8715218000985,EU,C,TF,,POINT (4.5 38.5)
grid_000034,2.5,38.5,0.0,200.60313994250114,EU,C,TF,,POINT (2.5 38.5)
grid_000035,2.5,37.5,0.0,93.74867856184801,EU,C,TF,,POINT (2.5 37.5)
grid_000036,3.5,37.5,0.0,70.37040518491217,EU,C,TF,,POINT (3.5 37.5)
grid_000037,9.5,36.5,0.0,157.1745496780027,AF,C,TF,,POINT (9.5 36.5)
grid_000038,10.5,35.5,0.0,301.5207757700053,AF,C,TF,,POINT (10.5 35.5)
grid_000039,9.5,35.5,0.0,244.7621792162064,AF,C,SS,,POINT (9.5 35.5)
grid_000040,8.5,36.5,0.0,109.38701270249233,AF,A,TF,,POINT (8.5 36.5)
grid_000041,8.5,35.5,0.0,216.41094457065793,AF,C,TF,,POINT (8.5 35.5)
grid_000042,5.5,35.5,0.0,178.0973816602553,AF,C,SS,,POINT (5.5 35.5)
grid_000043,6.5,35.5,0.0,190.1979855123289,AF,C,TF,,POINT (6.5 35.5)
grid_000044,7.5,35.5,0.0,203.45907768210938,AF,C,TF,,POINT (7.5 35.5)
grid_000045,4.5,35.5,0.0,164.12031184551367,AF,C,SS,,POINT (4.5 35.5)
grid_000046,30.5,38.5,0.0,211.55191503419664,AT,C,NF,,POINT (30.5 38.5)
grid_000047,30.5,37.5,0.0,202.40312995522186,AT,C,NF,,POINT (30.5 37.5)
grid_000048,29.5,37.5,0.0,114.26431981876564,AT,C,NF,,POINT (29.5 37.5)
grid_000049,28.5,35.5,0.0,32.4274445534008,AS,C,NF,,POINT (28.5 35.5)
grid_000050,30.5,35.5,0.0,44.82392846217413,AT,C,NF,,POINT (30.5 35.5)
grid_000051,29.5,35.5,0.0,8.225152438582791,AS,C,NF,,POINT (29.5 35.5)
grid_000052,29.5,36.5,0.0,62.193969099798416,AT,C,NF,,POINT (29.5 36.5)
grid_000053,32.5,35.5,0.0,116.57234692090951,AT,C,NF,,POINT (32.5 35.5)
grid_000054,31.5,35.5,0.0,78.0102914439344,AT,C,NF,,POINT (31.5 35.5)
grid_000055,31.5,36.5,0.0,180.56403387744288,AT,C,NF,,POINT (31.5 36.5)
grid_000056,30.5,36.5,0.0,134.48628640984106,AT,C,NF,,POINT (30.5 36.5)
grid_000057,22.5,45.5,0.0,556.1245967793197,EU,C,TF,,POINT (22.5 45.5)
grid_000058,22.5,44.5,0.0,523.8502994507489,EU,C,TF,,POINT (22.5 44.5)
grid_000059,25.5,43.5,0.0,339.6728025009964,EU,C,NF,,POINT (25.5 43.5)
grid_000060,24.5,44.5,0.0,483.50459910474495,EU,C,TF,,POINT (24.5 44.5)
grid_000061,24.5,43.5,0.0,378.61484894385393,EU,B,NF,,POINT (24.5 43.5)
grid_000062,21.5,42.5,0.0,357.9491076507789,EU,C,NF,,POINT (21.5 42.5)
grid_000063,22.5,43.5,0.0,417.0266440868888,EU,C,TF,,POINT (22.5 43.5)
grid_000064,21.5,43.5,0.0,449.0162062748762,EU,C,TF,,POINT (21.5 43.5)
grid_000065,23.5,43.5,0.0,394.55781670224644,EU,C,TF,,POINT (23.5 43.5)
grid_000066,23.5,44.5,0.0,501.36327987249325,EU,C,NF,,POINT (23.5 44.5)
grid_000067,20.5,38.5,0.0,3.5315470985896966,EU,C,SS,,POINT (20.5 38.5)
grid_000068,20.5,39.5,0.0,114.36212871482249,EU,C,SS,,POINT (20.5 39.5)
grid_000069,23.5,39.5,0.0,9.383906795791852,EU,C,NF,,POINT (23.5 39.5)
grid_000070,21.5,41.5,0.0,276.56506175074514,EU,C,NF,,POINT (21.5 41.5)
grid_000071,20.5,40.5,0.0,225.311442025793,EU,C,NF,,POINT (20.5 40.5)
grid_000072,22.5,40.5,0.0,142.72302583524865,EU,C,NF,,POINT (22.5 40.5)
grid_000073,21.5,40.5,0.0,230.2979176563751,EU,C,NF,,POINT (21.5 40.5)
grid_000074,21.5,39.5,0.0,119.37543282997915,EU,C,NF,,POINT (21.5 39.5)
grid_000075,22.5,39.5,0.0,86.30755344039953,EU,C,NF,,POINT (22.5 39.5)
grid_000076,29.5,39.5,0.0,135.411291487853,AT,C,NF,,POINT (29.5 39.5)
grid_000077,28.5,40.5,0.0,16.887883933462508,AT,C,SS,,POINT (28.5 40.5)
grid_000078,28.5,39.5,0.0,127.55999412954537,AT,C,NF,,POINT (28.5 39.5)
grid_000079,25.5,39.5,0.0,39.8805320008925,AS,C,NF,,POINT (25.5 39.5)
grid_000080,25.5,40.5,0.0,33.61390916117854,EU,C,NF,,POINT (25.5 40.5)
grid_000081,26.5,39.5,0.0,11.373402122931017,AT,C,NF,,POINT (26.5 39.5)
grid_000082,26.5,42.5,0.0,201.97979331953962,EU,C,TF,,POINT (26.5 42.5)
grid_000083,27.5,41.5,0.0,81.55553325040353,EU,C,NF,,POINT (27.5 41.5)
grid_000084,26.5,41.5,0.0,100.09447196246428,EU,C,NF,,POINT (26.5 41.5)
grid_000085,26.5,40.5,0.0,1.5761494454091765,AT,C,SS,,POINT (26.5 40.5)
grid_000086,27.5,40.5,0.0,16.581645720311027,AT,C,TF,,POINT (27.5 40.5)
grid_000087,27.5,39.5,0.0,72.83335545545823,AT,C,NF,,POINT (27.5 39.5)
grid_000088,24.5,39.5,0.0,57.60370243612317,AS,C,NF,,POINT (24.5 39.5)
grid_000089,23.5,40.5,0.0,77.50504144379101,EU,C,NF,,POINT (23.5 40.5)
grid_000090,24.5,40.5,0.0,49.62703281722332,EU,C,NF,,POINT (24.5 40.5)
grid_000091,25.5,42.5,0.0,238.55536354117524,EU,C,TF,,POINT (25.5 42.5)
grid_000092,24.5,42.5,0.0,270.25691315203716,EU,C,NF,,POINT (24.5 42.5)
grid_000093,25.5,41.5,0.0,138.6859187732452,EU,C,NF,,POINT (25.5 41.5)
grid_000094,23.5,42.5,0.0,288.15353412128155,EU,C,TF,,POINT (23.5 42.5)
grid_000095,22.5,42.5,0.0,313.2139324019016,EU,C,TF,,POINT (22.5 42.5)
grid_000096,22.5,41.5,0.0,217.75716699938195,EU,C,NF,,POINT (22.5 41.5)
grid_000097,24.5,41.5,0.0,159.96318471689318,EU,C,NF,,POINT (24.5 41.5)
grid_000098,23.5,41.5,0.0,180.7520929737559,EU,C,NF,,POINT (23.5 41.5)
grid_000099,19.5,37.5,0.0,63.1644438631388,AF,C,TF,,POINT (19.5 37.5)
grid_000100,19.5,36.5,0.0,132.9718993247395,AF,C,SS,,POINT (19.5 36.5)
grid_000101,20.5,37.5,0.0,0.13574083457734407,AS,C,TF,,POINT (20.5 37.5)
grid_000102,22.5,35.5,0.0,14.775032656256966,AF,C,NF,,POINT (22.5 35.5)
grid_000103,21.5,35.5,0.0,59.81824832420132,AF,C,TF,,POINT (21.5 35.5)
grid_000104,19.5,35.5,0.0,209.3481704901778,AF,C,SS,,POINT (19.5 35.5)
grid_000105,20.5,35.5,0.0,127.25218192105267,AF,C,TF,,POINT (20.5 35.5)
grid_000106,21.5,36.5,0.0,7.132290158458724,AS,C,TF,,POINT (21.5 36.5)
grid_000107,20.5,36.5,0.0,64.36938375334822,AF,C,SS,,POINT (20.5 36.5)
grid_000108,21.5,37.5,0.0,80.10151631131704,AS,C,TF,,POINT (21.5 37.5)
grid_000109,21.5,38.5,0.0,8.470697964016036,EU,C,NF,,POINT (21.5 38.5)
grid_000110,24.5,38.5,0.0,125.04366166449564,AS,C,NF,,POINT (24.5 38.5)
grid_000111,23.5,37.5,0.0,109.31794305158598,AS,C,NF,,POINT (23.5 37.5)
grid_000112,22.5,38.5,0.0,21.30204160434067,EU,C,NF,,POINT (22.5 38.5)
grid_000113,23.5,38.5,0.0,47.87308814133133,AS,C,NF,,POINT (23.5 38.5)
grid_000114,23.5,35.5,0.0,47.02181962234039,AS,C,NF,,POINT (23.5 35.5)
grid_000115,23.5,36.5,0.0,130.65526053923764,AS,C,TF,,POINT (23.5 36.5)
grid_000116,22.5,36.5,0.0,81.29718138023692,AS,C,NF,,POINT (22.5 36.5)
grid_000117,22.5,37.5,0.0,88.03437287299633,AS,C,NF,,POINT (22.5 37.5)
grid_000118,29.5,38.5,0.0,128.42113360818914,AT,C,NF,,POINT (29.5 38.5)
grid_000119,28.5,38.5,0.0,58.007161186432235,AT,C,NF,,POINT (28.5 38.5)
grid_000120,28.5,36.5,0.0,16.71845287144345,AS,C,NF,,POINT (28.5 36.5)
grid_000121,27.5,36.5,0.0,97.66232842103516,AS,C,NF,,POINT (27.5 36.5)
grid_000122,25.5,38.5,0.0,133.945454701821,AS,C,NF,,POINT (25.5 38.5)
grid_000123,26.5,37.5,0.0,154.92558499946597,AS,C,NF,,POINT (26.5 37.5)
grid_000124,26.5,38.5,0.0,70.81829591015487,AS,C,NF,,POINT (26.5 38.5)
grid_000125,27.5,37.5,0.0,66.70029932356502,AS,C,NF,,POINT (27.5 37.5)
grid_000126,27.5,38.5,0.0,10.209785263396157,AS,C,NF,,POINT (27.5 38.5)
grid_000127,28.5,37.5,0.0,21.72470987888382,AT,C,NF,,POINT (28.5 37.5)
grid_000128,27.5,35.5,0.0,86.2894147782403,AS,C,TF,,POINT (27.5 35.5)
grid_000129,26.5,35.5,0.0,140.7574916802145,AS,C,NF,,POINT (26.5 35.5)
grid_000130,26.5,36.5,0.0,178.16428497989122,AS,C,NF,,POINT (26.5 36.5)
grid_000131,24.5,37.5,0.0,183.10348639628864,AS,C,NF,,POINT (24.5 37.5)
grid_000132,25.5,37.5,0.0,214.95627969948134,AS,C,NF,,POINT (25.5 37.5)
grid_000133,24.5,35.5,0.0,112.99950323344765,AS,C,NF,,POINT (24.5 35.5)
grid_000134,24.5,36.5,0.0,191.9927596448229,AS,C,TF,,POINT (24.5 36.5)
grid_000135,25.5,35.5,0.0,137.25644299577797,AS,C,TF,,POINT (25.5 35.5)
grid_000136,25.5,36.5,0.0,247.58460493203413,AS,C,NF,,POINT (25.5 36.5)
grid_000137,0.5,57.5,0.0,779.0201209465708,EU,C,TF,,POINT (0.5 57.5)
grid_000138,0.5,56.5,0.0,667.6602570359452,EU,C,TF,,POINT (0.5 56.5)
grid_000139,1.5,57.5,0.0,779.0173313777595,EU,C,TF,,POINT (1.5 57.5)
grid_000143,3.5,56.5,0.0,667.6518883294767,EU,C,TF,,POINT (3.5 56.5)
grid_000145,0.5,54.5,0.0,444.99491852974705,EU,C,NF,,POINT (0.5 54.5)
grid_000149,1.5,56.5,0.0,667.657467467133,EU,C,TF,,POINT (1.5 56.5)
grid_000150,2.5,56.5,0.0,667.6546778983121,EU,C,TF,,POINT (2.5 56.5)
grid_000151,0.5,50.5,0.0,0.1119556147936593,EU,C,NF,,POINT (0.5 50.5)
grid_000152,0.5,51.5,0.0,111.13631556389834,EU,C,TF,,POINT (0.5 51.5)
grid_000153,1.5,51.5,0.0,111.13352599508733,EU,C,TF,,POINT (1.5 51.5)
grid_000156,3.5,51.5,0.0,111.12794685743015,EU,C,NF,,POINT (3.5 51.5)
grid_000157,4.5,51.5,0.0,111.12515728858395,EU,C,TF,,POINT (4.5 51.5)
grid_000158,0.5,53.5,0.0,333.68992416646586,EU,C,NF,,POINT (0.5 53.5)
grid_000159,0.5,52.5,0.0,222.4036621354639,EU,C,TF,,POINT (0.5 52.5)
grid_000160,1.5,53.5,0.0,333.68713459765667,EU,C,TF,,POINT (1.5 53.5)
grid_000161,2.5,52.5,0.0,222.39808299783203,EU,C,TF,,POINT (2.5 52.5)
grid_000162,1.5,52.5,0.0,222.40087256665498,EU,C,TF,,POINT (1.5 52.5)
grid_000163,2.5,51.5,0.0,111.13073642626455,EU,C,TF,,POINT (2.5 51.5)
grid_000165,9.5,52.5,0.0,222.37855601573816,EU,C,NF,,POINT (9.5 52.5)
grid_000168,8.5,52.5,0.0,222.38134558464472,EU,C,TF,,POINT (8.5 52.5)
grid_000176,5.5,52.5,0.0,222.38971429129182,EU,C,NF,,POINT (5.5 52.5)
grid_000181,1.5,54.5,0.0,444.99212896093786,EU,C,TF,,POINT (1.5 54.5)
grid_000188,21.5,46.5,0.0,444.9704895129757,EU,C,TF,,POINT (21.5 46.5)
grid_000189,20.5,46.5,0.0,444.96769994392366,EU,C,TF,,POINT (20.5 46.5)
grid_000190,20.5,47.5,0.0,333.79686024043957,EU,C,TF,,POINT (20.5 47.5)
grid_000191,17.5,48.5,0.0,222.59817172804114,EU,C,TF,,POINT (17.5 48.5)
grid_000192,19.5,48.5,0.0,222.60375086608434,EU,C,NF,,POINT (19.5 48.5)
grid_000193,18.5,48.5,0.0,222.60096129705582,EU,C,NF,,POINT (18.5 48.5)
grid_000194,17.5,47.5,0.0,333.7884915333572,EU,C,NF,,POINT (17.5 47.5)
grid_000195,18.5,46.5,0.0,444.96212080585593,EU,C,TF,,POINT (18.5 46.5)
grid_000196,17.5,46.5,0.0,444.95933123684,EU,C,TF,,POINT (17.5 46.5)
grid_000197,18.5,47.5,0.0,333.7912811023719,EU,B,NF,,POINT (18.5 47.5)
grid_000198,19.5,46.5,0.0,444.9649103748841,EU,C,TF,,POINT (19.5 46.5)
grid_000199,19.5,47.5,0.0,333.79407067140056,EU,B,TF,,POINT (19.5 47.5)
grid_000200,11.5,45.5,0.0,556.0939115202816,EU,C,TF,,POINT (11.5 45.5)
grid_000201,12.5,45.5,0.0,556.0967010892258,EU,C,NF,,POINT (12.5 45.5)
grid_000202,11.5,46.5,0.0,444.9425938230016,EU,C,NF,,POINT (11.5 46.5)
grid_000203,13.5,47.5,0.0,333.7773332574152,EU,C,NF,,POINT (13.5 47.5)
grid_000204,11.5,47.5,0.0,333.77175411951816,EU,C,TF,,POINT (11.5 47.5)
grid_000205,12.5,47.5,0.0,333.7745436884617,EU,C,TF,,POINT (12.5 47.5)
grid_000206,14.5,46.5,0.0,444.9509625298665,EU,C,SS,,POINT (14.5 46.5)
grid_000207,13.5,45.5,0.0,556.0994906581798,EU,C,NF,,POINT (13.5 45.5)
grid_000208,12.5,46.5,0.0,444.9453833919448,EU,C,TF,,POINT (12.5 46.5)
grid_000209,13.5,46.5,0.0,444.94817296089957,EU,C,TF,,POINT (13.5 46.5)
grid_000210,14.5,51.5,0.0,111.09726159945704,EU,C,SS,,POINT (14.5 51.5)
grid_000211,12.5,51.5,0.0,111.10284073737857,EU,C,NF,,POINT (12.5 51.5)
grid_000213,12.5,49.5,0.0,111.37448966363092,EU,C,TF,,POINT (12.5 49.5)
grid_000214,13.5,49.5,0.0,111.37727923258426,EU,C,NF,,POINT (13.5 49.5)
grid_000215,12.5,50.5,0.0,0.14543044131288632,EU,A,TF,,POINT (12.5 50.5)
grid_000217,15.5,50.5,0.0,0.15379914821547,EU,C,TF,,POINT (15.5 50.5)
grid_000218,16.5,50.5,0.0,0.15658871720596185,EU,C,NF,,POINT (16.5 50.5)
grid_000219,14.5,49.5,0.0,111.38006880155095,EU,A,TF,,POINT (14.5 49.5)
grid_000220,13.5,50.5,0.0,0.1482200102685793,EU,A,NF,,POINT (13.5 50.5)
grid_000221,14.5,50.5,0.0,0.15100957923540034,EU,C,NF,,POINT (14.5 50.5)
grid_000222,12.5,48.5,0.0,222.5842238831435,EU,C,TF,,POINT (12.5 48.5)
grid_000223,14.5,48.5,0.0,222.58980302106605,EU,C,NF,,POINT (14.5 48.5)
grid_000224,13.5,48.5,0.0,222.58701345209994,EU,C,TF,,POINT (13.5 48.5)
grid_000225,17.5,49.5,0.0,111.38843750852737,EU,B,TF,,POINT (17.5 49.5)
grid_000226,16.5,49.5,0.0,111.38564793952231,EU,C,SS,,POINT (16.5 49.5)
grid_000227,16.5,48.5,0.0,222.59538215903785,EU,C,TF,,POINT (16.5 48.5)
grid_000228,15.5,46.5,0.0,444.9537520988453,EU,C,TF,,POINT (15.5 46.5)
grid_000229,16.5,46.5,0.0,444.95654166783675,EU,C,TF,,POINT (16.5 46.5)
grid_000230,16.5,47.5,0.0,333.7857019643532,EU,C,TF,,POINT (16.5 47.5)
grid_000231,15.5,47.5,0.0,333.78291239536253,EU,C,NF,,POINT (15.5 47.5)
grid_000232,14.5,47.5,0.0,333.78012282638394,EU,C,TF,,POINT (14.5 47.5)
grid_000233,15.5,48.5,0.0,222.59259259004594,EU,C,TF,,POINT (15.5 48.5)
grid_000234,1.5,43.5,0.0,759.8728432817944,EU,C,TF,,POINT (1.5 43.5)
grid_000235,0.5,43.5,0.0,778.3072470901171,EU,C,TF,,POINT (0.5 43.5)
grid_000236,1.5,45.5,0.0,556.0660158315162,EU,A,TF,,POINT (1.5 45.5)
grid_000237,0.5,45.5,0.0,556.0632262627078,EU,C,TF,,POINT (0.5 45.5)
grid_000238,3.5,44.5,0.0,667.203372569437,EU,B,NF,,POINT (3.5 44.5)
grid_000239,3.5,43.5,0.0,727.8284043452063,EU,C,TF,,POINT (3.5 43.5)
grid_000240,2.5,44.5,0.0,667.200583000602,EU,B,SS,,POINT (2.5 44.5)
grid_000241,2.5,43.5,0.0,742.7426942211696,EU,C,SS,,POINT (2.5 43.5)
grid_000242,0.5,44.5,0.0,667.19500386297,EU,C,TF,,POINT (0.5 44.5)
grid_000244,8.5,44.5,0.0,641.385141648893,EU,C,NF,,POINT (8.5 44.5)
grid_000245,8.5,45.5,0.0,556.0855428135268,EU,C,SS,,POINT (8.5 45.5)
grid_000246,9.5,45.5,0.0,556.0883323824331,EU,C,TF,,POINT (9.5 45.5)
grid_000247,7.5,46.5,0.0,444.931435547351,EU,C,NF,,POINT (7.5 46.5)
grid_000248,6.5,46.5,0.0,444.9286459784677,EU,C,TF,,POINT (6.5 46.5)
grid_000249,5.5,44.5,0.0,667.2089517071413,EU,C,NF,,POINT (5.5 44.5)
grid_000250,5.5,45.5,0.0,556.0771741068771,EU,C,TF,,POINT (5.5 45.5)
grid_000251,7.5,44.5,0.0,667.2145308448964,EU,C,TF,,POINT (7.5 44.5)
grid_000252,6.5,44.5,0.0,667.2117412760128,EU,C,TF,,POINT (6.5 44.5)
grid_000253,6.5,45.5,0.0,556.0799636757478,EU,C,TF,,POINT (6.5 45.5)
grid_000254,7.5,45.5,0.0,556.0827532446317,EU,C,NF,,POINT (7.5 45.5)
grid_000259,3.5,48.5,0.0,222.55911776309281,EU,B,TF,,POINT (3.5 48.5)
grid_000261,0.5,47.5,0.0,333.74106886194227,EU,C,TF,,POINT (0.5 47.5)
grid_000265,5.5,47.5,0.0,333.755016706113,EU,C,TF,,POINT (5.5 47.5)
grid_000266,4.5,47.5,0.0,333.75222713725475,EU,C,NF,,POINT (4.5 47.5)
grid_000267,4.5,46.5,0.0,444.9230668407381,EU,C,TF,,POINT (4.5 46.5)
grid_000268,5.5,46.5,0.0,444.925856409598,EU,C,TF,,POINT (5.5 46.5)
grid_000269,0.5,46.5,0.0,444.91190856542687,EU,C,TF,,POINT (0.5 46.5)
grid_000270,2.5,45.5,0.0,556.0688054003382,EU,A,TF,,POINT (2.5 45.5)
grid_000271,2.5,46.5,0.0,444.9174877030571,EU,A,TF,,POINT (2.5 46.5)
grid_000272,1.5,46.5,0.0,444.9146981342364,EU,A,NF,,POINT (1.5 46.5)
grid_000273,4.5,44.5,0.0,667.2061621382849,EU,A,NF,,POINT (4.5 44.5)
grid_000274,4.5,45.5,0.0,556.0743845380184,EU,C,TF,,POINT (4.5 45.5)
grid_000275,3.5,45.5,0.0,556.0715949691735,EU,A,NF,,POINT (3.5 45.5)
grid_000276,3.5,46.5,0.0,444.9202772718914,EU,A,NF,,POINT (3.5 46.5)
grid_000277,10.5,45.5,0.0,556.091121951352,EU,C,TF,,POINT (10.5 45.5)
grid_000278,9.5,46.5,0.0,444.93701468515087,EU,C,TF,,POINT (9.5 46.5)
grid_000279,10.5,46.5,0.0,444.93980425407,EU,C,TF,,POINT (10.5 46.5)
grid_000280,11.5,48.5,0.0,222.58143431420203,EU,C,NF,,POINT (11.5 48.5)
grid_000281,10.5,48.5,0.0,222.5786447452701,EU,C,TF,,POINT (10.5 48.5)
grid_000282,9.5,48.5,0.0,222.57585517635124,EU,C,TF,,POINT (9.5 48.5)
grid_000283,10.5,47.5,0.0,333.7689645505866,EU,C,SS,,POINT (10.5 47.5)
grid_000284,6.5,47.5,0.0,333.7578062749831,EU,C,NF,,POINT (6.5 47.5)
grid_000285,8.5,47.5,0.0,333.76338541276044,EU,C,NF,,POINT (8.5 47.5)
grid_000286,7.5,47.5,0.0,333.7605958438664,EU,C,NF,,POINT (7.5 47.5)
grid_000287,8.5,46.5,0.0,444.9342251162453,EU,C,NF,,POINT (8.5 46.5)
grid_000288,9.5,47.5,0.0,333.7661749816688,EU,C,TF,,POINT (9.5 47.5)
grid_000289,2.5,49.5,0.0,111.34659397474375,EU,C,NF,,POINT (2.5 49.5)
grid_000290,2.5,50.5,0.0,0.11753475242655653,EU,C,TF,,POINT (2.5 50.5)
grid_000291,1.5,50.5,0.0,0.11474518360383841,EU,C,TF,,POINT (1.5 50.5)
grid_000292,5.5,51.5,0.0,111.12236771972678,EU,C,TF,,POINT (5.5 51.5)
grid_000293,5.5,50.5,0.0,0.12590345896532762,EU,C,TF,,POINT (5.5 50.5)
grid_000294,4.5,50.5,0.0,0.12311389010747899,EU,C,NF,,POINT (4.5 50.5)
grid_000295,5.5,48.5,0.0,222.56469690079595,EU,C,TF,,POINT (5.5 48.5)
grid_000296,5.5,49.5,0.0,111.35496268128243,EU,B,TF,,POINT (5.5 49.5)
grid_000297,4.5,48.5,0.0,222.56190733193893,EU,B,TF,,POINT (4.5 48.5)
grid_000298,4.5,49.5,0.0,111.35217311242577,EU,B,NF,,POINT (4.5 49.5)
grid_000299,3.5,49.5,0.0,111.34938354357828,EU,C,TF,,POINT (3.5 49.5)
grid_000300,3.5,50.5,0.0,0.12032432126004118,EU,C,TF,,POINT (3.5 50.5)
grid_000301,12.5,52.5,0.0,222.3701873089463,EU,B,NF,,POINT (12.5 52.5)
grid_000302,11.5,52.5,0.0,222.37297687788876,EU,B,TF,,POINT (11.5 52.5)
grid_000303,11.5,51.5,0.0,111.10563030632125,EU,B,TF,,POINT (11.5 51.5)
grid_000304,10.5,52.5,0.0,222.37576644681926,EU,C,TF,,POINT (10.5 52.5)
grid_000305,7.5,51.5,0.0,111.1167885819738,EU,C,TF,,POINT (7.5 51.5)
grid_000306,8.5,51.5,0.0,111.11399901307867,EU,C,NF,,POINT (8.5 51.5)
grid_000307,11.5,49.5,0.0,111.37170009468673,EU,C,TF,,POINT (11.5 49.5)
grid_000308,10.5,50.5,0.0,0.13985130343841976,EU,C,TF,,POINT (10.5 50.5)
grid_000309,11.5,50.5,0.0,0.14264087237044307,EU,A,NF,,POINT (11.5 50.5)
grid_000310,9.5,50.5,0.0,0.13706173452070203,EU,C,TF,,POINT (9.5 50.5)
grid_000311,9.5,51.5,0.0,111.11120944417074,EU,C,NF,,POINT (9.5 51.5)
grid_000312,10.5,51.5,0.0,111.10841987525328,EU,B,TF,,POINT (10.5 51.5)
grid_000313,6.5,51.5,0.0,111.11957815085614,EU,C,TF,,POINT (6.5 51.5)
grid_000314,6.5,50.5,0.0,0.1286930278371339,EU,C,NF,,POINT (6.5 50.5)
grid_000315,8.5,50.5,0.0,0.1342721656137574,EU,C,TF,,POINT (8.5 50.5)
grid_000316,7.5,50.5,0.0,0.1314825967186458,EU,C,NF,,POINT (7.5 50.5)
grid_000317,10.5,49.5,0.0,111.36891052575626,EU,C,TF,,POINT (10.5 49.5)
grid_000318,9.5,49.5,0.0,111.36612095683736,EU,C,NF,,POINT (9.5 49.5)
grid_000319,7.5,48.5,0.0,222.57027603854945,EU,C,TF,,POINT (7.5 48.5)
grid_000320,6.5,48.5,0.0,222.56748646966687,EU,C,TF,,POINT (6.5 48.5)
grid_000321,8.5,48.5,0.0,222.57306560744306,EU,C,TF,,POINT (8.5 48.5)
grid_000322,6.5,49.5,0.0,111.35775225015456,EU,C,TF,,POINT (6.5 49.5)
grid_000323,8.5,49.5,0.0,111.36333138793007,EU,C,TF,,POINT (8.5 49.5)
grid_000324,7.5,49.5,0.0,111.36054181903475,EU,C,TF,,POINT (7.5 49.5)
grid_000325,21.5,44.5,0.0,549.2478653233796,EU,C,TF,,POINT (21.5 44.5)
grid_000326,20.5,45.5,0.0,556.1190176412049,EU,C,TF,,POINT (20.5 45.5)
grid_000327,21.5,45.5,0.0,556.1218072102572,EU,C,TF,,POINT (21.5 45.5)
grid_000328,17.5,45.5,0.0,556.1106489341215,EU,C,TF,,POINT (17.5 45.5)
grid_000329,18.5,44.5,0.0,593.7416239305445,EU,C,TF,,POINT (18.5 44.5)
grid_000330,18.5,45.5,0.0,556.1134385031374,EU,C,TF,,POINT (18.5 45.5)
grid_000331,20.5,43.5,0.0,497.4534737232666,EU,C,NF,,POINT (20.5 43.5)
grid_000332,19.5,44.5,0.0,605.6783158991069,EU,C,TF,,POINT (19.5 44.5)
grid_000333,20.5,44.5,0.0,585.2646153910059,EU,C,SS,,POINT (20.5 44.5)
grid_000334,19.5,45.5,0.0,556.1162280721642,EU,C,NF,,POINT (19.5 45.5)
grid_000335,18.5,39.5,0.0,58.154003414793785,EU,C,SS,,POINT (18.5 39.5)
grid_000336,19.5,39.5,0.0,105.23278888001146,EU,C,TF,,POINT (19.5 39.5)
grid_000337,16.5,41.5,0.0,286.95766949863935,EU,C,TF,,POINT (16.5 41.5)
grid_000338,17.5,41.5,0.0,261.7032552838622,EU,C,TF,,POINT (17.5 41.5)
grid_000339,17.5,40.5,0.0,152.87133831009757,EU,C,NF,,POINT (17.5 40.5)
grid_000340,20.5,41.5,0.0,336.34347088153737,EU,C,NF,,POINT (20.5 41.5)
grid_000341,19.5,41.5,0.0,289.96756520422207,EU,C,TF,,POINT (19.5 41.5)
grid_000342,18.5,41.5,0.0,262.8068620191405,EU,C,TF,,POINT (18.5 41.5)
grid_000343,19.5,40.5,0.0,197.98177959002697,EU,C,TF,,POINT (19.5 40.5)
grid_000344,18.5,40.5,0.0,154.78115458164908,EU,C,TF,,POINT (18.5 40.5)
grid_000345,12.5,44.5,0.0,611.2508112007097,EU,C,TF,,POINT (12.5 44.5)
grid_000346,14.5,42.5,0.0,414.7285856976309,EU,C,TF,,POINT (14.5 42.5)
grid_000347,15.5,42.5,0.0,423.01479125331974,EU,C,TF,,POINT (15.5 42.5)
grid_000348,15.5,43.5,0.0,523.0964880414449,EU,C,TF,,POINT (15.5 43.5)
grid_000349,14.5,43.5,0.0,525.8209188613489,EU,C,TF,,POINT (14.5 43.5)
grid_000350,15.5,45.5,0.0,556.105069796126,EU,C,TF,,POINT (15.5 45.5)
grid_000351,15.5,44.5,0.0,626.2323011094636,EU,C,NF,,POINT (15.5 44.5)
grid_000352,14.5,45.5,0.0,556.1022802271488,EU,C,TF,,POINT (14.5 45.5)
grid_000353,13.5,44.5,0.0,633.907904993289,EU,C,TF,,POINT (13.5 44.5)
grid_000354,13.5,43.5,0.0,524.2421486697448,EU,C,TF,,POINT (13.5 43.5)
grid_000355,14.5,44.5,0.0,636.9328979676452,EU,C,TF,,POINT (14.5 44.5)
grid_000356,17.5,42.5,0.0,371.87026143445127,EU,C,TF,,POINT (17.5 42.5)
grid_000357,16.5,42.5,0.0,389.78486268021635,EU,C,TF,,POINT (16.5 42.5)
grid_000358,16.5,45.5,0.0,556.107859365119,EU,C,TF,,POINT (16.5 45.5)
grid_000359,16.5,44.5,0.0,604.3097817474644,EU,C,TF,,POINT (16.5 44.5)
grid_000360,17.5,44.5,0.0,593.2765973654554,EU,C,TF,,POINT (17.5 44.5)
grid_000361,20.5,42.5,0.0,427.3636902926447,EU,C,NF,,POINT (20.5 42.5)
grid_000362,19.5,43.5,0.0,497.8884458193221,EU,C,TF,,POINT (19.5 43.5)
grid_000363,18.5,42.5,0.0,372.6359008407387,EU,C,TF,,POINT (18.5 42.5)
grid_000364,19.5,42.5,0.0,391.9722370642089,EU,C,NF,,POINT (19.5 42.5)
grid_000365,18.5,43.5,0.0,483.0532009985896,EU,C,TF,,POINT (18.5 43.5)
grid_000366,16.5,43.5,0.0,496.19529130892465,EU,C,TF,,POINT (16.5 43.5)
grid_000367,17.5,43.5,0.0,482.47209693029436,EU,C,TF,,POINT (17.5 43.5)
grid_000368,0.5,42.5,0.0,677.7307488323775,EU,C,NF,,POINT (0.5 42.5)
grid_000369,2.5,41.5,0.0,522.663711506918,EU,C,SS,,POINT (2.5 41.5)
grid_000370,2.5,42.5,0.0,632.5117708665446,EU,C,NF,,POINT (2.5 42.5)
grid_000371,1.5,42.5,0.0,653.2082250341003,EU,C,NF,,POINT (1.5 42.5)
grid_000372,4.5,43.5,0.0,712.8175057588163,EU,A,TF,,POINT (4.5 43.5)
grid_000373,4.5,42.5,0.0,604.0563329782981,EU,C,TF,,POINT (4.5 42.5)
grid_000375,4.5,41.5,0.0,493.8798489033425,EU,C,TF,,POINT (4.5 41.5)
grid_000376,3.5,41.5,0.0,508.42522747631295,EU,C,TF,,POINT (3.5 41.5)
grid_000377,3.5,42.5,0.0,617.9370874092466,EU,C,TF,,POINT (3.5 42.5)
grid_000378,9.5,37.5,0.0,93.86155891123163,AF,C,TF,,POINT (9.5 37.5)
grid_000379,8.5,37.5,0.0,13.39960374925191,AF,A,TF,,POINT (8.5 37.5)
grid_000380,9.5,38.5,0.0,9.358748533681368,EU,C,TF,,POINT (9.5 38.5)
grid_000381,8.5,38.5,0.0,50.8425524182155,EU,C,TF,,POINT (8.5 38.5)
grid_000382,9.5,40.5,0.0,204.52999533254336,EU,C,NF,,POINT (9.5 40.5)
grid_000383,8.5,40.5,0.0,248.55701990514285,EU,C,TF,,POINT (8.5 40.5)
grid_000388,7.5,38.5,0.0,128.54387739187052,EU,C,SS,,POINT (7.5 38.5)
grid_000389,8.5,39.5,0.0,146.86344227322442,EU,C,TF,,POINT (8.5 39.5)
grid_000390,10.5,44.5,0.0,605.5913650713742,EU,C,NF,,POINT (10.5 44.5)
grid_000391,9.5,43.5,0.0,512.6404252229703,EU,C,SS,,POINT (9.5 43.5)
grid_000392,10.5,43.5,0.0,495.0111864717966,EU,C,TF,,POINT (10.5 43.5)
grid_000393,9.5,44.5,0.0,620.6687089519842,EU,B,NF,,POINT (9.5 44.5)
grid_000394,9.5,41.5,0.0,300.3111681101562,EU,C,NF,,POINT (9.5 41.5)
grid_000395,8.5,42.5,0.0,436.10621860268395,EU,C,SS,,POINT (8.5 42.5)
grid_000396,9.5,42.5,0.0,405.1516378192279,EU,C,TF,,POINT (9.5 42.5)
grid_000397,6.5,43.5,0.0,622.2444763534426,EU,C,TF,,POINT (6.5 43.5)
grid_000398,7.5,42.5,0.0,486.81214309867676,EU,C,TF,,POINT (7.5 42.5)
grid_000399,7.5,43.5,0.0,572.7889272302565,EU,C,TF,,POINT (7.5 43.5)
grid_000400,8.5,43.5,0.0,537.0590469620247,EU,C,NF,,POINT (8.5 43.5)
grid_000401,8.5,41.5,0.0,350.99793956369393,EU,C,NF,,POINT (8.5 41.5)
grid_000402,5.5,43.5,0.0,654.9179350948282,EU,A,TF,,POINT (5.5 43.5)
grid_000403,5.5,42.5,0.0,585.3076226932635,EU,A,TF,,POINT (5.5 42.5)
grid_000404,6.5,42.5,0.0,519.3430812261367,EU,C,TF,,POINT (6.5 42.5)
grid_000409,7.5,41.5,0.0,385.38021156436037,EU,C,TF,,POINT (7.5 41.5)
grid_000410,6.5,41.5,0.0,420.6355744672176,EU,C,TF,,POINT (6.5 41.5)
grid_000411,10.5,36.5,0.0,231.21787215196525,AF,C,TF,,POINT (10.5 36.5)
grid_000412,11.5,35.5,0.0,360.4456272765203,AF,C,TF,,POINT (11.5 35.5)
grid_000413,11.5,36.5,0.0,256.3749663224464,AF,C,SS,,POINT (11.5 36.5)
grid_000414,13.5,36.5,0.0,191.32599037889705,AF,C,SS,,POINT (13.5 36.5)
grid_000415,13.5,35.5,0.0,264.5102909783061,AF,C,SS,,POINT (13.5 35.5)
grid_000416,12.5,35.5,0.0,328.8756005731167,AF,C,SS,,POINT (12.5 35.5)
grid_000417,12.5,36.5,0.0,233.8396937544527,AF,C,TF,,POINT (12.5 36.5)
grid_000418,18.5,37.5,0.0,95.50930579712794,AF,C,TF,,POINT (18.5 37.5)
grid_000419,15.5,37.5,0.0,12.5899541320807,EU,C,TF,,POINT (15.5 37.5)
grid_000420,16.5,36.5,0.0,92.76587946303196,AF,C,TF,,POINT (16.5 36.5)
grid_000421,16.5,37.5,0.0,16.4920838529628,EU,C,TF,,POINT (16.5 37.5)
grid_000422,17.5,35.5,0.0,220.09540480935445,AF,C,TF,,POINT (17.5 35.5)
grid_000423,18.5,35.5,0.0,252.24787193649794,AF,C,TF,,POINT (18.5 35.5)
grid_000424,17.5,36.5,0.0,115.1325269422614,AF,C,TF,,POINT (17.5 36.5)
grid_000425,18.5,36.5,0.0,164.26818561437415,AF,C,TF,,POINT (18.5 36.5)
grid_000426,17.5,37.5,0.0,21.363718213575922,AF,C,TF,,POINT (17.5 37.5)
grid_000427,14.5,37.5,0.0,75.55470469083772,AF,C,SS,,POINT (14.5 37.5)
grid_000428,15.5,36.5,0.0,89.97569731045165,AF,C,TF,,POINT (15.5 36.5)
grid_000429,14.5,36.5,0.0,121.53965597537488,AF,C,TF,,POINT (14.5 36.5)
grid_000430,16.5,35.5,0.0,202.1028833933419,AF,C,TF,,POINT (16.5 35.5)
grid_000431,14.5,35.5,0.0,218.74991443741837,AF,C,NF,,POINT (14.5 35.5)
grid_000432,15.5,35.5,0.0,199.4211155286199,AF,C,TF,,POINT (15.5 35.5)
grid_000433,11.5,37.5,0.0,160.97440355412195,AF,C,TF,,POINT (11.5 37.5)
grid_000434,10.5,37.5,0.0,124.29930994005012,AF,C,TF,,POINT (10.5 37.5)
grid_000435,10.5,40.5,0.0,168.94603838330008,EU,C,TF,,POINT (10.5 40.5)
grid_000436,11.5,39.5,0.0,48.69060442307465,EU,C,TF,,POINT (11.5 39.5)
grid_000438,13.5,37.5,0.0,123.79295396987428,AF,C,TF,,POINT (13.5 37.5)
grid_000439,12.5,38.5,0.0,21.581437643992075,AF,C,TF,,POINT (12.5 38.5)
grid_000440,12.5,37.5,0.0,123.49316562656094,AF,C,SS,,POINT (12.5 37.5)
grid_000441,10.5,38.5,0.0,23.31908527137926,AF,C,TF,,POINT (10.5 38.5)
grid_000442,11.5,38.5,0.0,53.93263331905715,AF,C,TF,,POINT (11.5 38.5)
grid_000443,19.5,38.5,0.0,15.824527417193691,EU,C,SS,,POINT (19.5 38.5)
grid_000444,18.5,38.5,0.0,36.94570400204599,AF,C,SS,,POINT (18.5 38.5)
grid_000445,17.5,38.5,0.0,30.39221197545767,EU,C,TF,,POINT (17.5 38.5)
grid_000446,17.5,39.5,0.0,54.016026847075516,EU,C,TF,,POINT (17.5 39.5)
grid_000447,15.5,41.5,0.0,315.04907460456883,EU,C,TF,,POINT (15.5 41.5)
grid_000448,15.5,40.5,0.0,210.35882123557042,EU,C,NF,,POINT (15.5 40.5)
grid_000449,16.5,40.5,0.0,193.47914434552132,EU,C,NF,,POINT (16.5 40.5)
grid_000450,16.5,38.5,0.0,78.46647102076365,EU,C,NF,,POINT (16.5 38.5)
grid_000451,15.5,38.5,0.0,10.945265768498036,EU,C,NF,,POINT (15.5 38.5)
grid_000452,15.5,39.5,0.0,117.95478625731184,EU,C,SS,,POINT (15.5 39.5)
grid_000453,16.5,39.5,0.0,131.10206085117738,EU,C,NF,,POINT (16.5 39.5)
grid_000454,11.5,44.5,0.0,602.6808956092227,EU,C,NF,,POINT (11.5 44.5)
grid_000455,12.5,43.5,0.0,501.1073150531767,EU,C,NF,,POINT (12.5 43.5)
grid_000456,11.5,43.5,0.0,491.5952292003902,EU,C,NF,,POINT (11.5 43.5)
grid_000457,13.5,41.5,0.0,308.0839904323386,EU,C,TF,,POINT (13.5 41.5)
grid_000458,13.5,42.5,0.0,415.36290738358446,EU,C,NF,,POINT (13.5 42.5)
grid_000459,10.5,41.5,0.0,275.22741105122867,EU,C,TF,,POINT (10.5 41.5)
grid_000460,12.5,41.5,0.0,283.1516546671844,EU,C,TF,,POINT (12.5 41.5)
grid_000461,10.5,42.5,0.0,384.75627691070054,EU,C,TF,,POINT (10.5 42.5)
grid_000462,11.5,41.5,0.0,269.5478881412062,EU,C,TF,,POINT (11.5 41.5)
grid_000463,11.5,42.5,0.0,380.544539624963,EU,C,TF,,POINT (11.5 42.5)
grid_000464,12.5,42.5,0.0,391.529461539364,EU,C,NF,,POINT (12.5 42.5)
grid_000465,14.5,41.5,0.0,303.6560000004979,EU,C,TF,,POINT (14.5 41.5)
grid_000466,14.5,40.5,0.0,192.6035965069483,EU,C,TF,,POINT (14.5 40.5)
grid_000467,12.5,40.5,0.0,183.13452000372772,EU,C,TF,,POINT (12.5 40.5)
grid_000468,11.5,40.5,0.0,158.67776727378438,EU,C,TF,,POINT (11.5 40.5)
grid_000469,14.5,38.5,0.0,23.209822406200384,AF,C,TF,,POINT (14.5 38.5)
grid_000470,14.5,39.5,0.0,81.57457156262507,EU,C,TF,,POINT (14.5 39.5)
grid_000471,13.5,38.5,0.0,12.861121855791252,AF,C,TF,,POINT (13.5 38.5)
grid_000472,12.5,39.5,0.0,72.53453430887069,EU,C,TF,,POINT (12.5 39.5)
grid_000473,13.5,39.5,0.0,98.08890613401448,EU,C,TF,,POINT (13.5 39.5)
grid_000474,13.5,40.5,0.0,209.05725942218797,EU,C,TF,,POINT (13.5 40.5)
grid_000475,41.5,38.5,0.0,0.1622086734569447,AR,C,TF,,POINT (41.5 38.5)
grid_000476,41.5,37.5,0.0,99.48394699547524,AR,C,TF,,POINT (41.5 37.5)
grid_000477,42.5,37.5,0.0,58.31586326699888,AR,C,TF,,POINT (42.5 37.5)
grid_000479,41.5,35.5,0.0,285.08084557804386,AR,C,SS,,POINT (41.5 35.5)
grid_000480,42.5,35.5,0.0,191.4569239061046,AR,C,SS,,POINT (42.5 35.5)
grid_000481,42.5,36.5,0.0,144.2015475781074,AR,C,SS,,POINT (42.5 36.5)
grid_000482,39.5,35.5,0.0,279.3207791440561,AR,C,NF,,POINT (39.5 35.5)
grid_000483,40.5,35.5,0.0,339.8606087967108,AR,C,NF,,POINT (40.5 35.5)
grid_000484,40.5,36.5,0.0,240.71373963946849,AR,C,SS,,POINT (40.5 36.5)
grid_000485,41.5,36.5,0.0,204.18464271271935,AR,C,SS,,POINT (41.5 36.5)
grid_000486,42.5,39.5,0.0,137.4319043537062,EU,C,TF,,POINT (42.5 39.5)
grid_000492,42.5,38.5,0.0,37.40413808637792,EU,C,TF,,POINT (42.5 38.5)
grid_000500,33.5,35.5,0.0,120.26947888697127,AT,C,TF,,POINT (33.5 35.5)
grid_000501,34.5,35.5,0.0,59.083101316166214,AT,C,TF,,POINT (34.5 35.5)
grid_000502,35.5,35.5,0.0,0.3213913960296971,AT,C,TF,,POINT (35.5 35.5)
grid_000503,37.5,35.5,0.0,98.49011367566865,AR,C,NF,,POINT (37.5 35.5)
grid_000504,36.5,35.5,0.0,7.943190150862414,AR,C,NF,,POINT (36.5 35.5)
grid_000505,40.5,37.5,0.0,139.67453662043883,AR,C,SS,,POINT (40.5 37.5)
grid_000506,40.5,38.5,0.0,36.04391481019101,AR,C,TF,,POINT (40.5 38.5)
grid_000507,37.5,37.5,0.0,22.084185031689607,AR,C,TF,,POINT (37.5 37.5)
grid_000508,37.5,38.5,0.0,73.37141729322649,AT,C,TF,,POINT (37.5 38.5)
grid_000509,39.5,36.5,0.0,208.27445829582138,AR,C,NF,,POINT (39.5 36.5)
grid_000510,38.5,36.5,0.0,166.92421845520983,AR,C,NF,,POINT (38.5 36.5)
grid_000511,38.5,37.5,0.0,67.90785973543078,AR,C,NF,,POINT (38.5 37.5)
grid_000512,39.5,37.5,0.0,106.32087002760773,AR,C,SS,,POINT (39.5 37.5)
grid_000513,39.5,38.5,0.0,3.2752055915205767,AR,C,SS,,POINT (39.5 38.5)
grid_000514,38.5,38.5,0.0,32.79648276111355,AT,C,NF,,POINT (38.5 38.5)
grid_000515,31.5,37.5,0.0,278.4463745739462,AT,C,NF,,POINT (31.5 37.5)
grid_000516,31.5,38.5,0.0,237.2264141881697,AT,C,NF,,POINT (31.5 38.5)
grid_000517,34.5,37.5,0.0,194.5288695159069,AT,C,NF,,POINT (34.5 37.5)
grid_000518,34.5,38.5,0.0,235.58701684716578,AT,C,NF,,POINT (34.5 38.5)
grid_000519,32.5,36.5,0.0,219.27338634566013,AT,C,NF,,POINT (32.5 36.5)
grid_000520,33.5,36.5,0.0,204.60545867854,AT,C,NF,,POINT (33.5 36.5)
grid_000521,33.5,37.5,0.0,277.1315933206926,AT,C,NF,,POINT (33.5 37.5)
grid_000522,32.5,37.5,0.0,319.0118436258908,AT,C,NF,,POINT (32.5 37.5)
grid_000523,32.5,38.5,0.0,257.3152107486353,AT,C,NF,,POINT (32.5 38.5)
grid_000524,33.5,38.5,0.0,276.8269747519974,AT,C,SS,,POINT (33.5 38.5)
grid_000525,35.5,38.5,0.0,166.75866744732207,AT,C,NF,,POINT (35.5 38.5)
grid_000526,36.5,38.5,0.0,122.56509234908565,AT,C,NF,,POINT (36.5 38.5)
grid_000527,36.5,37.5,0.0,28.428054464183997,AT,C,NF,,POINT (36.5 37.5)
grid_000528,35.5,37.5,0.0,112.52330693123615,AT,C,NF,,POINT (35.5 37.5)
grid_000529,34.5,36.5,0.0,145.76287617481984,AT,C,NF,,POINT (34.5 36.5)
grid_000530,37.5,36.5,0.0,96.69443976991906,AR,C,NF,,POINT (37.5 36.5)
grid_000531,35.5,36.5,0.0,82.75083161864258,AT,C,SS,,POINT (35.5 36.5)
grid_000532,36.5,36.5,0.0,6.3488609934111,AR,C,NF,,POINT (36.5 36.5)
grid_000533,25.5,46.5,0.0,444.9816477893026,EU,B,TF,,POINT (25.5 46.5)
grid_000534,24.5,46.5,0.0,444.9788582202033,EU,B,TF,,POINT (24.5 46.5)
grid_000535,24.5,45.5,0.0,556.1301759174836,EU,C,NF,,POINT (24.5 45.5)
grid_000536,23.5,45.5,0.0,556.1273863483972,EU,C,TF,,POINT (23.5 45.5)
grid_000537,26.5,43.5,0.0,307.5160423432727,EU,C,NF,,POINT (26.5 43.5)
grid_000538,26.5,44.5,0.0,416.846777979641,EU,C,NF,,POINT (26.5 44.5)
grid_000539,25.5,44.5,0.0,441.96166882884114,EU,C,TF,,POINT (25.5 44.5)
grid_000540,28.5,46.5,0.0,444.99001649667565,EU,C,NF,,POINT (28.5 46.5)
grid_000541,27.5,45.5,0.0,523.7249689202772,EU,C,NF,,POINT (27.5 45.5)
grid_000542,26.5,46.5,0.0,444.98443735841545,EU,B,NF,,POINT (26.5 46.5)
grid_000543,27.5,46.5,0.0,444.9872269275385,EU,B,NF,,POINT (27.5 46.5)
grid_000544,25.5,45.5,0.0,543.527233399405,EU,B,NF,,POINT (25.5 45.5)
grid_000545,26.5,45.5,0.0,526.9419580209589,EU,B,NF,,POINT (26.5 45.5)
grid_000546,32.5,44.5,0.0,395.0134373001689,EU,C,NF,,POINT (32.5 44.5)
grid_000547,31.5,46.5,0.0,444.99838520415824,EU,C,NF,,POINT (31.5 46.5)
grid_000548,30.5,46.5,0.0,444.9955956349857,EU,C,NF,,POINT (30.5 46.5)
grid_000549,31.5,45.5,0.0,520.5477185669291,EU,C,TF,,POINT (31.5 45.5)
grid_000551,32.5,45.5,0.0,504.0393997556933,EU,C,NF,,POINT (32.5 45.5)
grid_000552,30.5,40.5,0.0,17.28138093306502,AT,C,SS,,POINT (30.5 40.5)
grid_000553,29.5,40.5,0.0,24.92541998041228,AT,C,TF,,POINT (29.5 40.5)
grid_000554,30.5,42.5,0.0,197.6024312719701,EU,C,TF,,POINT (30.5 42.5)
grid_000555,31.5,42.5,0.0,196.33761324881664,EU,C,TF,,POINT (31.5 42.5)
grid_000556,27.5,42.5,0.0,191.09725015813956,EU,C,TF,,POINT (27.5 42.5)
grid_000557,28.5,42.5,0.0,204.50071924728937,EU,C,NF,,POINT (28.5 42.5)
grid_000558,29.5,42.5,0.0,196.0837400590369,EU,C,SS,,POINT (29.5 42.5)
grid_000559,28.5,41.5,0.0,93.79901713540107,EU,C,TF,,POINT (28.5 41.5)
grid_000560,30.5,41.5,0.0,90.17381389284245,EU,C,TF,,POINT (30.5 41.5)
grid_000561,29.5,41.5,0.0,85.57293570506343,EU,C,SS,,POINT (29.5 41.5)
grid_000562,32.5,43.5,0.0,285.98039406814735,EU,C,TF,,POINT (32.5 43.5)
grid_000563,31.5,43.5,0.0,304.3211073671049,EU,C,TF,,POINT (31.5 43.5)
grid_000564,31.5,44.5,0.0,412.2841424116787,EU,C,TF,,POINT (31.5 44.5)
grid_000565,30.5,43.5,0.0,306.15958690498496,EU,C,TF,,POINT (30.5 43.5)
grid_000566,27.5,44.5,0.0,412.70256391296715,EU,C,TF,,POINT (27.5 44.5)
grid_000567,28.5,43.5,0.0,315.2172090751956,EU,C,SS,,POINT (28.5 43.5)
grid_000568,27.5,43.5,0.0,301.78003517609676,EU,C,NF,,POINT (27.5 43.5)
grid_000570,28.5,45.5,0.0,536.9124856681669,EU,C,SS,,POINT (28.5 45.5)
grid_000571,30.5,45.5,0.0,527.205575831235,EU,C,TF,,POINT (30.5 45.5)
grid_000572,29.5,45.5,0.0,527.6901374251458,EU,C,NF,,POINT (29.5 45.5)
grid_000573,28.5,44.5,0.0,426.0747697915094,EU,C,TF,,POINT (28.5 44.5)
grid_000574,30.5,44.5,0.0,416.51372682594683,EU,C,TF,,POINT (30.5 44.5)
grid_000575,29.5,43.5,0.0,306.6069341295644,EU,C,TF,,POINT (29.5 43.5)
grid_000576,29.5,44.5,0.0,417.14243535498264,EU,C,TF,,POINT (29.5 44.5)
grid_000577,38.5,44.5,0.0,450.30673374385816,EU,C,TF,,POINT (38.5 44.5)
grid_000578,39.5,44.5,0.0,486.2969394811935,EU,C,TF,,POINT (39.5 44.5)
grid_000579,41.5,40.5,0.0,156.17174226429094,EU,C,NF,,POINT (41.5 40.5)
grid_000580,42.5,40.5,0.0,203.30521615381494,EU,C,NF,,POINT (42.5 40.5)
grid_000581,41.5,42.5,0.0,339.70183845477754,EU,C,TF,,POINT (41.5 42.5)
grid_000582,40.5,42.5,0.0,309.41582531540536,EU,C,TF,,POINT (40.5 42.5)
grid_000585,42.5,42.5,0.0,390.68492543130446,EU,C,TF,,POINT (42.5 42.5)
grid_000587,41.5,41.5,0.0,248.02660670471556,EU,C,NF,,POINT (41.5 41.5)
grid_000588,42.5,41.5,0.0,297.393325028412,EU,C,TF,,POINT (42.5 41.5)
grid_000589,39.5,43.5,0.0,383.6067884240414,EU,C,TF,,POINT (39.5 43.5)
grid_000590,40.5,43.5,0.0,412.4330967477671,EU,C,TF,,POINT (40.5 43.5)
grid_000591,40.5,44.5,0.0,520.0143875408351,EU,C,TF,,POINT (40.5 44.5)
grid_000592,41.5,43.5,0.0,442.5366334044203,EU,C,TF,,POINT (41.5 43.5)
grid_000596,41.5,44.5,0.0,549.2006106130244,EU,C,NF,,POINT (41.5 44.5)
grid_000597,42.5,43.5,0.0,482.45308917076983,EU,C,TF,,POINT (42.5 43.5)
grid_000599,33.5,43.5,0.0,268.922000237439,EU,C,TF,,POINT (33.5 43.5)
grid_000600,35.5,43.5,0.0,271.0374264622048,EU,C,TF,,POINT (35.5 43.5)
grid_000601,34.5,44.5,0.0,371.59339426760977,EU,C,NF,,POINT (34.5 44.5)
grid_000602,34.5,43.5,0.0,260.81482675237265,EU,C,TF,,POINT (34.5 43.5)
grid_000603,38.5,43.5,0.0,348.0409978262528,EU,C,TF,,POINT (38.5 43.5)
grid_000604,36.5,43.5,0.0,291.4178368363946,EU,C,TF,,POINT (36.5 43.5)
grid_000605,37.5,43.5,0.0,318.1329801460636,EU,C,TF,,POINT (37.5 43.5)
grid_000606,35.5,44.5,0.0,379.71799900084966,EU,C,TF,,POINT (35.5 44.5)
grid_000607,36.5,44.5,0.0,398.07984715408764,EU,C,TF,,POINT (36.5 44.5)
grid_000608,41.5,39.5,0.0,63.44138419777809,EU,C,SS,,POINT (41.5 39.5)
grid_000609,40.5,40.5,0.0,104.73090824045183,EU,C,NF,,POINT (40.5 40.5)
grid_000610,39.5,39.5,0.0,34.30884974422553,AT,C,SS,,POINT (39.5 39.5)
grid_000611,40.5,39.5,0.0,12.535312847205617,EU,C,SS,,POINT (40.5 39.5)
grid_000612,36.5,39.5,0.0,132.43188287087307,AT,C,SS,,POINT (36.5 39.5)
grid_000613,37.5,40.5,0.0,5.229254303959209,EU,C,NF,,POINT (37.5 40.5)
grid_000614,38.5,39.5,0.0,62.679677308036844,AT,C,TF,,POINT (38.5 39.5)
grid_000615,37.5,39.5,0.0,97.41667351940501,AT,C,SS,,POINT (37.5 39.5)
grid_000616,39.5,42.5,0.0,284.1954600293323,EU,C,TF,,POINT (39.5 42.5)
grid_000618,40.5,41.5,0.0,206.13088380383707,EU,C,NF,,POINT (40.5 41.5)
grid_000619,39.5,41.5,0.0,176.5819587998522,EU,C,NF,,POINT (39.5 41.5)
grid_000620,39.5,40.5,0.0,68.96659424394645,EU,C,SS,,POINT (39.5 40.5)
grid_000621,38.5,40.5,0.0,40.36905060508476,EU,C,SS,,POINT (38.5 40.5)
grid_000622,30.5,39.5,0.0,124.7624084810248,AT,C,NF,,POINT (30.5 39.5)
grid_000623,31.5,40.5,0.0,19.764188017293055,AT,C,SS,,POINT (31.5 40.5)
grid_000624,32.5,39.5,0.0,149.25629066019022,AT,C,NF,,POINT (32.5 39.5)
grid_000625,31.5,39.5,0.0,128.49065556821566,AT,C,NF,,POINT (31.5 39.5)
grid_000626,35.5,39.5,0.0,161.0817818288816,AT,C,NF,,POINT (35.5 39.5)
grid_000627,34.5,40.5,0.0,71.3840952237568,AT,C,TF,,POINT (34.5 40.5)
grid_000628,33.5,39.5,0.0,167.76482895879477,AT,C,NF,,POINT (33.5 39.5)
grid_000629,34.5,39.5,0.0,182.08665359416324,AT,C,NF,,POINT (34.5 39.5)
grid_000630,32.5,42.5,0.0,176.94071467945412,EU,C,TF,,POINT (32.5 42.5)
grid_000631,33.5,41.5,0.0,50.494501097266195,EU,C,TF,,POINT (33.5 41.5)
grid_000632,31.5,41.5,0.0,88.33431814336798,EU,C,NF,,POINT (31.5 41.5)
grid_000633,32.5,41.5,0.0,67.89482097498362,EU,C,TF,,POINT (32.5 41.5)
grid_000634,32.5,40.5,0.0,41.156887727998004,AT,C,SS,,POINT (32.5 40.5)
grid_000635,33.5,40.5,0.0,58.724862396094245,AT,C,NF,,POINT (33.5 40.5)
grid_000636,35.5,40.5,0.0,54.27562477317079,AT,C,SS,,POINT (35.5 40.5)
grid_000637,36.5,40.5,0.0,27.03249930303474,AT,C,SS,,POINT (36.5 40.5)
grid_000638,33.5,42.5,0.0,159.71024143702567,EU,C,TF,,POINT (33.5 42.5)
grid_000639,34.5,41.5,0.0,39.33366223355102,EU,C,SS,,POINT (34.5 41.5)
grid_000640,34.5,42.5,0.0,150.06663773539196,EU,C,TF,,POINT (34.5 42.5)
grid_000641,38.5,42.5,0.0,245.67822576898453,EU,C,SS,,POINT (38.5 42.5)
grid_000642,37.5,41.5,0.0,107.78399318972014,EU,C,SS,,POINT (37.5 41.5)
grid_000643,37.5,42.5,0.0,212.89873221793388,EU,C,TF,,POINT (37.5 42.5)
grid_000644,35.5,42.5,0.0,162.34577389633495,EU,C,TF,,POINT (35.5 42.5)
grid_000645,36.5,42.5,0.0,184.71848546948857,EU,C,TF,,POINT (36.5 42.5)
grid_000646,36.5,41.5,0.0,78.31358074881376,EU,C,TF,,POINT (36.5 41.5)
grid_000647,35.5,41.5,0.0,53.64353818380585,EU,C,TF,,POINT (35.5 41.5)
grid_000649,3.5,57.5,0.0,779.0117522401042,EU,C,TF,,POINT (3.5 57.5)
grid_000650,2.5,57.5,0.0,779.014541808938,EU,C,TF,,POINT (2.5 57.5)
grid_000651,6.5,56.5,0.0,667.6435196229027,EU,C,TF,,POINT (6.5 56.5)
grid_000652,6.5,57.5,0.0,779.0033835335292,EU,C,TF,,POINT (6.5 57.5)
grid_000653,5.5,57.5,0.0,779.006173102399,EU,C,TF,,POINT (5.5 57.5)
grid_000654,5.5,56.5,0.0,667.6463091917724,EU,C,TF,,POINT (5.5 56.5)
grid_000656,11.5,53.5,0.0,333.6592389088918,EU,C,TF,,POINT (11.5 53.5)
grid_000657,12.5,53.5,0.0,333.6564493399484,EU,B,SS,,POINT (12.5 53.5)
grid_000659,12.5,54.5,0.0,444.9614437032299,EU,C,NF,,POINT (12.5 54.5)
grid_000660,11.5,56.5,0.0,667.6295717783688,EU,B,TF,,POINT (11.5 56.5)
grid_000661,13.5,55.5,0.0,556.2821747141631,EU,C,TF,,POINT (13.5 55.5)
grid_000662,13.5,56.5,0.0,667.6239926404688,EU,B,SS,,POINT (13.5 56.5)
grid_000663,12.5,56.5,0.0,667.6267822094251,EU,B,TF,,POINT (12.5 56.5)
grid_000664,7.5,55.5,0.0,556.298912127714,EU,C,TF,,POINT (7.5 55.5)
grid_000667,10.5,56.5,0.0,667.6323613472981,EU,C,TF,,POINT (10.5 56.5)
grid_000669,12.5,55.5,0.0,556.2849642831185,EU,B,TF,,POINT (12.5 55.5)
grid_000670,10.5,55.5,0.0,556.290543420993,EU,C,NF,,POINT (10.5 55.5)
grid_000671,11.5,55.5,0.0,556.2877538520628,EU,C,SS,,POINT (11.5 55.5)
grid_000672,14.5,58.5,0.0,890.358703314055,EU,A,NF,,POINT (14.5 58.5)
grid_000673,12.5,58.5,0.0,890.3642824519777,EU,B,SS,,POINT (12.5 58.5)
grid_000674,13.5,58.5,0.0,890.3614928830219,EU,B,NF,,POINT (13.5 58.5)
grid_000675,13.5,57.5,0.0,778.9838565510958,EU,B,SS,,POINT (13.5 57.5)
grid_000676,11.5,57.5,0.0,778.9894356889946,EU,B,TF,,POINT (11.5 57.5)
grid_000677,11.5,58.5,0.0,890.367072020921,EU,B,NF,,POINT (11.5 58.5)
grid_000678,12.5,57.5,0.0,778.9866461200523,EU,B,NF,,POINT (12.5 57.5)
grid_000679,7.5,56.5,0.0,667.6407300540193,EU,C,TF,,POINT (7.5 56.5)
grid_000680,8.5,57.5,0.0,778.9978043957502,EU,C,TF,,POINT (8.5 57.5)
grid_000681,7.5,57.5,0.0,779.0005939646451,EU,C,TF,,POINT (7.5 57.5)
grid_000682,9.5,56.5,0.0,667.6351509162185,EU,C,TF,,POINT (9.5 56.5)
grid_000683,8.5,56.5,0.0,667.6379404851244,EU,C,TF,,POINT (8.5 56.5)
grid_000684,10.5,57.5,0.0,778.9922252579257,EU,B,NF,,POINT (10.5 57.5)
grid_000685,9.5,57.5,0.0,778.9950148268451,EU,C,TF,,POINT (9.5 57.5)
grid_000687,23.5,48.5,0.0,222.61490914231481,EU,C,TF,,POINT (23.5 48.5)
grid_000688,21.5,47.5,0.0,333.7996498094913,EU,C,TF,,POINT (21.5 47.5)
grid_000689,22.5,47.5,0.0,333.80243937855545,EU,C,NF,,POINT (22.5 47.5)
grid_000690,18.5,49.5,0.0,111.39122707754223,EU,C,TF,,POINT (18.5 49.5)
grid_000691,20.5,49.5,0.0,111.39680621560896,EU,C,NF,,POINT (20.5 49.5)
grid_000692,19.5,49.5,0.0,111.39401664656874,EU,C,TF,,POINT (19.5 49.5)
grid_000695,23.5,49.5,0.0,111.4051749228003,EU,C,TF,,POINT (23.5 49.5)
grid_000696,22.5,49.5,0.0,111.40238535372453,EU,C,NF,,POINT (22.5 49.5)
grid_000697,21.5,49.5,0.0,111.39959578466005,EU,C,TF,,POINT (21.5 49.5)
grid_000698,22.5,48.5,0.0,222.61211957323914,EU,C,NF,,POINT (22.5 48.5)
grid_000699,20.5,48.5,0.0,222.6065404351238,EU,C,NF,,POINT (20.5 48.5)
grid_000700,21.5,48.5,0.0,222.60933000417444,EU,C,NF,,POINT (21.5 48.5)
grid_000707,13.5,52.5,0.0,222.36739773999082,EU,B,SS,,POINT (13.5 52.5)
grid_000708,15.5,52.5,0.0,222.36181860204474,EU,C,NF,,POINT (15.5 52.5)
grid_000709,14.5,52.5,0.0,222.36460817102306,EU,B,TF,,POINT (14.5 52.5)
grid_000710,19.5,53.5,0.0,333.6369223570082,EU,C,TF,,POINT (19.5 53.5)
grid_000711,18.5,52.5,0.0,222.3534498950338,EU,C,TF,,POINT (18.5 52.5)
grid_000715,17.5,50.5,0.0,0.1593782862093486,EU,C,NF,,POINT (17.5 50.5)
grid_000716,18.5,51.5,0.0,111.08610332346696,EU,C,NF,,POINT (18.5 51.5)
grid_000717,17.5,51.5,0.0,111.0888928924824,EU,C,TF,,POINT (17.5 51.5)
grid_000718,16.5,51.5,0.0,111.09168246148539,EU,C,NF,,POINT (16.5 51.5)
grid_000719,15.5,51.5,0.0,111.09447203047708,EU,C,NF,,POINT (15.5 51.5)
grid_000720,16.5,52.5,0.0,222.3590290330527,EU,C,TF,,POINT (16.5 52.5)
grid_000721,17.5,52.5,0.0,222.35623946404874,EU,C,NF,,POINT (17.5 52.5)
grid_000722,20.5,53.5,0.0,333.63413278796855,EU,C,TF,,POINT (20.5 53.5)
grid_000725,19.5,52.5,0.0,222.35066032600588,EU,C,NF,,POINT (19.5 52.5)
grid_000726,20.5,52.5,0.0,222.34787075696642,EU,C,NF,,POINT (20.5 52.5)
grid_000727,18.5,50.5,0.0,0.1621678552256342,EU,B,NF,,POINT (18.5 50.5)
grid_000728,20.5,50.5,0.0,0.16774699329230502,EU,C,TF,,POINT (20.5 50.5)
grid_000729,19.5,51.5,0.0,111.08331375443942,EU,C,TF,,POINT (19.5 51.5)
grid_000730,19.5,50.5,0.0,0.16495742425269636,EU,C,NF,,POINT (19.5 50.5)
grid_000731,21.5,50.5,0.0,0.1705365623441065,EU,C,TF,,POINT (21.5 50.5)
grid_000735,20.5,51.5,0.0,111.08052418539808,EU,C,TF,,POINT (20.5 51.5)
grid_000738,20.5,54.5,0.0,444.9391271512501,EU,C,TF,,POINT (20.5 54.5)
grid_000739,21.5,54.5,0.0,444.936337582198,EU,C,TF,,POINT (21.5 54.5)
grid_000740,21.5,55.5,0.0,556.2598581620891,EU,C,TF,,POINT (21.5 55.5)
grid_000742,13.5,53.5,0.0,333.65365977099316,EU,B,TF,,POINT (13.5 53.5)
grid_000743,15.5,53.5,0.0,333.64808063304673,EU,B,NF,,POINT (15.5 53.5)
grid_000744,14.5,54.5,0.0,444.9558645653062,EU,C,TF,,POINT (14.5 54.5)
grid_000745,13.5,54.5,0.0,444.9586541342745,EU,C,SS,,POINT (13.5 54.5)
grid_000746,14.5,53.5,0.0,333.6508702020261,EU,B,TF,,POINT (14.5 53.5)
grid_000747,14.5,56.5,0.0,667.621203071503,EU,C,NF,,POINT (14.5 56.5)
grid_000748,14.5,55.5,0.0,556.2793851451972,EU,B,TF,,POINT (14.5 55.5)
grid_000749,15.5,56.5,0.0,667.618413502523,EU,C,TF,,POINT (15.5 56.5)
grid_000750,19.5,54.5,0.0,444.9419167202893,EU,C,TF,,POINT (19.5 54.5)
grid_000751,18.5,54.5,0.0,444.94470628931896,EU,C,TF,,POINT (18.5 54.5)
grid_000752,17.5,55.5,0.0,556.2710164382238,EU,C,TF,,POINT (17.5 55.5)
grid_000754,15.5,55.5,0.0,556.2765955762176,EU,C,TF,,POINT (15.5 55.5)
grid_000755,16.5,55.5,0.0,556.273806007228,EU,C,TF,,POINT (16.5 55.5)
grid_000758,14.5,57.5,0.0,778.9810669821294,EU,B,NF,,POINT (14.5 57.5)
grid_000759,17.5,58.5,0.0,890.350334607083,EU,B,NF,,POINT (17.5 58.5)
grid_000760,16.5,58.5,0.0,890.353124176085,EU,A,NF,,POINT (16.5 58.5)
grid_000761,15.5,58.5,0.0,890.3559137450765,EU,B,NF,,POINT (15.5 58.5)
grid_000765,15.5,57.5,0.0,778.97827741315,EU,A,NF,,POINT (15.5 57.5)
grid_000766,17.5,56.5,0.0,667.6128343645285,EU,C,TF,,POINT (17.5 56.5)
grid_000767,16.5,56.5,0.0,667.6156239335314,EU,C,TF,,POINT (16.5 56.5)
grid_000768,17.5,57.5,0.0,778.9726982751554,EU,B,TF,,POINT (17.5 57.5)
grid_000769,16.5,57.5,0.0,778.9754878441579,EU,B,TF,,POINT (16.5 57.5)
grid_000772,20.5,55.5,0.0,556.262647731141,EU,C,NF,,POINT (20.5 55.5)
grid_000773,18.5,55.5,0.0,556.268226869208,EU,C,TF,,POINT (18.5 55.5)
grid_000774,19.5,55.5,0.0,556.265437300179,EU,C,NF,,POINT (19.5 55.5)
grid_000779,18.5,57.5,0.0,778.9699087061397,EU,B,TF,,POINT (18.5 57.5)
grid_000782,22.5,46.5,0.0,444.97327908203863,EU,C,TF,,POINT (22.5 46.5)
grid_000783,23.5,46.5,0.0,444.97606865111544,EU,C,NF,,POINT (23.5 46.5)
grid_000785,23.5,47.5,0.0,333.80522894763067,EU,C,SS,,POINT (23.5 47.5)
grid_000793,24.5,48.5,0.0,222.61769871140413,EU,C,TF,,POINT (24.5 48.5)
grid_000802,-1.5,41.5,0.0,606.0689629729077,EU,C,NF,,POINT (-1.5 41.5)
grid_000803,-0.5,41.5,0.0,598.6475761747467,EU,C,SS,,POINT (-0.5 41.5)
grid_000804,-1.5,39.5,0.0,388.44474148863924,EU,C,NF,,POINT (-1.5 39.5)
grid_000805,-0.5,39.5,0.0,396.1096648071232,EU,C,NF,,POINT (-0.5 39.5)
grid_000806,-2.5,39.5,0.0,376.84202000673696,EU,C,SS,,POINT (-2.5 39.5)
grid_000807,-2.5,40.5,0.0,487.863622062922,EU,C,TF,,POINT (-2.5 40.5)
grid_000808,-3.5,40.5,0.0,494.5068402765847,EU,C,TF,,POINT (-3.5 40.5)
grid_000809,-3.5,39.5,0.0,385.589494269365,EU,C,TF,,POINT (-3.5 39.5)
grid_000810,-0.5,40.5,0.0,494.79582421499447,EU,C,NF,,POINT (-0.5 40.5)
grid_000811,-1.5,40.5,0.0,496.7546441332147,EU,C,TF,,POINT (-1.5 40.5)
grid_000812,-7.5,37.5,0.0,200.32002351193634,EU,C,SS,,POINT (-7.5 37.5)
grid_000813,-7.5,36.5,0.0,105.27016739266506,EU,C,TF,,POINT (-7.5 36.5)
grid_000814,-6.5,36.5,0.0,151.19161617127145,EU,C,TF,,POINT (-6.5 36.5)
grid_000815,-5.5,36.5,0.0,194.72960037877186,EU,C,TF,,POINT (-5.5 36.5)
grid_000816,-6.5,38.5,0.0,345.0168735455211,EU,C,NF,,POINT (-6.5 38.5)
grid_000817,-5.5,38.5,0.0,357.89400587838026,EU,C,NF,,POINT (-5.5 38.5)
grid_000818,-5.5,37.5,0.0,263.04823350345123,EU,C,TF,,POINT (-5.5 37.5)
grid_000819,-6.5,37.5,0.0,248.13239728359062,EU,C,NF,,POINT (-6.5 37.5)
grid_000820,-1.5,35.5,0.0,30.067439338767922,AF,C,NF,,POINT (-1.5 35.5)
grid_000821,-0.5,35.5,0.0,34.61775711906322,AF,C,NF,,POINT (-0.5 35.5)
grid_000822,-3.5,35.5,0.0,22.089562383261413,AF,C,NF,,POINT (-3.5 35.5)
grid_000823,-2.5,36.5,0.0,44.28459945824002,EU,C,TF,,POINT (-2.5 36.5)
grid_000824,-2.5,35.5,0.0,59.40951536631392,AF,C,NF,,POINT (-2.5 35.5)
grid_000825,-1.5,37.5,0.0,182.02161626604195,EU,C,TF,,POINT (-1.5 37.5)
grid_000826,-0.5,37.5,0.0,183.06388427652453,EU,C,TF,,POINT (-0.5 37.5)
grid_000827,-0.5,36.5,0.0,74.2273895928546,EU,C,SS,,POINT (-0.5 36.5)
grid_000828,-1.5,36.5,0.0,77.69540761144738,EU,C,NF,,POINT (-1.5 36.5)
grid_000829,-4.5,36.5,0.0,120.96282824947416,EU,C,TF,,POINT (-4.5 36.5)
grid_000830,-4.5,37.5,0.0,214.57833795667034,EU,C,TF,,POINT (-4.5 37.5)
grid_000831,-3.5,36.5,0.0,72.80833081845313,EU,C,TF,,POINT (-3.5 36.5)
grid_000832,-0.5,38.5,0.0,289.7863461981621,EU,C,NF,,POINT (-0.5 38.5)
grid_000833,-1.5,38.5,0.0,284.35049718869726,EU,C,SS,,POINT (-1.5 38.5)
grid_000834,-4.5,39.5,0.0,414.06746820431465,EU,C,TF,,POINT (-4.5 39.5)
grid_000835,-3.5,38.5,0.0,279.9038262606194,EU,C,SS,,POINT (-3.5 38.5)
grid_000836,-4.5,38.5,0.0,312.1211354228609,EU,C,TF,,POINT (-4.5 38.5)
grid_000837,-2.5,38.5,0.0,265.8504354841741,EU,C,TF,,POINT (-2.5 38.5)
grid_000838,-2.5,37.5,0.0,154.91207254651658,EU,C,SS,,POINT (-2.5 37.5)
grid_000839,-3.5,37.5,0.0,173.30301171502487,EU,C,TF,,POINT (-3.5 37.5)
grid_000840,-9.5,36.5,0.0,8.905002320632876,EU,C,SS,,POINT (-9.5 36.5)
grid_000841,-10.5,35.5,0.0,77.43610805824677,AF,C,TF,,POINT (-10.5 35.5)
grid_000842,-9.5,35.5,0.0,87.02747371981671,AF,C,SS,,POINT (-9.5 35.5)
grid_000843,-8.5,36.5,0.0,56.616758019157125,EU,C,TF,,POINT (-8.5 36.5)
grid_000844,-8.5,35.5,0.0,38.75037646185378,AF,C,SS,,POINT (-8.5 35.5)
grid_000845,-5.5,35.5,0.0,94.60970757128158,EU,C,TF,,POINT (-5.5 35.5)
grid_000846,-6.5,35.5,0.0,53.208348544079655,EU,C,TF,,POINT (-6.5 35.5)
grid_000847,-7.5,35.5,0.0,8.02629698922362,EU,C,TF,,POINT (-7.5 35.5)
grid_000848,-4.5,35.5,0.0,67.58203550644659,EU,C,NF,,POINT (-4.5 35.5)
grid_000851,-5.5,55.5,0.0,556.3351765222453,EU,C,TF,,POINT (-5.5 55.5)
grid_000852,-3.5,55.5,0.0,556.3295973847572,EU,C,NF,,POINT (-3.5 55.5)
grid_000853,-4.5,55.5,0.0,556.3323869535077,EU,C,SS,,POINT (-4.5 55.5)
grid_000854,-3.5,56.5,0.0,667.6714153110629,EU,C,TF,,POINT (-3.5 56.5)
grid_000855,-4.5,56.5,0.0,667.674204879814,EU,C,SS,,POINT (-4.5 56.5)
grid_000856,-0.5,54.5,0.0,444.99770809854573,EU,C,TF,,POINT (-0.5 54.5)
grid_000857,-0.5,55.5,0.0,556.3212286784365,EU,C,TF,,POINT (-0.5 55.5)
grid_000858,-1.5,55.5,0.0,556.3240182472208,EU,C,TF,,POINT (-1.5 55.5)
grid_000859,-2.5,55.5,0.0,556.3268078159956,EU,C,NF,,POINT (-2.5 55.5)
grid_000861,-2.5,56.5,0.0,667.6686257423017,EU,C,SS,,POINT (-2.5 56.5)
grid_000862,-0.5,50.5,0.0,0.10916604599672067,EU,C,NF,,POINT (-0.5 50.5)
grid_000863,-0.5,51.5,0.0,111.1391051326959,EU,C,NF,,POINT (-0.5 51.5)
grid_000864,-1.5,51.5,0.0,111.14189470148177,EU,C,TF,,POINT (-1.5 51.5)
grid_000865,-4.5,52.5,0.0,222.41760997933233,EU,C,NF,,POINT (-4.5 52.5)
grid_000866,-3.5,52.5,0.0,222.4148204105832,EU,C,NF,,POINT (-3.5 52.5)
grid_000867,-3.5,51.5,0.0,111.14747383901624,EU,C,TF,,POINT (-3.5 51.5)
grid_000868,-4.5,51.5,0.0,111.15026340776593,EU,C,TF,,POINT (-4.5 51.5)
grid_000869,-0.5,53.5,0.0,333.69271373526385,EU,C,NF,,POINT (-0.5 53.5)
grid_000870,-0.5,52.5,0.0,222.40645170426401,EU,C,NF,,POINT (-0.5 52.5)
grid_000871,-1.5,53.5,0.0,333.6955033040503,EU,C,NF,,POINT (-1.5 53.5)
grid_000872,-2.5,52.5,0.0,222.412030841822,EU,C,NF,,POINT (-2.5 52.5)
grid_000873,-1.5,52.5,0.0,222.40924127304754,EU,C,TF,,POINT (-1.5 52.5)
grid_000874,-2.5,51.5,0.0,111.14468427025557,EU,C,NF,,POINT (-2.5 51.5)
grid_000877,-6.5,52.5,0.0,222.4231891167963,EU,C,TF,,POINT (-6.5 52.5)
grid_000878,-6.5,53.5,0.0,333.7094511477977,EU,C,NF,,POINT (-6.5 53.5)
grid_000886,-5.5,52.5,0.0,222.42039954807169,EU,C,NF,,POINT (-5.5 52.5)
grid_000887,-5.5,53.5,0.0,333.7066615790733,EU,C,NF,,POINT (-5.5 53.5)
grid_000888,-6.5,55.5,0.0,556.337966090971,EU,C,TF,,POINT (-6.5 55.5)
grid_000889,-5.5,54.5,0.0,445.0116559423563,EU,C,NF,,POINT (-5.5 54.5)
grid_000890,-6.5,54.5,0.0,445.0144455110814,EU,C,NF,,POINT (-6.5 54.5)
grid_000891,-1.5,54.5,0.0,445.00049766733326,EU,A,NF,,POINT (-1.5 54.5)
grid_000892,-2.5,54.5,0.0,445.00328723610687,EU,C,NF,,POINT (-2.5 54.5)
grid_000893,-2.5,53.5,0.0,333.6982928728241,EU,C,NF,,POINT (-2.5 53.5)
grid_000894,-4.5,54.5,0.0,445.00886637361833,EU,C,SS,,POINT (-4.5 54.5)
grid_000895,-3.5,54.5,0.0,445.0060768048684,EU,C,TF,,POINT (-3.5 54.5)
grid_000896,-4.5,53.5,0.0,333.7038720103355,EU,C,NF,,POINT (-4.5 53.5)
grid_000897,-3.5,53.5,0.0,333.7010824415862,EU,C,TF,,POINT (-3.5 53.5)
grid_000898,-1.5,43.5,0.0,778.3016679525325,EU,C,TF,,POINT (-1.5 43.5)
grid_000899,-0.5,43.5,0.0,778.3044575213186,EU,C,NF,,POINT (-0.5 43.5)
grid_000900,-1.5,45.5,0.0,556.0576471251228,EU,C,TF,,POINT (-1.5 45.5)
grid_000901,-0.5,45.5,0.0,556.0604366939081,EU,C,TF,,POINT (-0.5 45.5)
grid_000903,-3.5,43.5,0.0,778.2960888149969,EU,C,NF,,POINT (-3.5 43.5)
grid_000905,-2.5,43.5,0.0,778.2988783837601,EU,C,NF,,POINT (-2.5 43.5)
grid_000906,-0.5,44.5,0.0,667.1922142941728,EU,C,TF,,POINT (-0.5 44.5)
grid_000907,-1.5,44.5,0.0,667.1894247253873,EU,C,TF,,POINT (-1.5 44.5)
grid_000908,-8.5,44.5,0.0,667.1698977442242,EU,C,TF,,POINT (-8.5 44.5)
grid_000913,-7.5,44.5,0.0,667.1726873129255,EU,C,NF,,POINT (-7.5 44.5)
grid_000914,-6.5,44.5,0.0,667.1754768816387,EU,C,SS,,POINT (-6.5 44.5)
grid_000919,-3.5,47.5,0.0,333.7299105868231,EU,C,TF,,POINT (-3.5 47.5)
grid_000920,-3.5,48.5,0.0,222.53959078150643,EU,C,TF,,POINT (-3.5 48.5)
grid_000921,-1.5,47.5,0.0,333.73548972435856,EU,C,NF,,POINT (-1.5 47.5)
grid_000922,-0.5,47.5,0.0,333.73827929314416,EU,C,TF,,POINT (-0.5 47.5)
grid_000923,-2.5,47.5,0.0,333.73270015558404,EU,C,TF,,POINT (-2.5 47.5)
grid_000924,-2.5,48.5,0.0,222.54238035026694,EU,C,NF,,POINT (-2.5 48.5)
grid_000925,-1.5,48.5,0.0,222.54516991903995,EU,C,NF,,POINT (-1.5 48.5)
grid_000927,-4.5,47.5,0.0,333.7271210180721,EU,C,SS,,POINT (-4.5 47.5)
grid_000930,-0.5,46.5,0.0,444.90911899662757,EU,C,TF,,POINT (-0.5 46.5)
grid_000931,-2.5,45.5,0.0,556.0548575563486,EU,C,TF,,POINT (-2.5 45.5)
grid_000932,-2.5,46.5,0.0,444.903539859068,EU,C,SS,,POINT (-2.5 46.5)
grid_000933,-1.5,46.5,0.0,444.90632942784254,EU,C,TF,,POINT (-1.5 46.5)
grid_000940,-2.5,50.5,0.0,0.10358690843620239,EU,C,TF,,POINT (-2.5 50.5)
grid_000942,-5.5,51.5,0.0,111.15305297650428,EU,C,TF,,POINT (-5.5 51.5)
grid_000943,-5.5,50.5,0.0,0.09521820218765592,EU,C,TF,,POINT (-5.5 50.5)
grid_000944,-4.5,50.5,0.0,0.09800777092546327,EU,C,TF,,POINT (-4.5 50.5)
grid_000946,-5.5,49.5,0.0,111.32427742450457,EU,C,TF,,POINT (-5.5 49.5)
grid_000947,-4.5,48.5,0.0,222.53680121275684,EU,C,TF,,POINT (-4.5 48.5)
grid_000948,-4.5,49.5,0.0,111.32706699324281,EU,C,TF,,POINT (-4.5 49.5)
grid_000949,-3.5,49.5,0.0,111.32985656199186,EU,C,TF,,POINT (-3.5 49.5)
grid_000950,-3.5,50.5,0.0,0.1007973396733286,EU,C,NF,,POINT (-3.5 50.5)
grid_000957,-6.5,50.5,0.0,0.09242863346167203,EU,C,TF,,POINT (-6.5 50.5)
grid_000960,-6.5,49.5,0.0,111.32148785577935,EU,C,TF,,POINT (-6.5 49.5)
grid_000962,-0.5,42.5,0.0,704.6022288073664,EU,C,TF,,POINT (-0.5 42.5)
grid_000963,-2.5,41.5,0.0,598.9093233660178,EU,C,TF,,POINT (-2.5 41.5)
grid_000964,-2.5,42.5,0.0,709.9769610266692,EU,C,NF,,POINT (-2.5 42.5)
grid_000965,-1.5,42.5,0.0,715.9368225690852,EU,C,NF,,POINT (-1.5 42.5)
grid_000966,-4.5,43.5,0.0,778.2932992462486,EU,C,NF,,POINT (-4.5 43.5)
grid_000967,-4.5,42.5,0.0,731.0221943454338,EU,C,TF,,POINT (-4.5 42.5)
grid_000968,-4.5,40.5,0.0,516.9289659871326,EU,C,TF,,POINT (-4.5 40.5)
grid_000969,-4.5,41.5,0.0,624.3019108884433,EU,C,NF,,POINT (-4.5 41.5)
grid_000970,-3.5,41.5,0.0,604.2547183855363,EU,C,SS,,POINT (-3.5 41.5)
grid_000971,-3.5,42.5,0.0,714.4246180091186,EU,C,TF,,POINT (-3.5 42.5)
grid_000972,-9.5,37.5,0.0,103.83844972357677,EU,C,TF,,POINT (-9.5 37.5)
grid_000973,-8.5,37.5,0.0,152.3691244683178,EU,C,NF,,POINT (-8.5 37.5)
grid_000974,-9.5,38.5,0.0,209.4516952496412,EU,C,NF,,POINT (-9.5 38.5)
grid_000975,-8.5,38.5,0.0,247.39675663392015,EU,C,NF,,POINT (-8.5 38.5)
grid_000976,-9.5,40.5,0.0,429.2373001115852,EU,C,TF,,POINT (-9.5 40.5)
grid_000977,-8.5,40.5,0.0,446.1655718943384,EU,C,NF,,POINT (-8.5 40.5)
grid_000978,-9.5,39.5,0.0,318.9434160639943,EU,C,NF,,POINT (-9.5 39.5)
grid_000979,-5.5,39.5,0.0,450.1545086598128,EU,C,NF,,POINT (-5.5 39.5)
grid_000980,-6.5,39.5,0.0,438.53780647757003,EU,C,TF,,POINT (-6.5 39.5)
grid_000981,-7.5,39.5,0.0,390.9548423532817,EU,C,TF,,POINT (-7.5 39.5)
grid_000982,-7.5,38.5,0.0,295.2686414797474,EU,C,TF,,POINT (-7.5 38.5)
grid_000983,-8.5,39.5,0.0,341.9020548973802,EU,C,NF,,POINT (-8.5 39.5)
grid_000985,-9.5,43.5,0.0,761.5263799011933,EU,C,NF,,POINT (-9.5 43.5)
grid_000986,-10.5,43.5,0.0,761.7467090000515,EU,C,TF,,POINT (-10.5 43.5)
grid_000987,-9.5,44.5,0.0,667.1671081755329,EU,C,SS,,POINT (-9.5 44.5)
grid_000988,-9.5,41.5,0.0,539.8538461138066,EU,C,NF,,POINT (-9.5 41.5)
grid_000989,-8.5,42.5,0.0,661.5999575732683,EU,C,NF,,POINT (-8.5 42.5)
grid_000990,-9.5,42.5,0.0,650.6384722123893,EU,C,TF,,POINT (-9.5 42.5)
grid_000991,-6.5,43.5,0.0,778.2877201087845,EU,C,NF,,POINT (-6.5 43.5)
grid_000992,-7.5,42.5,0.0,683.2435688347166,EU,C,TF,,POINT (-7.5 42.5)
grid_000993,-7.5,43.5,0.0,778.2849305400703,EU,C,TF,,POINT (-7.5 43.5)
grid_000994,-8.5,43.5,0.0,770.7685804831011,EU,C,NF,,POINT (-8.5 43.5)
grid_000995,-8.5,41.5,0.0,553.2136559808753,EU,C,TF,,POINT (-8.5 41.5)
grid_000996,-5.5,43.5,0.0,778.2905096775104,EU,C,NF,,POINT (-5.5 43.5)
grid_000997,-5.5,42.5,0.0,754.1189061527015,EU,C,NF,,POINT (-5.5 42.5)
grid_000998,-6.5,42.5,0.0,721.692070580322,EU,C,NF,,POINT (-6.5 42.5)
grid_000999,-5.5,41.5,0.0,654.2923259612203,EU,C,NF,,POINT (-5.5 41.5)
grid_001000,-6.5,40.5,0.0,533.0479028353179,EU,C,TF,,POINT (-6.5 40.5)
grid_001001,-5.5,40.5,0.0,550.2390506123417,EU,C,TF,,POINT (-5.5 40.5)
grid_001003,-7.5,41.5,0.0,579.3064885561386,EU,C,TF,,POINT (-7.5 41.5)
grid_001004,-6.5,41.5,0.0,628.6864366936366,EU,C,TF,,POINT (-6.5 41.5)
grid_001005,-10.5,36.5,0.0,13.717321438045564,EU,C,TF,,POINT (-10.5 36.5)
grid_001006,-10.5,37.5,0.0,105.5520555199005,EU,C,TF,,POINT (-10.5 37.5)
grid_001007,-10.5,40.5,0.0,429.6462006018914,EU,C,TF,,POINT (-10.5 40.5)
grid_001008,-10.5,39.5,0.0,319.5013939149939,EU,C,SS,,POINT (-10.5 39.5)
grid_001009,-10.5,38.5,0.0,210.31218476276382,EU,C,TF,,POINT (-10.5 38.5)
grid_001010,-10.5,41.5,0.0,540.1742838682279,EU,C,NF,,POINT (-10.5 41.5)
grid_001011,-10.5,42.5,0.0,650.9003849962203,EU,C,SS,,POINT (-10.5 42.5)
grid_001012,-6.5,56.5,0.0,667.6797840172757,EU,C,TF,,POINT (-6.5 56.5)
grid_001013,-5.5,56.5,0.0,667.6769944485501,EU,C,TF,,POINT (-5.5 56.5)
grid_001014,-7.5,55.5,0.0,556.3407556596835,EU,C,TF,,POINT (-7.5 55.5)
