ID,LON,LAT,geometry,PLATE,REGIME,DIST,QUALITY,AZI,AZI_PRED,AZI_ERROR
wsm02413,13.42,43.72,POINT (13.42 43.72),EU,SS,542.0,A,84.99999,107.92732,22.92733
wsm02482,12.57,43.27,POINT (12.57 43.27),EU,NF,477.0,B,117.0,136.88338,19.883377
wsm102226,12.99,43.61,POINT (12.99 43.61),EU,SS,521.0,C,169.0,165.5168,3.4832
wsm103605,14.74,44.91,POINT (14.74 44.91),EU,SS,684.0,C,179.0,175.02834,3.9716644
wsm108318,11.29,44.01,POINT (11.29 44.01),EU,NF,549.0,C,120.0,130.31644,10.316437
wsm108320,11.36,44.01,POINT (11.36 44.01),EU,NF,549.0,C,154.0,149.06604,4.93396
wsm108321,11.22,44.06,POINT (11.22 44.06),EU,NF,555.0,C,129.0,130.28801,1.2880096
wsm108552,15.85,42.07,POINT (15.85 42.07),EU,TS,368.0,C,124.0,135.85919,11.859192
wsm112192,10.3,44.51,POINT (10.3 44.51),EU,TF,609.0,C,20.0,9.708793,10.291207
wsm112201,10.23,44.5,POINT (10.23 44.5),EU,TF,609.0,C,24.999998,7.793893,17.206104
wsm113370,13.35,42.36,POINT (13.35 42.36),EU,NF,397.0,C,151.0,144.7537,6.2463074
wsm113458,12.01,44.24,POINT (12.01 44.24),EU,TF,577.0,C,12.0,15.196682,3.196682
wsm113459,13.37,42.33,POINT (13.37 42.33),EU,NF,394.0,C,173.0,147.59634,25.403656
wsm113466,13.35,42.29,POINT (13.35 42.29),EU,NF,389.0,C,134.0,141.31108,7.311081
wsm113469,13.34,42.37,POINT (13.34 42.37),EU,NF,397.0,C,147.0,144.19157,2.808426
wsm113471,13.39,42.34,POINT (13.39 42.34),EU,NF,396.0,C,153.0,145.93082,7.0691833
wsm113472,13.37,42.35,POINT (13.37 42.35),EU,NF,396.0,C,139.0,141.88261,2.8826141
wsm113477,13.33,42.36,POINT (13.33 42.36),EU,NF,396.0,C,165.0,148.77577,16.224228
wsm113483,13.27,42.47,POINT (13.27 42.47),EU,NF,406.0,C,146.0,146.20909,0.20909119
wsm113492,13.39,42.34,POINT (13.39 42.34),EU,NF,396.0,C,143.0,143.49069,0.49069214
wsm113502,13.39,42.31,POINT (13.39 42.31),EU,NS,393.0,C,133.0,141.11276,8.112762
wsm113506,13.38,42.38,POINT (13.38 42.38),EU,NF,400.0,C,120.0,127.82539,7.8253937
wsm113525,13.36,42.51,POINT (13.36 42.51),EU,NF,412.0,C,140.0,145.14456,5.144562
wsm113529,13.3,42.48,POINT (13.3 42.48),EU,NF,408.0,C,143.0,144.96399,1.9639893
wsm113531,13.44,42.34,POINT (13.44 42.34),EU,SS,397.0,C,108.0,127.884674,19.884674
wsm113535,13.42,42.45,POINT (13.42 42.45),EU,NS,408.0,C,159.0,139.72446,19.275543
wsm113540,13.19,42.37,POINT (13.19 42.37),EU,NF,393.0,C,134.0,139.39693,5.396927
wsm113545,13.24,42.49,POINT (13.24 42.49),EU,NF,407.0,C,133.0,143.00018,10.000183
wsm113549,13.42,42.47,POINT (13.42 42.47),EU,NF,410.0,C,111.00001,124.47605,13.476044
wsm113586,13.21,42.52,POINT (13.21 42.52),EU,NF,409.0,C,138.0,143.9763,5.976303
wsm113597,13.29,42.53,POINT (13.29 42.53),EU,NF,413.0,C,146.0,146.40149,0.40148926
wsm113627,13.31,42.51,POINT (13.31 42.51),EU,NF,411.0,C,144.0,146.06107,2.0610657
wsm113754,13.49,42.25,POINT (13.49 42.25),EU,NF,389.0,C,145.0,142.49902,2.5009766
wsm113759,13.48,42.23,POINT (13.48 42.23),EU,NF,386.0,C,153.0,141.3559,11.644104
wsm114500,13.36,42.45,POINT (13.36 42.45),EU,NF,406.0,C,134.0,141.87212,7.872116
wsm114745,13.38,42.34,POINT (13.38 42.34),EU,NF,395.0,C,151.0,145.19138,5.8086243
wsm115656,13.41,43.47,POINT (13.41 43.47),EU,SS,515.0,C,154.0,149.90419,4.09581
wsm117151,13.38,43.11,POINT (13.38 43.11),EU,NS,476.0,C,97.0,110.35767,13.357674
wsm118506,12.44,43.56,POINT (12.44 43.56),EU,NF,507.0,C,113.0,132.11896,19.118958
wsm120224,12.61,42.81,POINT (12.61 42.81),EU,NF,428.0,C,176.0,166.39867,9.601334
wsm120299,12.11,44.36,POINT (12.11 44.36),EU,TF,591.0,C,86.0,96.13165,10.131653
wsm120877,12.37,44.14,POINT (12.37 44.14),EU,SS,570.0,C,148.0,150.54504,2.545044
wsm128220,12.03,43.86,POINT (12.03 43.86),EU,NF,535.0,C,115.0,134.27217,19.272171
wsm129876,11.86,43.92,POINT (11.86 43.92),EU,NF,541.0,C,123.0,131.51212,8.5121155
wsm129877,11.85,43.92,POINT (11.85 43.92),EU,NF,540.0,C,119.0,130.8411,11.841095
wsm129896,11.86,43.93,POINT (11.86 43.93),EU,NF,542.0,C,122.0,130.90489,8.904892
wsm134393,10.36,44.82,POINT (10.36 44.82),EU,NF,643.0,C,93.00001,110.91402,17.91401
wsm135516,13.2,42.81,POINT (13.2 42.81),EU,NF,440.0,C,124.0,134.03897,10.038971
wsm136940,11.26,44.9,POINT (11.26 44.9),EU,TF,648.0,C,10.999999,10.835952,0.16404724
wsm136948,11.44,44.89,POINT (11.44 44.89),EU,TF,647.0,C,19.0,14.543284,4.4567156
wsm136951,11.32,44.95,POINT (11.32 44.95),EU,TF,654.0,C,35.0,11.069136,23.930864
wsm136970,11.49,44.81,POINT (11.49 44.81),EU,TF,638.0,C,27.0,12.576352,14.423648
wsm137168,11.15,44.92,POINT (11.15 44.92),EU,TF,650.0,C,13.999999,10.158269,3.84173
wsm137172,11.02,44.9,POINT (11.02 44.9),EU,TF,649.0,C,17.0,7.9950824,9.004917
wsm137173,10.95,44.84,POINT (10.95 44.84),EU,TF,642.0,C,16.0,5.463315,10.536685
wsm137318,12.23,44.41,POINT (12.23 44.41),EU,TF,598.0,C,161.0,161.53903,0.539032
wsm141788,10.49,44.17,POINT (10.49 44.17),EU,SS,570.0,C,110.0,130.31882,20.318817
wsm143580,12.3,43.45,POINT (12.3 43.45),EU,NF,493.0,C,118.0,132.30112,14.301117
wsm144225,13.86,43.53,POINT (13.86 43.53),EU,TF,533.0,C,50.999996,37.33222,13.667778
wsm144249,11.05,44.28,POINT (11.05 44.28),EU,TF,580.0,C,165.0,167.54652,2.546524
wsm144308,10.71,44.42,POINT (10.71 44.42),EU,TF,596.0,C,18.0,7.9189005,10.0810995
wsm144331,10.17,44.1,POINT (10.17 44.1),EU,NF,565.0,C,99.00001,115.93272,16.932709
wsm144334,10.15,44.16,POINT (10.15 44.16),EU,NF,572.0,C,120.0,123.63096,3.6309586
wsm144335,10.13,44.18,POINT (10.13 44.18),EU,NF,575.0,C,123.0,123.92471,0.92471313
wsm144336,10.15,44.16,POINT (10.15 44.16),EU,NS,572.0,C,83.0,101.35134,18.351341
wsm144338,10.15,44.16,POINT (10.15 44.16),EU,NF,572.0,C,96.0,113.40717,17.407173
wsm144358,10.17,44.16,POINT (10.17 44.16),EU,NS,572.0,C,65.0,104.49069,39.490692
wsm144360,10.18,44.19,POINT (10.18 44.19),EU,NF,575.0,C,106.0,120.21974,14.219742
wsm144441,10.05,44.08,POINT (10.05 44.08),EU,NF,565.0,C,101.0,118.976166,17.976166
wsm144445,10.19,44.18,POINT (10.19 44.18),EU,NF,574.0,C,77.0,96.177986,19.177986
wsm144575,10.17,44.15,POINT (10.17 44.15),EU,NF,571.0,C,82.0,99.68138,17.681381
wsm144623,12.03,43.81,POINT (12.03 43.81),EU,NF,530.0,C,152.0,146.45155,5.5484467
wsm144794,13.68,43.48,POINT (13.68 43.48),EU,TF,523.0,C,39.0,32.588097,6.4119034
wsm144796,13.82,43.46,POINT (13.82 43.46),EU,TF,525.0,C,28.999998,19.454489,9.545509
wsm145208,10.19,44.18,POINT (10.19 44.18),EU,NF,574.0,C,75.0,95.52455,20.524551
wsm145326,13.76,43.53,POINT (13.76 43.53),EU,TF,530.0,C,51.999996,37.39208,14.607918
wsm145398,12.54,43.37,POINT (12.54 43.37),EU,NF,488.0,C,140.0,139.20874,0.79125977
wsm146263,10.26,43.68,POINT (10.26 43.68),EU,NS,518.0,C,144.0,144.2147,0.21470642
wsm146918,13.21,42.63,POINT (13.21 42.63),EU,NF,421.0,C,159.0,151.5072,7.492798
wsm147046,13.48,42.46,POINT (13.48 42.46),EU,SS,411.0,C,135.0,139.45868,4.458679
wsm147202,12.53,43.37,POINT (12.53 43.37),EU,NF,488.0,C,150.0,145.52452,4.475479
wsm147253,12.52,43.38,POINT (12.52 43.38),EU,NF,489.0,C,165.0,150.29048,14.709518
wsm147318,12.52,43.39,POINT (12.52 43.39),EU,NF,490.0,C,130.0,135.13031,5.13031
wsm147359,14.51,41.33,POINT (14.51 41.33),EU,NF,285.0,C,141.0,138.82442,2.175583
wsm147361,14.44,41.38,POINT (14.44 41.38),EU,NF,291.0,C,131.0,132.72696,1.7269592
wsm147489,12.51,43.37,POINT (12.51 43.37),EU,NF,487.0,C,162.0,150.44048,11.559525
wsm147672,14.36,41.51,POINT (14.36 41.51),EU,NF,306.0,C,115.0,128.78374,13.783737
wsm147673,14.45,41.36,POINT (14.45 41.36),EU,NF,289.0,C,157.0,144.64613,12.353867
wsm147707,15.14,40.44,POINT (15.14 40.44),EU,NS,194.0,C,10.999999,7.9180055,3.0819936
wsm147708,15.15,40.44,POINT (15.15 40.44),EU,TF,194.0,C,12.0,5.6381803,6.3618197
wsm148142,13.84,41.72,POINT (13.84 41.72),EU,NF,334.0,C,100.0,110.24772,10.247719
wsm148674,12.54,43.37,POINT (12.54 43.37),EU,NF,488.0,C,134.0,136.84933,2.8493347
wsm149581,12.53,43.35,POINT (12.53 43.35),EU,NF,485.0,C,155.0,147.24829,7.751709
wsm149753,13.06,44.05,POINT (13.06 44.05),EU,TF,570.0,C,39.0,21.809986,17.190014
wsm150605,12.4,43.44,POINT (12.4 43.44),EU,NF,493.0,C,125.0,132.8614,7.8614044
wsm150623,12.55,42.67,POINT (12.55 42.67),EU,NF,411.0,C,102.0,118.05524,16.055237
wsm151018,15.5,40.72,POINT (15.5 40.72),EU,NF,233.0,C,149.0,139.97934,9.02066
wsm151634,13.84,43.51,POINT (13.84 43.51),EU,SS,530.0,C,10.999999,7.0510435,3.9489555
wsm151637,11.04,43.54,POINT (11.04 43.54),EU,SS,497.0,C,119.0,133.36957,14.369568
wsm151643,13.82,43.5,POINT (13.82 43.5),EU,SS,529.0,C,10.0,6.8972,3.1028
wsm152163,10.66,44.11,POINT (10.66 44.11),EU,NF,562.0,C,174.0,167.70334,6.2966614
wsm152844,11.92,43.76,POINT (11.92 43.76),EU,SS,523.0,C,132.0,137.98502,5.985016
wsm154040,11.13,43.66,POINT (11.13 43.66),EU,NS,510.0,C,123.0,133.81702,10.817017
wsm154081,12.14,43.54,POINT (12.14 43.54),EU,NF,501.0,C,138.0,136.12909,1.8709106
wsm154123,14.91,41.65,POINT (14.91 41.65),EU,TF,323.0,C,152.0,141.11731,10.88269
wsm154634,11.14,44.13,POINT (11.14 44.13),EU,NF,563.0,C,122.0,131.37848,9.378479
wsm155077,11.41,44.17,POINT (11.41 44.17),EU,NF,567.0,C,131.0,134.63618,3.6361847
wsm155300,13.53,41.85,POINT (13.53 41.85),EU,NF,347.0,C,133.0,139.56206,6.5620575
wsm155963,13.29,42.88,POINT (13.29 42.88),EU,SS,449.0,C,167.0,159.95084,7.049164
wsm156086,15.34,41.78,POINT (15.34 41.78),EU,TS,343.0,C,145.0,143.4751,1.5249023
wsm156847,14.3,42.92,POINT (14.3 42.92),EU,TF,462.0,C,70.0,57.334972,12.665028
wsm157455,12.28,43.53,POINT (12.28 43.53),EU,SS,501.0,C,135.0,133.83281,1.1671906
wsm157518,15.52,42.09,POINT (15.52 42.09),EU,TF,379.0,C,155.0,160.22656,5.2265625
wsm157769,10.89,44.16,POINT (10.89 44.16),EU,SS,567.0,C,123.0,132.57953,9.579529
wsm158346,11.94,44.26,POINT (11.94 44.26),EU,TF,579.0,C,39.0,25.05392,13.946079
wsm158754,11.26,43.59,POINT (11.26 43.59),EU,SS,502.0,C,129.0,135.3211,6.321106
wsm158934,12.32,43.63,POINT (12.32 43.63),EU,NF,513.0,C,128.0,132.00621,4.0062103
wsm158966,12.34,43.63,POINT (12.34 43.63),EU,NF,513.0,C,127.0,131.93588,4.9358826
wsm160651,15.21,42.43,POINT (15.21 42.43),EU,TF,412.0,C,114.0,131.407,17.406998
wsm160654,15.08,42.34,POINT (15.08 42.34),EU,TF,400.0,C,119.0,130.09886,11.098862
wsm160659,15.22,42.34,POINT (15.22 42.34),EU,TF,402.0,C,115.0,130.60835,15.608353
wsm161384,14.61,41.53,POINT (14.61 41.53),EU,NF,308.0,C,120.0,129.25119,9.25119
wsm162142,11.17,43.41,POINT (11.17 43.41),EU,TS,482.0,C,126.0,130.7038,4.7037964
wsm163960,11.96,42.71,POINT (11.96 42.71),EU,NF,407.0,C,117.0,126.75156,9.751556
wsm164435,13.44,43.49,POINT (13.44 43.49),EU,SS,518.0,C,139.0,150.51576,11.515762
wsm164495,14.02,41.32,POINT (14.02 41.32),EU,NF,287.0,C,143.0,142.14699,0.8530121
wsm165205,14.88,41.78,POINT (14.88 41.78),EU,SS,337.0,C,124.0,132.35245,8.3524475
wsm165495,13.22,42.64,POINT (13.22 42.64),EU,NF,422.0,C,154.0,151.92627,2.0737305
wsm165498,13.28,42.6,POINT (13.28 42.6),EU,NF,420.0,C,138.0,145.12036,7.1203613
wsm165503,13.15,42.68,POINT (13.15 42.68),EU,NF,425.0,C,144.0,147.69403,3.6940308
wsm165507,13.1,42.82,POINT (13.1 42.82),EU,NF,438.0,C,140.0,140.61606,0.61605835
wsm165508,13.25,42.62,POINT (13.25 42.62),EU,NF,421.0,C,149.0,149.58473,0.58473206
wsm165509,13.14,42.76,POINT (13.14 42.76),EU,NF,433.0,C,177.0,161.89789,15.102112
wsm165511,13.23,42.63,POINT (13.23 42.63),EU,NF,421.0,C,153.0,150.48369,2.5163116
wsm165513,13.03,42.78,POINT (13.03 42.78),EU,NF,432.0,C,168.0,160.68948,7.3105164
wsm165515,13.24,42.64,POINT (13.24 42.64),EU,NF,423.0,C,164.0,145.35585,18.64415
wsm165517,13.21,42.62,POINT (13.21 42.62),EU,NF,420.0,C,147.0,150.78482,3.7848206
wsm165518,13.22,42.63,POINT (13.22 42.63),EU,NF,421.0,C,156.0,150.94687,5.053131
wsm165519,13.18,42.73,POINT (13.18 42.73),EU,NF,431.0,C,144.0,151.11115,7.111145
wsm165520,13.04,42.85,POINT (13.04 42.85),EU,NF,440.0,C,118.0,134.34966,16.349655
wsm165521,13.29,42.46,POINT (13.29 42.46),EU,NF,405.0,C,151.0,146.46487,4.5351257
wsm165522,13.19,42.66,POINT (13.19 42.66),EU,NF,424.0,C,164.0,150.41386,13.586136
wsm165524,13.19,42.8,POINT (13.19 42.8),EU,NF,438.0,C,167.0,168.80797,1.8079681
wsm165525,13.16,42.78,POINT (13.16 42.78),EU,NF,435.0,C,154.0,155.74655,1.7465515
wsm165526,13.19,42.81,POINT (13.19 42.81),EU,SS,439.0,C,10.0,175.13675,14.863251
wsm165534,13.08,42.89,POINT (13.08 42.89),EU,NF,445.0,C,133.0,134.27881,1.2788086
wsm165537,13.24,42.8,POINT (13.24 42.8),EU,NF,440.0,C,6.0,172.93823,13.061768
wsm165539,13.19,42.72,POINT (13.19 42.72),EU,NF,430.0,C,165.0,152.57103,12.42897
wsm165542,13.15,42.78,POINT (13.15 42.78),EU,NF,435.0,C,154.0,151.64561,2.3543854
wsm165544,13.14,42.67,POINT (13.14 42.67),EU,NF,423.0,C,154.0,149.32973,4.670273
wsm165548,13.2,42.8,POINT (13.2 42.8),EU,NF,439.0,C,170.0,172.59082,2.5908203
wsm165550,13.23,42.69,POINT (13.23 42.69),EU,NF,428.0,C,176.0,143.76523,32.23477
wsm165551,13.33,42.63,POINT (13.33 42.63),EU,NF,424.0,C,144.0,144.83998,0.8399811
wsm165556,13.12,42.4,POINT (13.12 42.4),EU,NF,394.0,C,141.0,140.27686,0.72314453
wsm165564,13.29,42.59,POINT (13.29 42.59),EU,NF,419.0,C,144.0,146.23392,2.2339172
wsm165566,13.28,42.66,POINT (13.28 42.66),EU,NF,426.0,C,152.0,145.23546,6.7645416
wsm165570,13.24,42.52,POINT (13.24 42.52),EU,NF,410.0,C,142.0,144.43243,2.432434
wsm165573,13.21,42.75,POINT (13.21 42.75),EU,TF,434.0,C,28.999998,25.006414,3.9935837
wsm165574,13.15,42.77,POINT (13.15 42.77),EU,NF,434.0,C,172.0,159.83923,12.160767
wsm165583,13.16,42.69,POINT (13.16 42.69),EU,NF,426.0,C,139.0,148.45677,9.456772
wsm165588,13.24,42.84,POINT (13.24 42.84),EU,NF,444.0,C,155.0,156.22005,1.220047
wsm165591,13.16,42.83,POINT (13.16 42.83),EU,NF,441.0,C,171.0,156.46924,14.530762
wsm165595,13.31,42.55,POINT (13.31 42.55),EU,NF,415.0,C,137.0,145.04538,8.04538
wsm165599,13.24,42.85,POINT (13.24 42.85),EU,NF,445.0,C,159.0,158.87038,0.12962341
wsm165612,13.2,42.72,POINT (13.2 42.72),EU,NF,430.0,C,152.0,151.56207,0.43792725
wsm165617,13.29,42.6,POINT (13.29 42.6),EU,NF,420.0,C,161.0,151.92078,9.079224
wsm165619,13.12,42.77,POINT (13.12 42.77),EU,NF,433.0,C,157.0,156.91571,0.08428955
wsm165621,13.15,42.79,POINT (13.15 42.79),EU,NF,436.0,C,28.999998,23.06951,5.9304886
wsm165624,13.14,42.82,POINT (13.14 42.82),EU,NF,439.0,C,158.0,153.93372,4.066284
wsm165629,13.19,42.76,POINT (13.19 42.76),EU,NF,434.0,C,144.0,150.75883,6.758835
wsm165639,13.14,42.8,POINT (13.14 42.8),EU,NF,437.0,C,144.0,148.15643,4.156433
wsm165670,13.13,42.83,POINT (13.13 42.83),EU,NF,440.0,C,159.0,154.56415,4.435852
wsm165671,13.22,42.85,POINT (13.22 42.85),EU,SS,444.0,C,144.0,148.84685,4.8468475
wsm165673,13.23,42.75,POINT (13.23 42.75),EU,NF,434.0,C,153.0,149.25424,3.745758
wsm165674,13.26,42.82,POINT (13.26 42.82),EU,SS,442.0,C,0.0,163.65398,16.346024
wsm165686,13.31,42.62,POINT (13.31 42.62),EU,NF,422.0,C,138.0,146.33868,8.338684
wsm165738,13.06,42.82,POINT (13.06 42.82),EU,NF,437.0,C,169.0,163.70729,5.2927094
wsm165757,13.09,42.88,POINT (13.09 42.88),EU,NF,444.0,C,161.0,158.28049,2.719513
wsm165856,13.24,42.8,POINT (13.24 42.8),EU,NF,440.0,C,135.0,133.78644,1.213562
wsm166008,13.19,42.82,POINT (13.19 42.82),EU,NF,440.0,C,9.0,170.70761,18.292389
wsm166082,13.24,42.74,POINT (13.24 42.74),EU,NF,433.0,C,106.0,116.837906,10.837906
wsm166136,13.19,42.76,POINT (13.19 42.76),EU,NF,434.0,C,146.0,151.20068,5.2006836
wsm166344,13.25,42.9,POINT (13.25 42.9),EU,NF,450.0,C,164.0,157.33112,6.6688843
wsm166346,13.25,42.89,POINT (13.25 42.89),EU,NF,449.0,C,166.0,159.06738,6.932617
wsm166384,13.23,42.79,POINT (13.23 42.79),EU,NF,438.0,C,132.0,132.93315,0.93315125
wsm166401,13.12,42.85,POINT (13.12 42.85),EU,NF,442.0,C,132.0,137.92618,5.926178
wsm166441,13.17,42.74,POINT (13.17 42.74),EU,NF,431.0,C,151.0,152.08957,1.0895691
wsm166445,13.19,42.74,POINT (13.19 42.74),EU,NF,432.0,C,159.0,153.44055,5.5594482
wsm166582,13.19,42.74,POINT (13.19 42.74),EU,NF,432.0,C,170.0,148.90805,21.09195
wsm166749,11.0,43.61,POINT (11 43.61),EU,SS,505.0,C,123.0,133.25449,10.254486
wsm166771,13.13,42.81,POINT (13.13 42.81),EU,NF,438.0,C,162.0,156.30267,5.6973267
wsm166780,13.11,42.88,POINT (13.11 42.88),EU,NF,445.0,C,155.0,154.31645,0.683548
wsm166784,13.15,42.92,POINT (13.15 42.92),EU,NF,450.0,C,154.0,155.30997,1.309967
wsm166786,13.11,42.8,POINT (13.11 42.8),EU,NF,436.0,C,121.0,135.63843,14.638428
wsm166791,13.12,42.7,POINT (13.12 42.7),EU,NF,426.0,C,152.0,149.44366,2.5563354
wsm166794,13.1,42.96,POINT (13.1 42.96),EU,NF,453.0,C,171.0,151.59564,19.404358
wsm166803,13.06,42.85,POINT (13.06 42.85),EU,NF,441.0,C,176.0,164.61072,11.389282
wsm166813,13.11,42.81,POINT (13.11 42.81),EU,NF,437.0,C,165.0,157.89546,7.104538
wsm166855,13.01,42.79,POINT (13.01 42.79),EU,NF,433.0,C,125.0,132.0642,7.0641937
wsm166871,13.16,42.75,POINT (13.16 42.75),EU,NF,432.0,C,159.0,152.79112,6.2088776
wsm166874,13.08,42.84,POINT (13.08 42.84),EU,NF,440.0,C,1.9999996,161.45079,20.54921
wsm166875,13.14,42.81,POINT (13.14 42.81),EU,NF,438.0,C,139.0,142.35208,3.3520813
wsm166877,13.09,42.78,POINT (13.09 42.78),EU,NF,434.0,C,171.0,158.88734,12.112656
wsm166879,13.08,43.06,POINT (13.08 43.06),EU,NF,464.0,C,130.0,138.86139,8.861389
wsm166882,13.15,42.71,POINT (13.15 42.71),EU,NF,428.0,C,160.0,150.05473,9.945267
wsm166884,13.17,42.8,POINT (13.17 42.8),EU,NF,438.0,C,121.0,133.71075,12.710754
wsm166889,13.06,42.76,POINT (13.06 42.76),EU,NF,431.0,C,157.0,156.9394,0.06059265
wsm166902,13.09,42.77,POINT (13.09 42.77),EU,NF,433.0,C,21.0,8.169337,12.830663
wsm166908,13.06,42.85,POINT (13.06 42.85),EU,NF,441.0,C,176.0,164.60858,11.391418
wsm166909,13.14,42.81,POINT (13.14 42.81),EU,NF,438.0,C,154.0,153.5126,0.48739624
wsm166923,13.2,42.91,POINT (13.2 42.91),EU,NF,450.0,C,154.0,155.54681,1.546814
wsm166950,12.74,42.75,POINT (12.74 42.75),EU,NF,423.0,C,158.0,150.71057,7.2894287
wsm166955,13.12,42.97,POINT (13.12 42.97),EU,NF,455.0,C,150.0,154.18007,4.180069
wsm166961,13.21,42.78,POINT (13.21 42.78),EU,NF,437.0,C,8.0,173.88077,14.119232
wsm166981,13.21,42.94,POINT (13.21 42.94),EU,NF,454.0,C,161.0,155.9189,5.0811005
wsm167007,13.15,42.89,POINT (13.15 42.89),EU,NF,447.0,C,144.0,151.6151,7.615097
wsm167077,13.14,43.0,POINT (13.14 43),EU,NF,458.0,C,147.0,152.98079,5.980789
wsm167078,13.21,42.72,POINT (13.21 42.72),EU,NF,430.0,C,160.0,152.65253,7.347473
wsm167091,13.13,42.79,POINT (13.13 42.79),EU,NF,436.0,C,175.0,162.38242,12.617584
wsm167224,13.15,42.94,POINT (13.15 42.94),EU,NF,452.0,C,166.0,155.78691,10.213089
wsm167661,13.07,43.02,POINT (13.07 43.02),EU,NF,459.0,C,130.0,139.87067,9.8706665
wsm167703,13.26,42.56,POINT (13.26 42.56),EU,NF,415.0,C,156.0,141.99034,14.009659
wsm167719,10.65,44.78,POINT (10.65 44.78),EU,TF,637.0,C,6.0,167.45897,18.54103
wsm167747,13.23,42.83,POINT (13.23 42.83),EU,NF,442.0,C,169.0,163.4858,5.514206
wsm167944,12.99,42.84,POINT (12.99 42.84),EU,NF,438.0,C,166.0,163.09746,2.902542
wsm168344,12.75,42.8,POINT (12.75 42.8),EU,SS,429.0,C,116.0,127.81404,11.814041
wsm168666,13.27,42.45,POINT (13.27 42.45),EU,NF,404.0,C,160.0,143.2966,16.7034
wsm168673,13.29,42.47,POINT (13.29 42.47),EU,NF,406.0,C,160.0,144.45302,15.546982
wsm168679,13.29,42.45,POINT (13.29 42.45),EU,NF,404.0,C,144.0,146.50613,2.506134
wsm168682,13.24,42.62,POINT (13.24 42.62),EU,NF,421.0,C,136.0,145.74042,9.7404175
wsm168683,13.29,42.54,POINT (13.29 42.54),EU,NF,414.0,C,146.0,146.25797,0.2579651
wsm168684,13.27,42.49,POINT (13.27 42.49),EU,NF,408.0,C,145.0,146.18373,1.1837311
wsm168688,13.29,42.44,POINT (13.29 42.44),EU,NF,403.0,C,151.0,146.16875,4.831253
wsm168692,13.0,42.51,POINT (13 42.51),EU,NF,403.0,C,143.0,137.7024,5.2976074
wsm168697,13.24,42.58,POINT (13.24 42.58),EU,NF,416.0,C,140.0,146.17763,6.1776276
wsm168698,13.26,42.55,POINT (13.26 42.55),EU,NF,414.0,C,138.0,144.84283,6.8428345
wsm168703,13.3,42.59,POINT (13.3 42.59),EU,NF,419.0,C,137.0,145.13177,8.131775
wsm168721,13.32,42.61,POINT (13.32 42.61),EU,SS,422.0,C,165.0,150.5815,14.418503
wsm168726,13.21,42.71,POINT (13.21 42.71),EU,NF,429.0,C,153.0,150.78625,2.213745
wsm168798,13.34,42.55,POINT (13.34 42.55),EU,NF,416.0,C,149.0,145.87996,3.120041
wsm168822,13.31,42.62,POINT (13.31 42.62),EU,NF,422.0,C,150.0,147.65967,2.340332
wsm168831,13.3,42.62,POINT (13.3 42.62),EU,NF,422.0,C,147.0,147.26599,0.2659912
wsm168912,13.05,43.0,POINT (13.05 43),EU,NF,456.0,C,157.0,152.20985,4.790146
wsm168915,12.93,43.04,POINT (12.93 43.04),EU,NF,458.0,C,158.0,143.30013,14.699875
wsm168917,13.02,43.0,POINT (13.02 43),EU,NF,456.0,C,161.0,150.6301,10.369904
wsm168927,12.6,40.99,POINT (12.6 40.99),EU,SS,232.0,C,95.00001,114.495865,19.495857
wsm168928,13.3,42.61,POINT (13.3 42.61),EU,NF,421.0,C,149.0,146.63136,2.368637
wsm168930,13.04,42.98,POINT (13.04 42.98),EU,NF,454.0,C,155.0,151.38698,3.6130219
wsm168931,13.04,42.98,POINT (13.04 42.98),EU,NF,454.0,C,159.0,152.01349,6.986511
wsm168981,13.03,42.98,POINT (13.03 42.98),EU,NF,454.0,C,158.0,151.21811,6.781891
wsm169036,12.68,42.67,POINT (12.68 42.67),EU,NF,414.0,C,125.0,124.57532,0.42468262
wsm169038,12.7,42.68,POINT (12.7 42.68),EU,NF,415.0,C,80.99999,98.05648,17.056488
wsm169110,13.22,42.69,POINT (13.22 42.69),EU,NF,427.0,C,138.0,147.45659,9.456589
wsm169201,13.26,42.51,POINT (13.26 42.51),EU,NF,410.0,C,158.0,137.74297,20.257034
wsm169243,13.23,42.6,POINT (13.23 42.6),EU,NF,418.0,C,158.0,146.79904,11.200958
wsm169718,13.32,42.56,POINT (13.32 42.56),EU,SS,416.0,C,168.0,145.26448,22.73552
wsm169798,14.99,41.51,POINT (14.99 41.51),EU,NF,308.0,C,151.0,151.5362,0.53619385
wsm170048,13.27,42.47,POINT (13.27 42.47),EU,NF,406.0,C,157.0,145.81819,11.181808
wsm170092,13.13,43.01,POINT (13.13 43.01),EU,SS,459.0,C,156.0,153.70923,2.2907715
wsm170097,13.13,43.02,POINT (13.13 43.02),EU,SS,460.0,C,150.0,153.5398,3.539795
wsm170099,13.12,43.02,POINT (13.12 43.02),EU,SS,460.0,C,154.0,153.76683,0.23316956
wsm170100,13.13,43.02,POINT (13.13 43.02),EU,SS,460.0,C,158.0,153.46037,4.539627
wsm170298,13.33,42.56,POINT (13.33 42.56),EU,SS,417.0,C,165.0,150.14091,14.859085
wsm170316,13.33,42.46,POINT (13.33 42.46),EU,SS,406.0,C,146.0,146.91762,0.9176178
wsm170403,13.01,42.94,POINT (13.01 42.94),EU,NF,449.0,C,158.0,148.81897,9.18103
wsm170408,13.11,42.92,POINT (13.11 42.92),EU,NF,449.0,C,163.0,157.53885,5.461151
wsm170411,13.33,42.46,POINT (13.33 42.46),EU,SS,406.0,C,146.0,146.54073,0.5407257
wsm170957,13.19,42.76,POINT (13.19 42.76),EU,NF,434.0,C,112.0,121.1939,9.193901
wsm171063,13.23,42.8,POINT (13.23 42.8),EU,NF,439.0,C,35.0,22.705978,12.294022
wsm171169,13.35,42.45,POINT (13.35 42.45),EU,NF,406.0,C,144.0,144.94298,0.9429779
wsm171380,11.67,44.36,POINT (11.67 44.36),EU,TF,588.0,C,30.0,18.111261,11.888739
wsm171446,13.12,42.89,POINT (13.12 42.89),EU,NF,446.0,C,179.0,149.9868,29.013199
wsm171537,13.21,42.63,POINT (13.21 42.63),EU,NF,421.0,C,152.0,151.72342,0.2765808
wsm171543,13.21,42.63,POINT (13.21 42.63),EU,NF,421.0,C,101.0,112.98659,11.986588
wsm171573,13.32,42.65,POINT (13.32 42.65),EU,NF,426.0,C,147.0,144.58104,2.4189606
wsm171588,13.16,42.91,POINT (13.16 42.91),EU,NF,449.0,C,145.0,154.06339,9.063385
wsm171925,13.32,42.64,POINT (13.32 42.64),EU,NF,425.0,C,125.0,141.80322,16.803223
wsm172218,15.22,42.4,POINT (15.22 42.4),EU,TF,409.0,C,131.0,128.48753,2.5124664
wsm172523,13.19,43.1,POINT (13.19 43.1),EU,SS,470.0,C,164.0,146.35027,17.649734
wsm172626,13.01,42.99,POINT (13.01 42.99),EU,SS,455.0,C,135.0,138.38846,3.3884583
wsm172729,13.33,42.54,POINT (13.33 42.54),EU,NF,415.0,C,153.0,146.0933,6.9066925
wsm172852,13.27,42.17,POINT (13.27 42.17),EU,NF,375.0,C,120.0,130.72302,10.723022
wsm173541,13.24,42.85,POINT (13.24 42.85),EU,TF,445.0,C,68.0,60.743076,7.2569237
wsm173653,15.7,40.31,POINT (15.7 40.31),EU,NF,200.0,C,141.0,140.11957,0.8804321
wsm173780,13.14,42.65,POINT (13.14 42.65),EU,TF,421.0,C,161.0,146.8784,14.121597
wsm174169,10.08,44.75,POINT (10.08 44.75),EU,TF,638.0,C,51.999996,42.260235,9.739761
wsm174414,13.31,42.68,POINT (13.31 42.68),EU,NF,429.0,C,140.0,143.37439,3.3743896
wsm175055,13.29,42.64,POINT (13.29 42.64),EU,NF,424.0,C,152.0,145.69698,6.3030243
wsm175571,13.29,42.65,POINT (13.29 42.65),EU,NF,425.0,C,156.0,143.69409,12.305908
wsm176184,11.95,43.92,POINT (11.95 43.92),EU,NF,541.0,C,169.0,155.74203,13.257965
wsm176264,13.03,43.06,POINT (13.03 43.06),EU,NF,462.0,C,149.0,143.92609,5.0739136
wsm176265,13.03,43.06,POINT (13.03 43.06),EU,NF,462.0,C,134.0,139.68489,5.6848907
wsm176570,12.88,43.05,POINT (12.88 43.05),EU,NF,458.0,C,119.0,133.56627,14.566269
wsm176635,13.47,42.35,POINT (13.47 42.35),EU,NF,399.0,C,60.0,62.691456,2.6914558
wsm176710,13.0,43.05,POINT (13 43.05),EU,NF,461.0,C,145.0,144.28728,0.7127228
wsm176718,13.04,43.05,POINT (13.04 43.05),EU,NF,462.0,C,159.0,143.56439,15.435608
wsm176825,13.15,42.91,POINT (13.15 42.91),EU,NF,449.0,C,152.0,155.43472,3.434723
wsm176828,13.44,42.27,POINT (13.44 42.27),EU,NF,390.0,C,151.0,143.91147,7.0885315
wsm176844,13.02,43.05,POINT (13.02 43.05),EU,NS,461.0,C,154.0,145.64601,8.353989
wsm176847,10.82,43.13,POINT (10.82 43.13),EU,SS,453.0,C,103.0,121.19576,18.195763
wsm176870,13.04,43.06,POINT (13.04 43.06),EU,SS,463.0,C,132.0,140.59415,8.594147
wsm177118,13.04,43.06,POINT (13.04 43.06),EU,NS,463.0,C,119.0,141.01572,22.015717
wsm177121,14.81,41.91,POINT (14.81 41.91),EU,SS,351.0,C,126.0,134.64185,8.641846
wsm177206,10.96,43.25,POINT (10.96 43.25),EU,NF,465.0,C,132.0,133.96838,1.9683838
wsm177264,11.72,44.06,POINT (11.72 44.06),EU,NF,555.0,C,112.0,130.54977,18.549774
wsm177662,13.52,42.81,POINT (13.52 42.81),EU,NF,448.0,C,136.0,137.00574,1.0057373
wsm177667,13.31,42.62,POINT (13.31 42.62),EU,NF,422.0,C,174.0,147.7828,26.217194
wsm178841,13.03,43.06,POINT (13.03 43.06),EU,SS,462.0,C,153.0,145.26427,7.735733
wsm179393,14.83,41.87,POINT (14.83 41.87),EU,SS,346.0,C,147.0,139.31445,7.685547
wsm179430,14.88,41.83,POINT (14.88 41.83),EU,SS,342.0,C,143.0,139.53477,3.4652252
wsm179440,14.94,41.86,POINT (14.94 41.86),EU,SS,346.0,C,107.0,130.90027,23.900269
wsm179517,10.67,44.79,POINT (10.67 44.79),EU,TS,638.0,C,175.0,167.89143,7.1085663
wsm180066,13.18,42.95,POINT (13.18 42.95),EU,NF,454.0,C,164.0,154.73334,9.266663
wsm182593,13.58,42.04,POINT (13.58 42.04),EU,NF,368.0,C,145.0,140.47598,4.5240173
wsm182848,12.31,44.41,POINT (12.31 44.41),EU,TF,599.0,C,25.999998,16.922531,9.077467
wsm183369,13.31,42.42,POINT (13.31 42.42),EU,NF,402.0,C,146.0,144.14755,1.8524475
wsm186234,11.87,42.94,POINT (11.87 42.94),EU,TF,432.0,C,129.0,136.22525,7.2252502
wsm186500,12.76,41.86,POINT (12.76 41.86),EU,NF,328.0,C,135.0,136.14537,1.1453705
wsm187816,13.18,42.64,POINT (13.18 42.64),EU,NF,421.0,C,155.0,151.39844,3.6015625
wsm187869,11.82,43.93,POINT (11.82 43.93),EU,NF,541.0,C,121.0,130.57004,9.570038
wsm187870,11.83,43.92,POINT (11.83 43.92),EU,NF,540.0,C,119.0,130.74123,11.741226
wsm188165,13.1,42.81,POINT (13.1 42.81),EU,NS,437.0,C,122.0,135.12326,13.1232605
wsm190552,13.26,42.46,POINT (13.26 42.46),EU,NS,404.0,C,150.0,146.45012,3.549881
wsm190554,13.26,42.46,POINT (13.26 42.46),EU,NS,404.0,C,153.0,146.17722,6.8227844
wsm190584,11.33,43.98,POINT (11.33 43.98),EU,NF,546.0,C,117.0,130.80106,13.801056
wsm190750,14.74,41.07,POINT (14.74 41.07),EU,SS,257.0,C,152.0,157.05917,5.0591736
wsm190754,14.74,41.08,POINT (14.74 41.08),EU,SS,258.0,C,161.0,155.58675,5.413254
wsm193779,15.12,40.87,POINT (15.12 40.87),EU,NF,240.0,C,132.0,132.179,0.17900085
wsm193875,15.39,41.81,POINT (15.39 41.81),EU,TF,347.0,C,137.0,144.27237,7.2723694
wsm194286,13.3,42.98,POINT (13.3 42.98),EU,SS,460.0,C,171.0,151.7031,19.296906
wsm194425,12.58,41.96,POINT (12.58 41.96),EU,SS,335.0,C,149.0,152.14435,3.1443481
wsm197161,13.0,43.37,POINT (13 43.37),EU,NF,495.0,C,177.0,168.7242,8.275803
wsm197178,13.29,43.02,POINT (13.29 43.02),EU,TS,464.0,C,78.0,91.30784,13.307838
wsm198921,15.45,44.36,POINT (15.45 44.36),EU,TF,614.0,C,38.0,18.038286,19.961714
wsm202915,15.39,40.73,POINT (15.39 40.73),EU,NF,231.0,C,115.0,127.802414,12.802414
wsm204230,12.57,43.36,POINT (12.57 43.36),EU,NF,487.0,C,126.0,134.34206,8.342056
wsm204949,16.0,43.66,POINT (16 43.66),EU,SS,526.0,C,21.999998,8.3932495,13.606749
wsm205323,13.61,41.75,POINT (13.61 41.75),EU,NF,338.0,C,146.0,139.87485,6.1251526
wsm205900,13.07,42.79,POINT (13.07 42.79),EU,NF,434.0,C,152.0,152.55573,0.5557251
wsm208589,13.11,42.93,POINT (13.11 42.93),EU,NF,450.0,C,160.0,155.68808,4.31192
wsm211316,10.27,43.79,POINT (10.27 43.79),EU,TF,530.0,C,20.0,14.927289,5.072711
wsm211414,10.72,44.78,POINT (10.72 44.78),EU,TF,636.0,C,144.0,156.82936,12.829361
wsm211416,10.75,44.79,POINT (10.75 44.79),EU,TF,637.0,C,155.0,159.13284,4.132843
wsm213072,12.93,41.95,POINT (12.93 41.95),EU,NF,342.0,C,83.0,91.76856,8.768562
wsm213282,11.37,44.2,POINT (11.37 44.2),EU,SS,570.0,C,5.0,174.7095,10.290497
wsm213660,11.23,43.65,POINT (11.23 43.65),EU,SS,509.0,C,134.0,135.27943,1.2794342
wsm213663,11.24,43.65,POINT (11.24 43.65),EU,SS,509.0,C,133.0,135.31387,2.3138733
wsm213855,11.23,43.66,POINT (11.23 43.66),EU,SS,510.0,C,146.0,133.81448,12.185516
wsm213920,11.24,43.66,POINT (11.24 43.66),EU,SS,510.0,C,111.00001,135.24394,24.243935
wsm214622,13.98,43.06,POINT (13.98 43.06),EU,TF,480.0,C,72.0,52.43175,19.568249
wsm215496,12.08,44.15,POINT (12.08 44.15),EU,NF,568.0,C,149.0,146.27658,2.7234192
wsm215506,13.18,42.67,POINT (13.18 42.67),EU,NF,424.0,C,155.0,150.0789,4.921097
wsm217597,13.62,42.78,POINT (13.62 42.78),EU,SS,448.0,C,87.99999,100.90676,12.906769
wsm217605,10.53,44.16,POINT (10.53 44.16),EU,SS,569.0,C,84.0,104.623566,20.623566
wsm219165,13.39,43.88,POINT (13.39 43.88),EU,TF,558.0,C,50.999996,40.313515,10.686481
wsm219197,13.38,43.96,POINT (13.38 43.96),EU,TF,566.0,C,30.0,30.635174,0.6351738
wsm219206,15.09,41.03,POINT (15.09 41.03),EU,SS,257.0,C,152.0,146.47717,5.522827
wsm219211,13.33,43.87,POINT (13.33 43.87),EU,TF,556.0,C,98.0,110.68364,12.68364
wsm219218,13.33,43.87,POINT (13.33 43.87),EU,TF,556.0,C,57.999996,39.562607,18.43739
wsm219246,13.33,43.94,POINT (13.33 43.94),EU,TF,563.0,C,45.999996,39.422825,6.5771713
wsm219478,13.33,43.9,POINT (13.33 43.9),EU,TF,559.0,C,60.0,38.925606,21.074394
wsm219966,12.43,43.48,POINT (12.43 43.48),EU,NF,498.0,C,161.0,148.43005,12.569946
wsm220042,13.3,43.91,POINT (13.3 43.91),EU,TF,559.0,C,42.0,38.774937,3.2250633
wsm220048,13.34,44.01,POINT (13.34 44.01),EU,TF,571.0,C,53.999996,36.367237,17.63276
wsm220767,13.95,41.43,POINT (13.95 41.43),EU,NF,300.0,C,150.0,141.97556,8.024445
wsm221205,12.38,44.18,POINT (12.38 44.18),EU,SS,574.0,C,97.0,119.645226,22.645226
wsm221231,12.39,44.22,POINT (12.39 44.22),EU,SS,579.0,C,110.0,118.72247,8.722473
wsm221237,12.34,44.17,POINT (12.34 44.17),EU,SS,573.0,C,103.0,118.866806,15.866806
wsm221524,11.32,43.31,POINT (11.32 43.31),EU,SS,471.0,C,124.0,133.652,9.651993
wsm221704,14.64,44.97,POINT (14.64 44.97),EU,TF,690.0,C,22.999996,179.9191,23.080902
wsm221860,13.34,43.28,POINT (13.34 43.28),EU,SS,493.0,C,5.0,178.38469,6.6153107
wsm222227,12.32,43.29,POINT (12.32 43.29),EU,NF,476.0,C,142.0,139.54153,2.4584656
wsm222240,12.51,43.14,POINT (12.51 43.14),EU,NF,462.0,C,152.0,142.27132,9.728683
wsm222241,12.39,43.28,POINT (12.39 43.28),EU,NF,476.0,C,140.0,141.19736,1.1973572
wsm222721,14.66,41.66,POINT (14.66 41.66),EU,SS,322.0,C,137.0,133.79816,3.2018433
wsm223140,12.38,43.27,POINT (12.38 43.27),EU,NF,474.0,C,136.0,140.79153,4.7915344
wsm224148,15.33,40.78,POINT (15.33 40.78),EU,NF,235.0,C,123.0,128.16937,5.1693726
wsm226319,11.67,44.05,POINT (11.67 44.05),EU,NF,554.0,C,120.0,129.73682,9.736816
wsm227691,13.55,43.04,POINT (13.55 43.04),EU,TF,473.0,C,71.0,90.826584,19.826584
wsm229406,15.44,40.71,POINT (15.44 40.71),EU,NF,230.0,C,112.0,127.51162,15.51162
wsm229639,15.44,40.68,POINT (15.44 40.68),EU,NF,227.0,C,131.0,130.49442,0.5055847
wsm229805,11.78,44.11,POINT (11.78 44.11),EU,NF,561.0,C,152.0,147.80232,4.1976776
wsm231874,15.61,44.97,POINT (15.61 44.97),EU,TF,674.0,C,10.999999,177.48572,13.514282
wsm231879,15.67,44.97,POINT (15.67 44.97),EU,TF,672.0,C,6.0,177.41534,8.584656
wsm37644,12.75,43.25,POINT (12.75 43.25),EU,NF,478.0,C,129.0,136.08685,7.086853
wsm37657,15.67,41.7,POINT (15.67 41.7),EU,NF,341.0,A,130.0,135.40811,5.4081116
wsm37659,10.0,44.97,POINT (10 44.97),EU,SS,663.0,B,48.999996,24.643866,24.35613
wsm37661,12.12,44.12,POINT (12.12 44.12),EU,SS,565.0,A,45.0,26.242342,18.757658
wsm37666,11.5,42.8,POINT (11.5 42.8),EU,NF,415.0,B,170.0,165.88742,4.1125793
wsm37667,13.0,43.0,POINT (13 43),EU,NF,455.0,A,121.0,136.2891,15.289093
wsm37668,11.0,44.0,POINT (11 44),EU,NF,549.0,A,165.0,160.70743,4.292572
wsm37671,13.62,42.27,POINT (13.62 42.27),EU,NF,394.0,C,127.0,133.74892,6.7489166
wsm37672,14.13,41.45,POINT (14.13 41.45),EU,NF,300.0,C,125.0,132.19543,7.1954346
wsm37674,15.73,40.33,POINT (15.73 40.33),EU,NF,203.0,C,155.0,139.22043,15.779572
wsm37675,12.7,41.7,POINT (12.7 41.7),EU,NS,310.0,A,135.0,138.79448,3.7944794
wsm37677,14.01,41.87,POINT (14.01 41.87),EU,NF,348.0,C,140.0,138.60841,1.3915863
wsm37679,15.75,40.4,POINT (15.75 40.4),EU,NF,210.0,C,130.0,137.98648,7.9864807
wsm37682,13.48,42.18,POINT (13.48 42.18),EU,NF,381.0,C,145.0,141.73996,3.2600403
wsm37683,11.8,42.8,POINT (11.8 42.8),EU,SS,416.0,A,135.0,138.88718,3.8871765
wsm42249,14.47,41.5,POINT (14.47 41.5),EU,NF,304.0,C,124.0,128.68568,4.685684
wsm42250,13.88,42.09,POINT (13.88 42.09),EU,NF,374.0,C,110.0,121.79332,11.79332
wsm42251,14.28,41.6,POINT (14.28 41.6),EU,NF,316.0,C,150.0,146.51436,3.4856415
wsm42252,14.5,41.66,POINT (14.5 41.66),EU,NS,322.0,C,117.0,131.79475,14.794754
wsm42253,15.61,40.38,POINT (15.61 40.38),EU,NF,203.0,C,135.0,138.56314,3.5631409
wsm54413,15.39,40.82,POINT (15.39 40.82),EU,NF,240.0,C,127.0,128.40128,1.4012756
wsm54418,15.36,40.15,POINT (15.36 40.15),EU,NF,170.0,C,106.0,117.75168,11.751678
wsm54489,15.23,40.13,POINT (15.23 40.13),EU,NF,164.0,C,118.0,117.14798,0.85202026
wsm56714,12.48,42.87,POINT (12.48 42.87),EU,NF,432.0,C,126.0,133.88751,7.887512
wsm56730,13.55,41.55,POINT (13.55 41.55),EU,NF,315.0,C,140.0,145.66476,5.6647644
wsm56736,13.8,41.29,POINT (13.8 41.29),EU,NF,287.0,C,146.0,142.69244,3.3075562
wsm68285,10.62,44.86,POINT (10.62 44.86),EU,TF,646.0,C,156.0,160.05438,4.0543823
wsm68812,14.35,41.34,POINT (14.35 41.34),EU,NF,287.0,C,118.0,129.48808,11.488083
wsm69470,12.78,43.07,POINT (12.78 43.07),EU,NF,459.0,C,135.0,142.16953,7.169525
wsm69551,12.86,43.01,POINT (12.86 43.01),EU,NF,454.0,C,141.0,137.16443,3.8355713
wsm69554,12.78,43.08,POINT (12.78 43.08),EU,NF,460.0,C,140.0,143.23209,3.2320862
wsm69555,12.88,43.11,POINT (12.88 43.11),EU,NF,465.0,C,145.0,143.14137,1.8586273
wsm69559,12.84,43.11,POINT (12.84 43.11),EU,NF,464.0,C,156.0,145.12518,10.874817
wsm69565,12.77,43.06,POINT (12.77 43.06),EU,NF,458.0,C,147.0,143.01277,3.9872284
wsm69567,12.58,43.04,POINT (12.58 43.04),EU,NF,452.0,C,148.0,141.85516,6.1448364
wsm69568,12.71,43.1,POINT (12.71 43.1),EU,NF,461.0,C,128.0,140.42162,12.421616
wsm69585,11.95,43.66,POINT (11.95 43.66),EU,NF,512.0,C,133.0,138.44437,5.4443665
wsm69591,12.66,43.01,POINT (12.66 43.01),EU,NF,450.0,C,125.0,138.46625,13.466248
wsm69596,12.76,42.93,POINT (12.76 42.93),EU,NF,443.0,C,127.0,135.92014,8.9201355
wsm69600,12.8,42.76,POINT (12.8 42.76),EU,NF,426.0,C,109.0,127.73857,18.738571
wsm69605,12.97,42.91,POINT (12.97 42.91),EU,NF,445.0,C,131.0,132.75969,1.7596893
wsm69607,12.76,42.9,POINT (12.76 42.9),EU,NF,440.0,C,139.0,135.89961,3.1003876
wsm69630,12.55,42.9,POINT (12.55 42.9),EU,NF,437.0,C,133.0,135.0361,2.0361023
wsm69632,12.97,43.13,POINT (12.97 43.13),EU,NF,469.0,C,137.0,140.96698,3.96698
wsm69633,12.9,43.02,POINT (12.9 43.02),EU,NF,456.0,C,131.0,136.27885,5.2788544
wsm69673,13.29,42.31,POINT (13.29 42.31),EU,NF,390.0,C,134.0,140.41496,6.414963
wsm69674,12.81,42.88,POINT (12.81 42.88),EU,NF,439.0,C,134.0,135.62308,1.6230774
wsm69677,12.86,42.93,POINT (12.86 42.93),EU,NF,445.0,C,122.0,133.45905,11.459045
wsm69678,12.72,42.84,POINT (12.72 42.84),EU,NF,433.0,C,131.0,133.34106,2.3410645
wsm69683,13.03,42.96,POINT (13.03 42.96),EU,NF,452.0,C,130.0,136.86777,6.8677673
wsm69688,12.83,42.94,POINT (12.83 42.94),EU,NF,446.0,C,129.0,135.11841,6.118408
wsm69689,12.63,42.72,POINT (12.63 42.72),EU,NF,418.0,C,120.0,125.144745,5.144745
wsm69690,12.89,42.98,POINT (12.89 42.98),EU,NF,451.0,C,116.0,132.82275,16.822754
wsm69691,12.85,43.02,POINT (12.85 43.02),EU,SS,455.0,C,153.0,143.97295,9.027054
wsm69692,12.73,43.02,POINT (12.73 43.02),EU,NF,453.0,C,154.0,140.6176,13.3824005
wsm69697,12.89,42.83,POINT (12.89 42.83),EU,NF,435.0,C,119.0,131.23389,12.233887
wsm69705,12.82,42.94,POINT (12.82 42.94),EU,NF,445.0,C,137.0,135.93622,1.0637817
wsm69727,12.94,42.63,POINT (12.94 42.63),EU,NF,414.0,C,122.0,132.89062,10.890625
wsm69817,12.95,42.83,POINT (12.95 42.83),EU,NF,436.0,C,134.0,131.72862,2.2713776
wsm69930,12.86,42.78,POINT (12.86 42.78),EU,NF,429.0,C,149.0,143.47781,5.5221863
wsm70061,10.52,44.19,POINT (10.52 44.19),EU,NF,572.0,C,126.0,128.21681,2.2168121
wsm70087,12.75,42.89,POINT (12.75 42.89),EU,NF,439.0,C,153.0,133.58133,19.41867
wsm70253,12.8,42.97,POINT (12.8 42.97),EU,NF,448.0,C,135.0,135.95581,0.95581055
wsm70437,12.8,43.11,POINT (12.8 43.11),EU,NF,463.0,C,144.0,143.58595,0.41404724
wsm70499,12.77,42.86,POINT (12.77 42.86),EU,NF,436.0,C,143.0,138.86157,4.1384277
wsm70500,12.83,43.2,POINT (12.83 43.2),EU,NF,474.0,C,167.0,148.54352,18.456482
wsm70510,12.78,43.2,POINT (12.78 43.2),EU,NF,473.0,C,145.0,143.84001,1.1599884
wsm70874,12.72,43.23,POINT (12.72 43.23),EU,NF,475.0,C,157.0,147.76256,9.237442
wsm70971,12.89,42.99,POINT (12.89 42.99),EU,NF,452.0,C,120.0,132.70259,12.702591
wsm71245,13.02,42.26,POINT (13.02 42.26),EU,NF,377.0,C,82.0,91.34019,9.340187
wsm73079,10.96,44.28,POINT (10.96 44.28),EU,NF,580.0,C,95.00001,112.11641,17.116402
wsm73663,13.06,42.66,POINT (13.06 42.66),EU,NF,420.0,C,137.0,142.11931,5.1193085
wsm74725,12.97,41.91,POINT (12.97 41.91),EU,NS,339.0,C,161.0,163.32648,2.326477
wsm74891,11.72,42.81,POINT (11.72 42.81),EU,NF,417.0,C,94.0,107.06797,13.06797
wsm75015,11.97,44.08,POINT (11.97 44.08),EU,TF,559.0,C,30.0,22.914576,7.0854244
wsm75075,10.13,40.86,POINT (10.13 40.86),EU,TF,216.0,C,94.0,96.94807,2.9480667
wsm75129,12.25,44.2,POINT (12.25 44.2),EU,TF,575.0,C,40.0,29.87284,10.127159
wsm75163,13.38,44.11,POINT (13.38 44.11),EU,TF,583.0,C,27.0,21.056139,5.943861
wsm75168,12.25,44.19,POINT (12.25 44.19),EU,TF,574.0,C,35.0,30.578718,4.421282
wsm75171,11.96,44.34,POINT (11.96 44.34),EU,TF,588.0,C,40.0,23.003267,16.996733
wsm75191,11.34,44.31,POINT (11.34 44.31),EU,TF,582.0,C,60.0,51.212486,8.787514
wsm75201,11.86,44.18,POINT (11.86 44.18),EU,TF,569.0,C,33.0,23.052158,9.947842
wsm75211,12.0,44.31,POINT (12 44.31),EU,TF,585.0,C,150.0,155.15569,5.1556854
wsm75218,12.1,44.33,POINT (12.1 44.33),EU,TF,588.0,C,13.999999,13.238234,0.7617655
wsm75225,11.98,44.31,POINT (11.98 44.31),EU,TF,585.0,C,15.0,14.957526,0.042473793
wsm75554,10.65,44.76,POINT (10.65 44.76),EU,SS,634.0,C,169.0,167.97784,1.0221558
wsm75620,10.18,40.89,POINT (10.18 40.89),EU,TF,218.0,C,100.0,97.24929,2.7507095
wsm75649,13.03,41.82,POINT (13.03 41.82),EU,TF,331.0,C,0.9999998,176.83478,4.165222
wsm77314,12.44,43.89,POINT (12.44 43.89),EU,TF,543.0,C,157.0,158.80884,1.8088379
wsm78202,10.4,44.33,POINT (10.4 44.33),EU,NF,588.0,C,150.0,147.21736,2.7826385
wsm78952,12.53,42.52,POINT (12.53 42.52),EU,NF,395.0,C,82.0,106.153336,24.153336
wsm81823,11.89,43.67,POINT (11.89 43.67),EU,NF,513.0,C,160.0,154.18173,5.818268
wsm81832,12.03,43.59,POINT (12.03 43.59),EU,NF,505.0,C,166.0,154.93234,11.067657
wsm81880,11.22,44.97,POINT (11.22 44.97),EU,TF,656.0,C,13.999999,9.941319,4.0586796
wsm82536,11.86,43.87,POINT (11.86 43.87),EU,NF,535.0,C,130.0,133.47736,3.477356
wsm82994,15.44,40.72,POINT (15.44 40.72),EU,NF,231.0,C,132.0,130.58571,1.4142914
wsm83081,11.57,44.14,POINT (11.57 44.14),EU,NF,564.0,C,122.0,131.2756,9.275604
wsm84853,14.87,41.68,POINT (14.87 41.68),EU,SS,326.0,C,134.0,136.00017,2.0001678
wsm84871,14.88,41.8,POINT (14.88 41.8),EU,SS,339.0,C,125.0,132.57594,7.575943
wsm84976,14.89,41.71,POINT (14.89 41.71),EU,SS,329.0,C,118.0,132.49982,14.499817
wsm85515,14.65,44.98,POINT (14.65 44.98),EU,TS,691.0,C,1.9999996,177.33408,4.665924
wsm85595,11.98,43.89,POINT (11.98 43.89),EU,NF,538.0,C,148.0,144.03006,3.9699402
wsm85596,11.95,43.89,POINT (11.95 43.89),EU,NF,538.0,C,137.0,137.68854,0.6885376
wsm85598,11.76,43.93,POINT (11.76 43.93),EU,NF,541.0,C,145.0,138.57715,6.4228516
wsm86042,14.95,42.93,POINT (14.95 42.93),EU,TF,465.0,C,22.999996,10.712562,12.287435
wsm86055,15.22,42.89,POINT (15.22 42.89),EU,TF,463.0,C,17.0,11.814771,5.1852293
wsm86056,15.63,43.24,POINT (15.63 43.24),EU,TF,493.0,C,35.0,28.927374,6.072626
wsm86060,15.22,43.16,POINT (15.22 43.16),EU,TF,492.0,C,0.9999998,5.7743816,4.7743816
wsm86065,15.22,43.08,POINT (15.22 43.08),EU,TF,484.0,C,12.999999,10.519357,2.4806423
wsm86077,15.24,43.15,POINT (15.24 43.15),EU,TF,492.0,C,15.0,10.424733,4.575267
wsm86085,15.23,43.12,POINT (15.23 43.12),EU,TF,488.0,C,150.0,155.19214,5.1921387
wsm86102,15.12,43.29,POINT (15.12 43.29),EU,TF,506.0,C,175.0,0.577871,5.5778656
wsm86236,15.01,43.22,POINT (15.01 43.22),EU,TF,497.0,C,10.999999,1.5743891,9.42561
wsm86249,15.54,43.26,POINT (15.54 43.26),EU,TF,498.0,C,177.0,178.26826,1.2682648
wsm86277,15.4,43.08,POINT (15.4 43.08),EU,TF,485.0,C,40.0,27.01871,12.981291
wsm86282,15.49,43.22,POINT (15.49 43.22),EU,TF,496.0,C,39.0,28.547659,10.452341
wsm86322,15.33,43.11,POINT (15.33 43.11),EU,TF,488.0,C,48.0,27.284792,20.715208
wsm86629,14.86,41.6,POINT (14.86 41.6),EU,SS,317.0,C,123.0,133.7468,10.746796
wsm86838,15.13,43.15,POINT (15.13 43.15),EU,TF,490.0,C,178.0,4.305604,6.305603
wsm87744,11.22,44.26,POINT (11.22 44.26),EU,TF,577.0,C,168.0,167.98541,0.014587402
wsm87746,11.4,44.27,POINT (11.4 44.27),EU,TF,578.0,C,152.0,155.85295,3.852951
wsm88819,11.95,44.22,POINT (11.95 44.22),EU,TF,574.0,C,27.0,23.430973,3.569027
wsm89581,12.58,44.48,POINT (12.58 44.48),EU,SS,610.0,C,138.0,148.84558,10.845581
wsm91847,15.68,40.7,POINT (15.68 40.7),EU,NF,237.0,C,159.0,151.24367,7.7563324
wsm93260,15.22,43.15,POINT (15.22 43.15),EU,TF,491.0,C,21.999998,10.144198,11.8558
wsm93262,15.74,43.07,POINT (15.74 43.07),EU,TF,472.0,C,148.0,152.94615,4.9461517
wsm93314,15.36,43.07,POINT (15.36 43.07),EU,TF,484.0,C,30.0,21.47293,8.527069
wsm93373,15.09,42.96,POINT (15.09 42.96),EU,TF,469.0,C,17.0,13.062521,3.937479
wsm93379,15.46,43.08,POINT (15.46 43.08),EU,TF,483.0,C,15.0,15.2983885,0.29838848
wsm93486,10.16,40.83,POINT (10.16 40.83),EU,TF,212.0,C,96.0,97.60907,1.6090698
wsm93572,10.08,40.95,POINT (10.08 40.95),EU,TF,227.0,C,80.0,93.94344,13.943443
wsm94479,15.43,43.16,POINT (15.43 43.16),EU,TF,492.0,C,17.0,14.449284,2.5507164
wsm96675,12.12,44.21,POINT (12.12 44.21),EU,TF,575.0,C,41.0,28.34705,12.65295
wsm97221,12.4,41.37,POINT (12.4 41.37),EU,SS,267.0,C,27.0,19.560661,7.4393387
