ID,LON,LAT,DEPTH,DIST,PLATE,QUALITY,REGIME,AZI,geometry,AZI_TRUE,AZI_PRED,AZI_ERROR
wsm98700,27.8,38.83,12.9,38.0,AT,C,SS,129.0,POINT (27.8 38.83),129.0,119.28391,9.716087
wsm51495,3.1942,42.1954,10.0,589.0,EU,C,SS,164.0,POINT (3.1942 42.1954),164.0,149.95775,14.042252
wsm221482,37.44,37.86,13.1,21.0,AT,C,TF,84.0,POINT (37.44 37.86),84.0,63.99407,20.005932
wsm232834,21.7,38.06,17.5,41.0,AS,C,SS,97.0,POINT (21.7 38.06),97.0,91.63441,5.365593
wsm58143,19.75,42.04,23.0,353.0,EU,C,NF,126.0,POINT (19.75 42.04),126.0,130.01184,4.011841
wsm191989,27.83,39.04,10.0,62.0,AT,C,NS,121.0,POINT (27.83 39.04),121.0,119.337906,1.6620941
wsm08011,-6.04,36.86,0.0,205.0,EU,C,NF,48.0,POINT (-6.04 36.86),48.0,42.284355,5.715645
wsm0339,-1.53,53.19,13.4,1558.0,EU,C,TS,147.0,POINT (-1.53 53.19),147.0,144.87074,2.1292572
wsm37654,13.17,46.47,10.0,836.0,EU,A,TS,166.0,POINT (13.17 46.47),166.0,158.31734,7.682663
wsm179281,20.11,41.56,24.0,322.0,EU,C,SS,16.0,POINT (20.11 41.56),16.0,28.507101,12.507101
wsm188076,21.76,38.29,5.5,21.0,AS,C,SS,50.0,POINT (21.76 38.29),50.0,68.91497,18.91497
wsm190274,19.8,41.29,23.5,283.0,EU,C,TF,60.0,POINT (19.8 41.29),60.0,38.956264,21.043736
wsm206835,16.32,40.46,15.4,201.0,EU,C,TF,40.0,POINT (16.32 40.46),40.0,40.860363,0.860363
wsm222472,36.52,37.91,20.2,62.0,AT,C,NF,42.0,POINT (36.52 37.91),42.0,28.658163,13.341837
wsm216670,22.18,39.69,14.4,119.0,EU,C,NF,123.0,POINT (22.18 39.69),123.0,116.07514,6.924858
wsm114103,22.87,41.16,17.0,168.0,EU,C,NF,104.0,POINT (22.87 41.16),104.0,93.05739,10.942612
wsm159777,24.47,39.03,19.1,91.0,AS,C,NS,101.0,POINT (24.47 39.03),101.0,91.785675,9.214325
wsm51556,-2.63,36.5,6.0,44.0,EU,C,NS,167.0,POINT (-2.63 36.5),167.0,154.30008,12.699921
wsm93445,20.3,41.87,27.9,360.0,EU,C,NF,23.0,POINT (20.3 41.87),22.999996,26.32247,3.3224735
wsm14539,9.83,53.16,10.0,1571.0,EU,C,NF,20.0,POINT (9.83 53.16),20.0,4.2437887,15.756211
wsm51815,-1.792,37.012,8.0,123.0,EU,C,SS,155.0,POINT (-1.792 37.012),155.0,159.45027,4.4502716
wsm199138,26.95,37.84,12.1,97.0,AS,C,NF,89.0,POINT (26.95 37.84),89.0,101.84514,12.845139
wsm55009,25.27,38.81,10.0,112.0,AS,C,SS,87.0,POINT (25.27 38.81),86.99999,94.27807,7.278076
wsm207302,23.13,37.89,10.0,55.0,AS,C,NF,105.0,POINT (23.13 37.89),105.0,95.9753,9.024696
wsm221333,36.38,37.37,10.0,36.0,AT,C,SS,19.0,POINT (36.38 37.37),19.0,17.460657,1.5393429
wsm169718,13.32,42.56,9.1,416.0,EU,C,SS,168.0,POINT (13.32 42.56),168.0,152.1409,15.8591
wsm51221,9.14,46.922,3.0,888.0,EU,C,SS,151.0,POINT (9.14 46.922),151.0,139.55829,11.441711
wsm62737,22.43,44.88,15.0,564.0,EU,C,NF,98.0,POINT (22.43 44.88),98.0,89.05259,8.947411
wsm42253,15.61,40.38,0.0,203.0,EU,C,NF,135.0,POINT (15.61 40.38),135.0,138.37292,3.3729248
wsm186234,11.87,42.94,6.5,432.0,EU,C,TF,129.0,POINT (11.87 42.94),129.0,142.76112,13.761124
wsm51699,2.223,42.292,9.0,614.0,EU,C,NF,116.0,POINT (2.223 42.292),116.0,132.76018,16.760178
wsm50902,8.38,47.71,22.0,986.0,EU,C,SS,134.0,POINT (8.38 47.71),134.0,135.2684,1.2684021
wsm50805,6.27,46.15,4.0,879.0,EU,C,SS,142.0,POINT (6.27 46.15),142.0,130.7729,11.227097
wsm208566,19.66,41.79,30.0,325.0,EU,C,TF,49.0,POINT (19.66 41.79),48.999996,42.64789,6.352108
wsm21438,13.6016,52.9038,4.15,1548.0,EU,B,SS,18.0,POINT (13.6016 52.9038),18.0,9.947507,8.052493
wsm168931,13.04,42.98,7.9,454.0,EU,C,NF,159.0,POINT (13.04 42.98),159.0,151.3967,7.603302
wsm38785,14.1,38.0,10.0,74.0,AF,B,TF,161.0,POINT (14.1 38),161.0,165.51193,4.5119324
wsm129383,29.13,39.07,19.3,139.0,AT,C,NF,118.0,POINT (29.13 39.07),118.0,107.19538,10.804619
wsm197818,38.04,38.68,5.0,68.0,AT,C,SS,30.0,POINT (38.04 38.68),30.0,18.671122,11.328878
wsm50920,7.861,47.606,23.0,985.0,EU,C,NF,128.0,POINT (7.861 47.606),128.0,132.62964,4.6296387
wsm00292,26.563,39.108,0.0,22.0,AS,C,NF,74.0,POINT (26.563 39.108),74.0,85.78896,11.788963
wsm234603,37.06,37.31,8.0,23.0,AR,C,SS,171.0,POINT (37.06 37.31),171.0,1.7095217,10.709518
wsm0448,-2.57,51.99,21.1,1637.0,EU,C,NS,140.0,POINT (-2.57 51.99),140.0,139.13972,0.86027527
wsm50985,7.748,47.674,12.0,995.0,EU,C,SS,151.0,POINT (7.748 47.674),151.0,143.04605,7.953949
wsm78661,16.01,44.17,29.9,579.0,EU,C,TF,3.0,POINT (16.01 44.17),3.0,6.38883,3.3888302
wsm51547,-2.92,36.6,10.0,63.0,EU,C,SS,144.0,POINT (-2.92 36.6),144.0,148.53058,4.5305786
wsm229187,38.39,38.1,12.0,3.0,AR,C,SS,22.0,POINT (38.39 38.1),21.999998,18.546669,3.453329
wsm208589,13.11,42.93,9.0,450.0,EU,C,NF,160.0,POINT (13.11 42.93),160.0,155.92432,4.0756836
wsm66981,18.08,42.75,15.0,398.0,EU,C,SS,47.0,POINT (18.08 42.75),47.0,44.34058,2.65942
wsm51461,-4.62,42.86,14.0,772.0,EU,C,NF,133.0,POINT (-4.62 42.86),133.0,139.93608,6.936081
wsm119589,5.31,35.72,6.0,152.0,AF,C,TF,17.0,POINT (5.31 35.72),17.0,7.1152053,9.884794
wsm08057,-6.11,38.99,0.0,403.0,EU,C,SS,97.0,POINT (-6.11 38.99),97.0,111.288185,14.288185
wsm51244,7.275,46.0,6.0,832.0,EU,C,NS,94.0,POINT (7.275 46),94.0,100.43018,6.4301834
wsm171543,13.21,42.63,10.0,421.0,EU,C,NF,101.0,POINT (13.21 42.63),101.0,115.03583,14.035828
wsm222584,38.04,38.12,6.0,14.0,AT,C,SS,36.0,POINT (38.04 38.12),36.0,26.589697,9.410303
wsm167780,22.03,38.11,18.3,30.0,AS,C,NF,119.0,POINT (22.03 38.11),119.0,107.86603,11.133972
wsm114461,26.96,37.58,12.0,113.0,AS,C,NF,105.0,POINT (26.96 37.58),105.0,98.36606,6.6339417
wsm182848,12.31,44.41,10.0,599.0,EU,C,TF,26.0,POINT (12.31 44.41),25.999998,20.808994,5.191004
wsm51138,7.357,46.319,6.0,863.0,EU,C,SS,138.0,POINT (7.357 46.319),138.0,129.1133,8.8867035
wsm91802,19.57,41.25,18.0,269.0,EU,C,TF,54.0,POINT (19.57 41.25),53.999996,47.593567,6.4064293
wsm136350,17.84,42.95,7.4,421.0,EU,C,TF,32.0,POINT (17.84 42.95),32.0,37.212418,5.2124176
wsm144940,25.82,40.26,12.0,18.0,AT,C,NS,107.0,POINT (25.82 40.26),107.0,115.077156,8.077156
wsm51632,-0.42,39.02,6.0,338.0,EU,C,NF,172.0,POINT (-0.42 39.02),172.0,161.20572,10.794281
wsm112873,28.98,39.15,16.8,134.0,AT,C,NF,111.0,POINT (28.98 39.15),111.00001,109.19997,1.8000412
wsm63320,39.78,39.61,6.5,14.0,AT,C,NF,38.0,POINT (39.78 39.61),38.0,25.4882,12.511801
wsm73802,20.85,39.51,15.0,121.0,EU,C,TF,33.0,POINT (20.85 39.51),33.0,46.132015,13.132015
wsm203030,7.24,36.54,10.0,87.0,AF,C,NS,159.0,POINT (7.24 36.54),159.0,159.9131,0.9131012
wsm138390,17.85,44.24,12.0,564.0,EU,C,SS,29.0,POINT (17.85 44.24),28.999998,18.047598,10.9524
wsm82887,24.76,42.05,15.0,218.0,EU,C,NF,72.0,POINT (24.76 42.05),72.0,85.214386,13.214386
wsm186971,14.89,37.66,21.1,40.0,AF,C,TF,28.0,POINT (14.89 37.66),27.999998,26.353037,1.6469612
wsm93743,28.49,37.0,15.0,7.0,AT,C,NF,69.0,POINT (28.49 37),68.99999,87.72425,18.724258
wsm176255,10.34,36.93,10.0,179.0,AF,C,TF,176.0,POINT (10.34 36.93),176.0,172.03384,3.966156
wsm51783,-2.28,38.15,8.0,229.0,EU,C,SS,137.0,POINT (-2.28 38.15),137.0,144.71939,7.719391
wsm129252,14.92,38.03,10.0,37.0,AF,C,NF,90.0,POINT (14.92 38.03),90.0,91.33531,1.3353119
wsm11656,7.88,48.93,3.4,1127.0,EU,C,NF,170.0,POINT (7.88 48.93),170.0,147.26038,22.739624
wsm166786,13.11,42.8,4.0,436.0,EU,C,NF,121.0,POINT (13.11 42.8),121.0,144.72139,23.72139
wsm165757,13.09,42.88,12.0,444.0,EU,C,NF,161.0,POINT (13.09 42.88),161.0,157.54253,3.4574738
wsm08067,-3.62,42.3,0.0,695.0,EU,C,NF,101.0,POINT (-3.62 42.3),101.0,123.32684,22.326843
wsm234948,17.63,44.53,10.0,597.0,EU,C,SS,6.0,POINT (17.63 44.53),6.0,9.164396,3.1643963
wsm50820,7.64,46.183,6.0,841.0,EU,C,NF,102.0,POINT (7.64 46.183),102.0,108.73668,6.736679
wsm86277,15.4,43.08,15.0,485.0,EU,C,TF,40.0,POINT (15.4 43.08),40.0,24.71784,15.28216
wsm168726,13.21,42.71,9.8,429.0,EU,C,NF,153.0,POINT (13.21 42.71),153.0,154.06874,1.0687408
wsm168697,13.24,42.58,12.9,416.0,EU,C,NF,140.0,POINT (13.24 42.58),140.0,149.04105,9.041046
wsm67938,26.92,36.07,15.0,167.0,AS,C,NF,25.0,POINT (26.92 36.07),24.999998,30.671598,5.6716003
wsm192075,20.76,37.7,4.0,42.0,AS,C,NF,121.0,POINT (20.76 37.7),121.0,113.079834,7.920166
wsm121341,36.37,37.35,10.0,37.0,AT,C,NF,144.0,POINT (36.37 37.35),144.0,155.69205,11.692047
wsm213292,24.37,39.96,10.0,19.0,AS,C,SS,114.0,POINT (24.37 39.96),114.0,111.46322,2.5367813
wsm77816,8.48,44.87,15.0,681.0,EU,C,NF,135.0,POINT (8.48 44.87),135.0,134.89912,0.100875854
wsm51609,0.72,36.24,6.0,19.0,EU,C,TF,129.0,POINT (0.72 36.24),129.0,149.23018,20.230179
wsm117584,19.44,42.34,32.5,374.0,EU,C,TF,48.0,POINT (19.44 42.34),48.0,39.700127,8.299873
wsm51605,-3.82,37.05,26.0,141.0,EU,C,NF,94.0,POINT (-3.82 37.05),94.0,126.03987,32.03987
wsm184853,38.17,38.76,10.0,73.0,AT,C,NF,19.0,POINT (38.17 38.76),19.0,17.74453,1.2554703
wsm171594,20.8,41.01,12.3,284.0,EU,C,NF,35.0,POINT (20.8 41.01),35.0,35.90889,0.9088898
wsm165624,13.14,42.82,9.2,439.0,EU,C,NF,158.0,POINT (13.14 42.82),158.0,153.2945,4.7055054
wsm84853,14.87,41.68,15.0,326.0,EU,C,SS,134.0,POINT (14.87 41.68),134.0,138.53987,4.539871
wsm51020,6.783,46.791,29.0,927.0,EU,C,SS,167.0,POINT (6.783 46.791),167.0,145.71634,21.28366
wsm197571,38.6,38.18,15.0,22.0,AR,C,SS,12.0,POINT (38.6 38.18),12.0,16.081783,4.0817833
wsm37645,7.0,44.5,10.0,690.0,EU,A,NF,160.0,POINT (7 44.5),160.0,148.18285,11.817154
wsm149581,12.53,43.35,7.9,485.0,EU,C,NF,155.0,POINT (12.53 43.35),155.0,147.41162,7.588379
wsm185953,16.14,38.51,10.1,50.0,EU,C,NF,52.0,POINT (16.14 38.51),51.999996,50.32825,1.6717453
wsm140403,37.12,37.2,24.9,35.0,AR,C,SS,161.0,POINT (37.12 37.2),161.0,6.058181,25.058182
wsm187156,41.78,40.4,10.0,160.0,EU,C,TF,145.0,POINT (41.78 40.4),145.0,151.18039,6.1803894
wsm166593,26.99,37.95,13.9,85.0,AS,C,NS,110.0,POINT (26.99 37.95),110.0,103.87383,6.1261673
wsm157527,29.52,37.61,22.3,111.0,AT,C,NF,53.0,POINT (29.52 37.61),53.0,51.997776,1.002224
wsm107148,29.34,36.83,13.0,72.0,AT,C,NF,98.0,POINT (29.34 36.83),98.0,98.10952,0.10951996
wsm71503,20.48,37.85,15.0,17.0,AS,C,TS,61.0,POINT (20.48 37.85),60.999996,69.98895,8.988956
wsm102261,28.98,40.46,14.3,26.0,AT,C,NS,96.0,POINT (28.98 40.46),96.0,102.02984,6.0298386
wsm190320,19.47,41.47,22.4,286.0,EU,C,TF,86.0,POINT (19.47 41.47),86.0,60.349026,25.650974
wsm51089,7.926,45.982,7.0,812.0,EU,C,NF,131.0,POINT (7.926 45.982),131.0,123.72423,7.275772
wsm219211,13.33,43.87,10.0,556.0,EU,C,TF,98.0,POINT (13.33 43.87),98.0,98.219376,0.21937561
wsm168798,13.34,42.55,11.8,416.0,EU,C,NF,149.0,POINT (13.34 42.55),149.0,151.22055,2.2205505
wsm162289,7.29,44.41,8.9,670.0,EU,C,TF,107.0,POINT (7.29 44.41),107.0,105.64687,1.3531265
wsm105319,19.52,41.28,27.8,270.0,EU,C,SS,33.0,POINT (19.52 41.28),33.0,51.061153,18.061153
wsm229385,27.03,37.9,12.4,87.0,AS,C,NF,103.0,POINT (27.03 37.9),103.0,106.25425,3.2542496
wsm02469,13.138,46.265,5.0,813.0,EU,C,TF,158.0,POINT (13.138 46.265),158.0,171.59865,13.598648
wsm139602,33.8,39.35,17.7,189.0,AT,C,NS,161.0,POINT (33.8 39.35),161.0,159.21945,1.7805481
wsm222735,36.62,37.86,19.5,54.0,AT,C,NS,62.0,POINT (36.62 37.86),62.000004,42.593395,19.406609
wsm199988,26.19,35.59,22.6,157.0,AS,C,NF,2.0,POINT (26.19 35.59),1.9999996,168.9482,13.051804
wsm57103,42.02,40.52,10.0,182.0,EU,C,TF,13.0,POINT (42.02 40.52),12.999999,174.07938,18.920624
wsm50973,6.858,46.923,2.0,939.0,EU,C,SS,130.0,POINT (6.858 46.923),130.0,137.98871,7.9887085
wsm94981,37.25,44.49,15.0,413.0,EU,C,NF,78.0,POINT (37.25 44.49),78.0,88.82108,10.821083
wsm0408,-0.06,53.65,19.3,1565.0,EU,C,SS,158.0,POINT (-0.06 53.65),158.0,145.1341,12.865906
wsm50792,7.39,46.42,9.0,872.0,EU,C,SS,125.0,POINT (7.39 46.42),125.0,125.711136,0.71113586
wsm63278,39.87,39.53,10.2,19.0,AT,C,TS,167.0,POINT (39.87 39.53),167.0,168.46033,1.4603271
wsm166401,13.12,42.85,7.8,442.0,EU,C,NF,132.0,POINT (13.12 42.85),132.0,148.55013,16.550125
wsm08001,-1.9,37.0,0.0,116.0,EU,C,SS,161.0,POINT (-1.9 37),161.0,156.86635,4.1336517
wsm85246,35.97,37.51,19.9,73.0,AT,C,NF,22.0,POINT (35.97 37.51),21.999998,23.84724,1.8472424
wsm51049,8.507,46.67,5.0,872.0,EU,C,SS,151.0,POINT (8.507 46.67),151.0,141.18004,9.819962
wsm51284,6.119,45.546,6.0,825.0,EU,C,TF,136.0,POINT (6.119 45.546),136.0,133.23975,2.760254
wsm54578,23.01,37.77,15.0,61.0,AS,C,NF,73.0,POINT (23.01 37.77),73.0,71.79665,1.2033463
wsm194540,21.03,37.91,10.5,59.0,AS,C,SS,86.0,POINT (21.03 37.91),86.0,82.565636,3.4343643
wsm104163,20.24,38.36,12.0,21.0,EU,C,SS,77.0,POINT (20.24 38.36),77.0,69.10882,7.891182
wsm51763,-3.83,35.58,12.0,8.0,EU,C,SS,169.0,POINT (-3.83 35.58),169.0,161.75818,7.2418213
wsm148142,13.84,41.72,14.8,334.0,EU,C,NF,100.0,POINT (13.84 41.72),100.0,114.775,14.775002
wsm70500,12.83,43.2,10.0,474.0,EU,C,NF,167.0,POINT (12.83 43.2),167.0,155.36378,11.636215
wsm113459,13.37,42.33,8.4,394.0,EU,C,NF,173.0,POINT (13.37 42.33),173.0,150.21992,22.780075
wsm93486,10.16,40.83,6.0,212.0,EU,C,TF,96.0,POINT (10.16 40.83),96.0,99.55277,3.5527725
wsm51680,-3.53,35.71,6.0,24.0,AF,C,TS,177.0,POINT (-3.53 35.71),177.0,160.65471,16.345291
wsm139984,15.98,39.88,12.0,170.0,EU,C,NF,152.0,POINT (15.98 39.88),152.0,148.12311,3.876892
wsm197912,17.31,39.16,21.0,56.0,EU,C,SS,77.0,POINT (17.31 39.16),77.0,73.7726,3.2274017
wsm156134,23.06,36.35,18.5,91.0,AS,C,SS,29.0,POINT (23.06 36.35),28.999998,39.18578,10.1857815
wsm224665,36.62,38.08,10.0,75.0,AT,C,NF,150.0,POINT (36.62 38.08),150.0,152.30667,2.3066711
wsm168688,13.29,42.44,18.1,403.0,EU,C,NF,151.0,POINT (13.29 42.44),151.0,148.81766,2.1823425
wsm221523,36.15,36.3,10.0,22.0,AT,C,TF,3.0,POINT (36.15 36.3),3.0,7.85245,4.85245
wsm51455,-9.552,37.73,28.0,126.0,EU,C,TF,151.0,POINT (-9.552 37.73),151.0,153.78015,2.7801514
wsm95179,40.79,39.39,18.0,29.0,EU,C,SS,145.0,POINT (40.79 39.39),145.0,147.03464,2.0346375
wsm147984,20.31,38.2,13.6,10.0,EU,C,TF,105.0,POINT (20.31 38.2),105.0,96.35171,8.648293
wsm51523,0.678,40.413,7.0,449.0,EU,C,SS,167.0,POINT (0.678 40.413),167.0,173.96312,6.9631195
wsm69565,12.77,43.06,10.0,458.0,EU,C,NF,147.0,POINT (12.77 43.06),147.0,147.68117,0.6811676
wsm213169,15.8,37.28,10.0,3.0,EU,C,SS,160.0,POINT (15.8 37.28),160.0,159.6078,0.39219666
wsm202086,22.07,39.67,17.0,127.0,EU,C,NF,116.0,POINT (22.07 39.67),116.0,111.688866,4.3111343
wsm70987,35.54,36.89,10.0,84.0,AT,C,SS,179.0,POINT (35.54 36.89),179.0,10.553289,11.553284
wsm114275,22.08,38.32,13.6,8.0,AS,C,NF,101.0,POINT (22.08 38.32),101.0,96.31007,4.689934
wsm68041,35.18,40.86,15.0,33.0,AT,C,SS,151.0,POINT (35.18 40.86),151.0,156.24112,5.2411194
wsm50929,7.696,47.514,19.0,979.0,EU,C,SS,169.0,POINT (7.696 47.514),169.0,146.1609,22.839096
wsm154194,19.38,41.42,21.4,278.0,EU,C,TF,47.0,POINT (19.38 41.42),47.0,51.494972,4.494972
wsm194133,23.75,37.66,6.0,113.0,AS,C,NF,92.0,POINT (23.75 37.66),92.00001,90.600426,1.3995819
wsm221395,38.19,38.15,8.0,16.0,AT,C,SS,15.0,POINT (38.19 38.15),15.0,28.724337,13.724337
wsm70355,17.5,43.01,15.0,429.0,EU,C,TF,77.0,POINT (17.5 43.01),77.0,53.284668,23.715332
wsm51652,-5.42,37.08,8.0,223.0,EU,C,SS,151.0,POINT (-5.42 37.08),151.0,152.15613,1.1561279
wsm81939,23.73,39.16,15.0,27.0,AS,C,SS,98.0,POINT (23.73 39.16),98.0,86.92019,11.079811
wsm166114,40.72,42.61,10.0,324.0,EU,C,SS,75.0,POINT (40.72 42.61),75.0,84.59188,9.591881
wsm113502,13.39,42.31,17.4,393.0,EU,C,NS,133.0,POINT (13.39 42.31),133.0,140.3184,7.318405
wsm50804,7.852,47.674,23.0,993.0,EU,C,SS,171.0,POINT (7.852 47.674),171.0,155.69202,15.307983
wsm73987,19.56,41.32,15.0,275.0,EU,C,TF,48.0,POINT (19.56 41.32),48.0,49.067795,1.0677948
wsm110399,23.76,39.54,12.0,20.0,AS,C,NS,121.0,POINT (23.76 39.54),121.0,99.95114,21.048859
wsm50966,7.713,47.505,22.0,978.0,EU,C,NF,147.0,POINT (7.713 47.505),147.0,142.65714,4.342865
wsm34100,8.65,49.84,10.0,1214.0,EU,C,SS,163.0,POINT (8.65 49.84),163.0,145.95111,17.04889
wsm50906,8.873,47.604,12.0,967.0,EU,C,NF,167.0,POINT (8.873 47.604),167.0,155.7591,11.240906
wsm145439,27.41,40.35,10.0,35.0,AT,C,SS,110.0,POINT (27.41 40.35),110.0,114.051155,4.051155
wsm131929,18.68,42.52,18.2,378.0,EU,C,TF,39.0,POINT (18.68 42.52),39.0,35.99354,3.0064583
wsm51429,-3.7206,37.1565,5.0,147.0,EU,C,NF,135.0,POINT (-3.7206 37.1565),135.0,143.05351,8.053513
wsm103043,14.78,38.02,15.0,46.0,AF,C,NF,149.0,POINT (14.78 38.02),149.0,152.95638,3.9563751
wsm160530,37.75,38.82,20.2,94.0,AT,C,SS,26.0,POINT (37.75 38.82),25.999998,19.715288,6.28471
wsm51685,-7.55,36.68,30.0,121.0,EU,C,TF,153.0,POINT (-7.55 36.68),153.0,156.73718,3.7371826
wsm84648,40.18,39.42,15.0,23.0,AT,C,SS,6.0,POINT (40.18 39.42),6.0,176.95428,9.045715
wsm167007,13.15,42.89,13.1,447.0,EU,C,NF,144.0,POINT (13.15 42.89),144.0,161.76236,17.76236
wsm115040,22.0,37.5,11.8,96.0,AS,C,SS,95.0,POINT (22 37.5),95.00001,98.30519,3.3051834
wsm170987,27.8,38.91,10.0,47.0,AT,C,NF,115.0,POINT (27.8 38.91),115.0,120.367645,5.3676453
wsm140759,22.94,36.66,11.5,114.0,AS,C,NF,147.0,POINT (22.94 36.66),147.0,141.98251,5.0174866
wsm135253,24.01,40.07,12.0,17.0,EU,C,NF,123.0,POINT (24.01 40.07),123.0,111.58227,11.417732
wsm0451,-4.91,56.04,7.0,1175.0,EU,C,NS,177.0,POINT (-4.91 56.04),177.0,172.69487,4.30513
wsm69633,12.9,43.02,10.0,456.0,EU,C,NF,131.0,POINT (12.9 43.02),131.0,141.6997,10.699707
wsm11311,6.18,48.37,15.0,1107.0,EU,C,NF,120.0,POINT (6.18 48.37),120.0,123.63608,3.636078
wsm122451,18.66,43.03,24.5,433.0,EU,C,SS,39.0,POINT (18.66 43.03),39.0,45.886295,6.8862953
wsm170036,23.96,39.41,10.0,38.0,AS,C,SS,95.0,POINT (23.96 39.41),95.00001,92.35802,2.6419907
wsm73475,29.25,40.8,15.0,22.0,EU,C,SS,129.0,POINT (29.25 40.8),129.0,126.451675,2.5483246
wsm165588,13.24,42.84,8.9,444.0,EU,C,NF,155.0,POINT (13.24 42.84),155.0,157.40344,2.4034424
wsm74776,42.31,40.47,12.0,191.0,EU,C,SS,13.0,POINT (42.31 40.47),12.999999,174.576,18.423996
wsm105157,21.56,38.47,17.3,6.0,EU,C,NF,113.0,POINT (21.56 38.47),113.0,112.18383,0.81616974
wsm51061,7.527,46.332,4.0,859.0,EU,C,NS,128.0,POINT (7.527 46.332),128.0,124.10368,3.8963165
wsm19811,8.96,47.78,10.0,985.0,EU,C,NS,156.0,POINT (8.96 47.78),156.0,158.09724,2.0972443
wsm70661,21.97,35.94,15.0,7.0,AS,C,TF,15.0,POINT (21.97 35.94),15.0,32.244453,17.244453
wsm250698,-3.05,37.7,10.0,182.0,EU,B,SS,152.0,POINT (-3.05 37.7),152.0,147.48187,4.5181274
wsm51222,7.374,46.325,5.0,863.0,EU,C,NF,86.0,POINT (7.374 46.325),86.0,102.23036,16.230362
wsm19808,7.76,48.1,7.0,1040.0,EU,C,SS,149.0,POINT (7.76 48.1),149.0,144.21555,4.7844543
wsm113586,13.21,42.52,12.0,409.0,EU,C,NF,138.0,POINT (13.21 42.52),138.0,148.18864,10.188644
wsm79779,33.11,40.7,15.0,44.0,AT,C,NF,136.0,POINT (33.11 40.7),136.0,156.57327,20.573273
wsm156562,12.08,45.85,12.4,756.0,EU,C,TF,158.0,POINT (12.08 45.85),158.0,156.34827,1.6517334
wsm221978,36.01,36.05,14.0,36.0,AT,C,SS,172.0,POINT (36.01 36.05),172.0,5.370879,13.37088
wsm50943,9.576,47.35,30.0,930.0,EU,C,SS,146.0,POINT (9.576 47.35),146.0,153.30421,7.3042145
wsm211188,40.16,39.19,10.0,34.0,AT,C,SS,2.0,POINT (40.16 39.19),1.9999996,177.57251,4.42749
wsm51683,-1.7,38.02,6.0,227.0,EU,C,NF,135.0,POINT (-1.7 38.02),135.0,153.09389,18.093887
wsm148420,20.27,37.97,17.7,16.0,EU,C,SS,95.0,POINT (20.27 37.97),95.00001,76.53738,18.462631
wsm190254,21.88,38.37,6.0,25.0,AS,C,NF,81.0,POINT (21.88 38.37),80.99999,87.77842,6.778427
wsm229884,22.37,38.46,9.0,21.0,EU,C,SS,90.0,POINT (22.37 38.46),90.0,93.28616,3.2861633
wsm00289,26.302,39.38,0.0,17.0,AS,A,NF,72.0,POINT (26.302 39.38),72.0,85.42586,13.425858
wsm141971,16.4,43.69,10.0,519.0,EU,C,TF,18.0,POINT (16.4 43.69),18.0,15.881627,2.118373
wsm90664,17.18,43.34,12.0,468.0,EU,C,TF,26.0,POINT (17.18 43.34),25.999998,26.622612,0.6226139
wsm121310,36.08,36.48,12.0,37.0,AT,C,NF,26.0,POINT (36.08 36.48),25.999998,24.506283,1.4937153
wsm51788,4.84,36.47,24.0,73.0,AF,C,TF,143.0,POINT (4.84 36.47),143.0,152.53545,9.535446
wsm70714,39.0,38.19,15.0,19.0,AR,C,SS,26.0,POINT (39 38.19),25.999998,19.975662,6.024336
wsm156029,24.51,39.12,7.0,91.0,AS,C,SS,104.0,POINT (24.51 39.12),104.0,95.359314,8.640686
wsm165591,13.16,42.83,4.0,441.0,EU,C,NF,171.0,POINT (13.16 42.83),171.0,165.29785,5.7021484
wsm74990,15.43,45.89,4.0,776.0,EU,C,TF,174.0,POINT (15.43 45.89),174.0,0.62321895,6.6232147
wsm158686,26.3,38.78,15.7,64.0,AS,C,NF,109.0,POINT (26.3 38.78),109.0,106.844086,2.1559143
wsm226892,21.77,49.05,12.0,1015.0,EU,C,TF,89.0,POINT (21.77 49.05),89.0,63.82365,25.17635
wsm51769,-0.364,43.09,8.0,759.0,EU,C,NF,112.0,POINT (-0.364 43.09),112.0,122.858696,10.858696
wsm108032,21.94,39.09,27.7,81.0,EU,C,SS,118.0,POINT (21.94 39.09),118.0,112.21967,5.780327
wsm158089,21.33,39.33,19.4,101.0,EU,C,NF,133.0,POINT (21.33 39.33),133.0,122.28854,10.711456
wsm166346,13.25,42.89,9.3,449.0,EU,C,NF,166.0,POINT (13.25 42.89),166.0,159.15901,6.840988
wsm82414,31.66,38.44,17.2,246.0,AT,C,NF,41.0,POINT (31.66 38.44),41.0,30.20245,10.79755
wsm184166,25.62,39.78,10.0,22.0,AS,C,SS,91.0,POINT (25.62 39.78),91.0,98.75693,7.7569275
wsm67609,26.94,37.83,15.0,98.0,AS,C,NF,112.0,POINT (26.94 37.83),112.0,103.66764,8.332359
wsm172852,13.27,42.17,5.0,375.0,EU,C,NF,120.0,POINT (13.27 42.17),120.0,154.41896,34.41896
wsm51257,7.056,46.722,4.0,913.0,EU,C,SS,126.0,POINT (7.056 46.722),126.0,129.52272,3.5227203
wsm221835,39.88,38.58,28.8,32.0,AR,C,NF,21.0,POINT (39.88 38.58),21.0,19.876324,1.1236763
wsm171537,13.21,42.63,10.7,421.0,EU,C,NF,152.0,POINT (13.21 42.63),152.0,151.61777,0.38223267
wsm190319,19.35,41.64,11.9,299.0,EU,C,TF,79.0,POINT (19.35 41.64),79.0,47.70082,31.29918
wsm220042,13.3,43.91,9.1,559.0,EU,C,TF,42.0,POINT (13.3 43.91),42.0,36.038223,5.9617767
wsm22038,30.035,37.525,0.0,156.0,AT,C,NF,64.0,POINT (30.035 37.525),64.0,45.684437,18.315563
wsm63238,39.76,39.61,5.8,15.0,AT,C,NF,38.0,POINT (39.76 39.61),38.0,25.418304,12.581696
wsm86977,14.97,35.85,15.0,170.0,AF,C,SS,127.0,POINT (14.97 35.85),127.0,138.99138,11.991379
wsm178480,19.48,41.29,31.0,269.0,EU,C,TF,57.0,POINT (19.48 41.29),56.999996,49.685375,7.314621
wsm88917,27.5,43.04,15.0,251.0,EU,C,TF,111.0,POINT (27.5 43.04),111.00001,108.28685,2.7131577
wsm50872,9.837,46.792,4.0,866.0,EU,C,NF,101.0,POINT (9.837 46.792),101.0,121.2631,20.2631
wsm189447,28.63,36.26,17.1,18.0,AS,C,TF,88.0,POINT (28.63 36.26),87.99999,91.24192,3.241928
wsm51239,7.619,46.235,2.0,847.0,EU,C,NF,100.0,POINT (7.619 46.235),100.0,107.11177,7.1117706
wsm57965,19.69,41.49,10.1,297.0,EU,C,TF,56.0,POINT (19.69 41.49),55.999996,43.47606,12.523937
wsm74898,37.28,37.63,10.0,22.0,AT,C,SS,172.0,POINT (37.28 37.63),172.0,178.66997,6.6699677
wsm56166,24.66,39.89,10.0,20.0,AS,C,SS,94.0,POINT (24.66 39.89),94.0,94.82699,0.8269882
wsm50862,9.111,47.144,8.0,913.0,EU,C,TF,123.0,POINT (9.111 47.144),123.0,146.27878,23.278778
wsm87210,28.98,38.03,15.0,69.0,AT,C,SS,101.0,POINT (28.98 38.03),101.0,110.44248,9.442482
wsm155038,30.01,37.06,12.0,134.0,AT,C,NF,178.0,POINT (30.01 37.06),178.0,4.7906127,6.790619
wsm229986,26.97,40.29,18.0,43.0,AT,C,SS,117.0,POINT (26.97 40.29),117.0,119.108444,2.1084442
wsm51450,-5.2873,36.9962,19.0,208.0,EU,C,SS,126.0,POINT (-5.2873 36.9962),126.0,139.59317,13.59317
wsm68178,17.53,42.59,15.0,382.0,EU,C,TF,36.0,POINT (17.53 42.59),36.0,43.2014,7.2014008
wsm144335,10.13,44.18,9.1,575.0,EU,C,NF,123.0,POINT (10.13 44.18),123.0,126.92459,3.924591
wsm75349,20.54,38.96,15.0,55.0,EU,C,SS,38.0,POINT (20.54 38.96),38.0,58.99644,20.99644
wsm51725,0.04,39.39,8.0,362.0,EU,C,NF,132.0,POINT (0.04 39.39),132.0,157.08722,25.08722
wsm182258,24.29,39.49,10.0,50.0,AS,C,SS,80.0,POINT (24.29 39.49),80.0,88.53891,8.53891
wsm68812,14.35,41.34,10.0,287.0,EU,C,NF,118.0,POINT (14.35 41.34),118.0,139.81409,21.814087
wsm193875,15.39,41.81,23.1,347.0,EU,C,TF,137.0,POINT (15.39 41.81),137.0,153.32884,16.328842
wsm37644,12.75,43.25,10.0,478.0,EU,C,NF,129.0,POINT (12.75 43.25),129.0,152.56418,23.564178
wsm108474,29.07,40.65,19.1,5.0,AT,C,NF,132.0,POINT (29.07 40.65),132.0,123.00627,8.993729
wsm221757,36.33,37.94,9.0,73.0,AT,C,NF,38.0,POINT (36.33 37.94),38.0,29.8622,8.1378
wsm222039,35.2,38.7,21.1,201.0,AT,C,SS,169.0,POINT (35.2 38.7),169.0,3.7639024,14.763901
wsm178486,19.5,41.43,21.2,283.0,EU,C,SS,53.0,POINT (19.5 41.43),53.0,53.823196,0.8231964
wsm220371,24.19,38.22,10.0,116.0,AS,C,SS,84.0,POINT (24.19 38.22),84.0,88.76277,4.7627716
wsm21599,10.53,45.63,8.5,732.0,EU,C,NF,9.0,POINT (10.53 45.63),9.0,169.28722,19.712784
wsm224311,36.59,37.96,15.0,65.0,AT,C,NF,23.0,POINT (36.59 37.96),22.999996,22.714888,0.28510857
wsm220894,26.26,39.45,12.0,9.0,AS,C,NS,108.0,POINT (26.26 39.45),108.0,105.107864,2.8921356
wsm57910,6.87,36.46,10.0,96.0,AF,C,SS,165.0,POINT (6.87 36.46),165.0,159.29549,5.7045135
wsm51583,-2.58,36.71,26.0,67.0,EU,C,SS,157.0,POINT (-2.58 36.71),157.0,156.76515,0.23484802
wsm150840,25.2,38.23,14.6,170.0,AS,C,SS,96.0,POINT (25.2 38.23),96.0,103.90966,7.9096603
wsm221692,38.73,38.01,10.0,34.0,AR,C,SS,35.0,POINT (38.73 38.01),35.0,23.771046,11.228954
wsm51142,7.359,46.322,5.0,863.0,EU,C,NS,126.0,POINT (7.359 46.322),126.0,124.03134,1.9686584
wsm20778,9.027,48.292,6.0,1040.0,EU,C,SS,155.0,POINT (9.027 48.292),155.0,147.86905,7.130951
wsm166384,13.23,42.79,9.4,438.0,EU,C,NF,132.0,POINT (13.23 42.79),132.0,142.51782,10.517822
wsm51626,3.06,41.37,14.0,501.0,EU,C,TS,175.0,POINT (3.06 41.37),175.0,163.484,11.516006
wsm69559,12.84,43.11,10.0,464.0,EU,C,NF,156.0,POINT (12.84 43.11),156.0,148.62941,7.37059
wsm113531,13.44,42.34,18.0,397.0,EU,C,SS,108.0,POINT (13.44 42.34),108.0,140.43123,32.43123
wsm169037,26.07,39.52,6.0,16.0,AS,C,NF,90.0,POINT (26.07 39.52),90.0,107.42016,17.420158
wsm221404,38.16,38.18,5.0,19.0,AT,C,SS,33.0,POINT (38.16 38.18),33.0,24.590414,8.409586
wsm215595,20.76,39.29,10.0,95.0,EU,C,SS,86.0,POINT (20.76 39.29),86.0,78.71245,7.287552
wsm00755,6.1,50.43,11.5,1324.0,EU,C,NF,132.0,POINT (6.1 50.43),132.0,129.85336,2.146637
wsm51194,9.128,46.907,2.0,887.0,EU,C,SS,132.0,POINT (9.128 46.907),132.0,137.83247,5.8324738
wsm56332,42.05,40.47,11.6,179.0,EU,C,SS,168.0,POINT (42.05 40.47),168.0,163.37979,4.6202087
wsm11635,10.272,51.85,0.14,1423.0,EU,B,TF,95.0,POINT (10.272 51.85),95.00001,102.503815,7.503807
wsm197816,22.09,35.74,10.0,26.0,AF,C,TS,27.0,POINT (22.09 35.74),27.0,22.001228,4.9987717
wsm08041,-1.7,38.35,0.0,261.0,EU,C,NF,80.0,POINT (-1.7 38.35),80.0,91.95935,11.959351
wsm139629,25.33,40.26,14.4,14.0,EU,C,SS,113.0,POINT (25.33 40.26),113.0,115.96021,2.9602127
wsm51751,3.707,37.003,12.0,28.0,EU,C,TF,130.0,POINT (3.707 37.003),130.0,143.34747,13.347473
wsm250701,-3.67,35.55,10.0,9.0,AF,B,SS,161.0,POINT (-3.67 35.55),161.0,154.66939,6.330612
wsm113492,13.39,42.34,10.2,396.0,EU,C,NF,143.0,POINT (13.39 42.34),143.0,148.48871,5.4887085
wsm69554,12.78,43.08,15.0,460.0,EU,C,NF,140.0,POINT (12.78 43.08),140.0,146.66266,6.6626587
wsm198868,26.82,37.83,10.0,105.0,AS,C,NF,94.0,POINT (26.82 37.83),94.0,102.667885,8.667885
wsm100648,20.02,40.13,18.8,187.0,EU,C,SS,53.0,POINT (20.02 40.13),53.0,50.188694,2.811306
wsm51183,6.883,46.029,4.0,846.0,EU,C,SS,115.0,POINT (6.883 46.029),115.0,117.197205,2.1972046
wsm54165,21.37,43.43,10.0,448.0,EU,C,SS,67.0,POINT (21.37 43.43),67.0,55.552654,11.447346
wsm221830,36.84,37.37,18.0,5.0,AR,C,NF,16.0,POINT (36.84 37.37),16.0,16.664434,0.66443443
wsm50941,7.56,47.225,10.0,952.0,EU,C,SS,136.0,POINT (7.56 47.225),136.0,144.50351,8.5035095
wsm221397,39.12,38.24,9.0,24.0,AR,C,SS,29.0,POINT (39.12 38.24),28.999998,21.414875,7.585123
wsm02497,15.916,46.208,10.0,800.0,EU,C,NF,15.0,POINT (15.916 46.208),15.0,8.416008,6.583992
wsm57944,24.12,41.24,20.6,137.0,EU,C,NF,72.0,POINT (24.12 41.24),72.0,78.79827,6.798271
wsm70061,10.52,44.19,19.2,572.0,EU,C,NF,126.0,POINT (10.52 44.19),126.0,133.67673,7.6767273
wsm51546,-8.39,37.628,9.0,168.0,EU,C,TF,133.0,POINT (-8.39 37.628),133.0,148.2435,15.2435
wsm94566,10.87,36.23,6.0,264.0,AF,C,TF,126.0,POINT (10.87 36.23),126.0,138.36963,12.369629
wsm181116,20.49,37.24,15.5,29.0,AF,C,TF,29.0,POINT (20.49 37.24),28.999998,37.940224,8.940226
wsm193528,17.22,39.08,21.9,65.0,EU,C,TF,113.0,POINT (17.22 39.08),113.0,113.08482,0.08482361
wsm209284,31.04,40.82,18.8,24.0,EU,C,TS,139.0,POINT (31.04 40.82),139.0,140.29324,1.2932434
wsm08005,-1.64,37.71,0.0,197.0,EU,C,SS,146.0,POINT (-1.64 37.71),146.0,156.72354,10.723541
wsm11661,5.29,43.51,1.05,664.0,EU,A,SS,5.0,POINT (5.29 43.51),5.0,161.00548,23.994522
wsm51520,0.7029,40.3886,2.9,446.0,EU,C,SS,179.0,POINT (0.7029 40.3886),179.0,166.27917,12.720825
wsm157412,16.54,39.93,18.7,148.0,EU,C,TF,113.0,POINT (16.54 39.93),113.0,115.555244,2.5552444
wsm08029,-2.7,41.45,0.0,595.0,EU,C,NF,106.0,POINT (-2.7 41.45),106.0,120.94367,14.943672
wsm11634,12.05,49.841,0.14,1199.0,EU,A,TS,115.0,POINT (12.05 49.841),115.0,133.92104,18.921036
wsm168801,19.86,40.83,5.0,245.0,EU,C,NF,104.0,POINT (19.86 40.83),104.0,102.17418,1.8258209
wsm51750,3.635,37.08,9.0,30.0,EU,C,TF,157.0,POINT (3.635 37.08),157.0,153.31331,3.6866913
wsm204318,27.01,38.09,10.0,74.0,AS,C,SS,95.0,POINT (27.01 38.09),95.00001,104.19824,9.198235
wsm83038,21.14,42.16,15.0,346.0,EU,C,NF,94.0,POINT (21.14 42.16),94.0,89.359924,4.6400757
wsm51837,-7.17,36.55,30.0,125.0,EU,C,SS,157.0,POINT (-7.17 36.55),157.0,154.04419,2.9558105
wsm232093,20.39,38.1,15.0,10.0,AS,C,SS,36.0,POINT (20.39 38.1),36.0,59.41816,23.41816
wsm51538,-1.7,37.88,22.0,212.0,EU,C,SS,144.0,POINT (-1.7 37.88),144.0,149.47318,5.473175
wsm51313,5.41,47.09,2.0,1002.0,EU,C,SS,170.0,POINT (5.41 47.09),170.0,156.03911,13.960892
wsm198026,24.27,39.93,15.0,23.0,AS,C,SS,103.0,POINT (24.27 39.93),103.0,108.77015,5.770149
wsm86967,26.02,40.19,15.0,15.0,AT,C,SS,122.0,POINT (26.02 40.19),122.0,117.579155,4.420845
wsm0414,-2.15,52.53,14.0,1599.0,EU,C,SS,144.0,POINT (-2.15 52.53),144.0,142.67651,1.3234863
wsm153835,26.23,38.9,12.0,55.0,AS,C,NF,110.0,POINT (26.23 38.9),110.0,96.34383,13.656174
wsm188499,32.97,40.75,10.0,48.0,AT,C,SS,141.0,POINT (32.97 40.75),141.0,153.3464,12.346405
wsm141402,14.79,37.79,16.0,53.0,AF,C,NF,100.0,POINT (14.79 37.79),100.0,107.42363,7.4236298
wsm51528,0.6903,40.3751,1.9,445.0,EU,C,NS,172.0,POINT (0.6903 40.3751),172.0,170.50363,1.4963684
wsm146008,16.45,47.96,11.6,985.0,EU,C,SS,18.0,POINT (16.45 47.96),18.0,7.6018424,10.398157
wsm137265,10.95,45.12,12.0,673.0,EU,C,TF,9.0,POINT (10.95 45.12),9.0,10.977113,1.9771128
wsm209598,25.87,37.67,12.0,174.0,AS,C,NF,115.0,POINT (25.87 37.67),115.0,114.67784,0.3221588
wsm86282,15.49,43.22,6.0,496.0,EU,C,TF,39.0,POINT (15.49 43.22),39.0,25.274487,13.725513
wsm160281,20.55,38.46,10.0,10.0,AS,C,SS,38.0,POINT (20.55 38.46),38.0,63.530407,25.530407
wsm63380,39.82,38.71,15.0,30.0,AT,C,SS,175.0,POINT (39.82 38.71),175.0,14.050744,19.05075
wsm124093,36.25,35.73,15.0,17.0,AF,C,NF,158.0,POINT (36.25 35.73),158.0,157.27515,0.7248535
wsm54233,22.71,38.58,10.0,21.0,EU,C,NF,89.0,POINT (22.71 38.58),89.0,89.640114,0.64011383
wsm179393,14.83,41.87,12.0,346.0,EU,C,SS,147.0,POINT (14.83 41.87),147.0,143.79178,3.2082214
wsm02400,14.36,46.318,3.0,840.0,EU,C,TF,78.0,POINT (14.36 46.318),78.0,57.8367,20.1633
wsm07896,13.39,46.15,10.0,804.0,EU,C,TF,170.0,POINT (13.39 46.15),170.0,0.8471442,10.847137
wsm135255,7.63,42.03,14.6,433.0,EU,C,TF,129.0,POINT (7.63 42.03),129.0,134.34964,5.34964
wsm223140,12.38,43.27,7.0,474.0,EU,C,NF,136.0,POINT (12.38 43.27),136.0,147.36542,11.3654175
wsm202063,22.13,39.65,12.0,121.0,EU,C,NF,133.0,POINT (22.13 39.65),133.0,115.09103,17.908974
wsm51480,-3.5971,35.5668,22.0,14.0,AF,C,TF,146.0,POINT (-3.5971 35.5668),146.0,158.66931,12.669312
wsm181282,20.26,36.81,10.0,55.0,AF,C,TF,57.0,POINT (20.26 36.81),56.999996,52.15787,4.842125
wsm230305,18.67,42.9,25.1,419.0,EU,C,SS,48.0,POINT (18.67 42.9),48.0,46.134975,1.8650246
wsm80885,24.29,39.02,15.0,77.0,AS,C,SS,104.0,POINT (24.29 39.02),104.0,96.09631,7.9036865
wsm158444,21.46,38.13,31.6,34.0,AS,C,SS,74.0,POINT (21.46 38.13),74.0,81.09301,7.09301
wsm177118,13.04,43.06,8.1,463.0,EU,C,NS,119.0,POINT (13.04 43.06),119.0,157.00604,38.006042
wsm63209,39.48,39.76,17.6,24.0,AT,C,SS,165.0,POINT (39.48 39.76),165.0,165.22597,0.2259674
wsm192063,39.24,38.35,26.5,22.0,AR,C,SS,22.0,POINT (39.24 38.35),21.999998,22.604193,0.60419464
wsm51192,9.134,46.906,2.0,887.0,EU,C,SS,127.0,POINT (9.134 46.906),127.0,138.04427,11.044266
wsm172955,27.65,36.99,15.9,62.0,AS,C,SS,65.0,POINT (27.65 36.99),65.0,87.63863,22.638634
wsm207040,26.95,36.33,25.3,149.0,AS,C,SS,27.0,POINT (26.95 36.33),27.0,24.760956,2.2390442
wsm02454,13.197,46.302,10.0,818.0,EU,C,TF,155.0,POINT (13.197 46.302),155.0,173.7381,18.738098
wsm127460,15.01,37.76,22.4,34.0,AF,C,SS,148.0,POINT (15.01 37.76),148.0,139.57881,8.421188
wsm00517,23.333,40.667,0.0,101.0,EU,A,NF,97.0,POINT (23.333 40.667),97.0,91.91113,5.088867
wsm235409,37.35,39.65,9.0,90.0,AT,C,NF,24.0,POINT (37.35 39.65),24.0,19.213045,4.786955
wsm164108,29.15,40.26,10.0,48.0,AT,C,NF,75.0,POINT (29.15 40.26),75.0,78.13807,3.1380692
wsm165518,13.22,42.63,9.5,421.0,EU,C,NF,156.0,POINT (13.22 42.63),156.0,150.85126,5.1487427
wsm230451,19.27,39.72,12.0,116.0,EU,C,NF,134.0,POINT (19.27 39.72),134.0,130.0118,3.988205
wsm51038,7.407,46.258,8.0,855.0,EU,C,SS,144.0,POINT (7.407 46.258),144.0,133.83061,10.169388
wsm165205,14.88,41.78,21.4,337.0,EU,C,SS,124.0,POINT (14.88 41.78),124.0,135.64789,11.647888
wsm209404,41.7,39.82,18.8,102.0,EU,C,TF,1.0,POINT (41.7 39.82),0.9999998,167.14796,13.8520355
wsm147875,20.37,38.05,16.8,11.0,AS,C,SS,66.0,POINT (20.37 38.05),66.0,64.499985,1.5000153
wsm132448,9.41,44.53,10.0,624.0,EU,C,TF,28.0,POINT (9.41 44.53),27.999998,21.286062,6.713936
wsm63972,22.6,38.09,15.0,23.0,AS,C,NF,92.0,POINT (22.6 38.09),92.00001,93.09347,1.0934601
wsm120898,16.69,38.91,14.0,112.0,EU,C,SS,150.0,POINT (16.69 38.91),150.0,156.43816,6.438156
wsm104170,20.34,38.37,17.7,14.0,EU,C,SS,71.0,POINT (20.34 38.37),71.0,66.282974,4.7170258
wsm72132,23.37,38.73,17.4,28.0,AS,C,NF,97.0,POINT (23.37 38.73),97.0,86.543686,10.456314
wsm182441,14.96,37.69,10.0,35.0,AF,C,SS,39.0,POINT (14.96 37.69),39.0,31.02824,7.97176
wsm51804,-1.49,38.11,6.0,243.0,EU,C,SS,1.0,POINT (-1.49 38.11),0.9999998,175.44347,5.556534
wsm63242,39.77,39.61,6.6,15.0,AT,C,NF,126.0,POINT (39.77 39.61),126.0,148.9787,22.978699
wsm165507,13.1,42.82,4.0,438.0,EU,C,NF,140.0,POINT (13.1 42.82),140.0,143.54468,3.5446777
wsm189193,17.15,39.21,9.5,70.0,EU,C,NS,87.0,POINT (17.15 39.21),86.99999,69.56878,17.431213
wsm97881,26.59,38.21,15.2,88.0,AS,C,SS,106.0,POINT (26.59 38.21),106.0,108.62218,2.6221771
wsm199720,19.39,41.56,35.2,292.0,EU,C,TF,68.0,POINT (19.39 41.56),68.0,56.535393,11.464607
wsm206012,23.33,38.34,12.4,44.0,AS,C,NF,114.0,POINT (23.33 38.34),114.0,106.83179,7.168213
wsm19796,23.44,44.476,1.44,500.0,EU,C,SS,171.0,POINT (23.44 44.476),171.0,165.69969,5.300308
wsm50871,6.749,46.283,17.0,876.0,EU,C,SS,118.0,POINT (6.749 46.283),118.0,126.21358,8.213577
wsm50907,7.2,46.782,2.0,915.0,EU,C,SS,130.0,POINT (7.2 46.782),130.0,132.95319,2.953186
wsm222317,38.77,38.0,18.8,36.0,AR,C,SS,4.0,POINT (38.77 38),4.0,13.486317,9.486317
wsm173465,21.31,40.84,20.3,244.0,EU,C,NF,71.0,POINT (21.31 40.84),71.0,67.6802,3.3198013
wsm204833,27.25,36.25,10.0,132.0,AS,C,NF,31.0,POINT (27.25 36.25),30.999998,46.269714,15.269716
wsm168927,12.6,40.99,12.0,232.0,EU,C,SS,95.0,POINT (12.6 40.99),95.00001,103.73871,8.738701
wsm163347,-1.2,46.08,9.0,1096.0,EU,C,SS,132.0,POINT (-1.2 46.08),132.0,135.48126,3.4812622
wsm172358,27.9,36.98,22.1,45.0,AS,C,NF,81.0,POINT (27.9 36.98),80.99999,90.64068,9.640686
wsm183688,26.35,39.63,12.0,14.0,AT,C,NF,118.0,POINT (26.35 39.63),118.0,115.215385,2.7846146
wsm63248,39.76,39.61,6.8,15.0,AT,C,SS,179.0,POINT (39.76 39.61),179.0,178.98657,0.013427734
wsm02578,17.617,47.317,0.01,907.0,EU,C,NF,151.0,POINT (17.617 47.317),151.0,153.27933,2.2793274
wsm235220,23.29,38.19,12.0,50.0,AS,C,NF,85.0,POINT (23.29 38.19),84.99999,93.31435,8.314354
wsm0420,-3.64,55.1,12.0,1305.0,EU,C,SS,127.0,POINT (-3.64 55.1),127.0,138.35318,11.35318
wsm24969,14.66,46.51,10.0,859.0,EU,C,TF,28.0,POINT (14.66 46.51),27.999998,17.642555,10.357443
wsm02413,13.42,43.72,0.0,542.0,EU,A,SS,85.0,POINT (13.42 43.72),84.99999,73.2453,11.754692
wsm63326,39.73,39.61,7.5,17.0,AT,C,SS,2.0,POINT (39.73 39.61),1.9999996,175.52798,6.4720154
wsm11622,2.96,46.18,0.53,1013.0,EU,A,TS,169.0,POINT (2.96 46.18),169.0,148.21625,20.783752
wsm216366,34.84,40.69,10.7,48.0,AT,C,SS,137.0,POINT (34.84 40.69),137.0,147.01413,10.01413
wsm192083,27.71,39.13,12.5,57.0,AT,C,NF,111.0,POINT (27.71 39.13),111.00001,120.02637,9.02636
wsm50945,9.234,45.87,22.0,772.0,EU,C,TF,25.0,POINT (9.234 45.87),24.999998,17.369146,7.6308517
wsm51245,7.474,47.678,13.0,1002.0,EU,C,SS,147.0,POINT (7.474 47.678),147.0,143.58337,3.416626
wsm51572,-8.23,38.89,23.3,293.0,EU,C,SS,157.0,POINT (-8.23 38.89),157.0,153.5312,3.4687958
wsm173636,17.51,43.75,11.6,511.0,EU,C,SS,27.0,POINT (17.51 43.75),27.0,25.54245,1.45755
wsm63185,39.84,39.52,15.0,21.0,AT,C,SS,14.0,POINT (39.84 39.52),13.999999,9.155232,4.8447666
wsm191896,27.79,39.05,12.0,60.0,AT,C,SS,126.0,POINT (27.79 39.05),126.0,121.8456,4.1544037
wsm149753,13.06,44.05,6.3,570.0,EU,C,TF,39.0,POINT (13.06 44.05),39.0,29.869514,9.130486
wsm224336,24.91,42.04,10.0,212.0,EU,C,NS,78.0,POINT (24.91 42.04),78.0,86.14051,8.140511
wsm08017,-2.01,38.73,0.0,296.0,EU,C,NF,143.0,POINT (-2.01 38.73),143.0,144.1906,1.1905975
wsm87785,7.2,36.43,15.0,99.0,AF,C,NS,0.0,POINT (7.2 36.43),0.0,168.3112,11.688797
wsm216995,23.31,38.34,4.0,42.0,AS,C,NF,101.0,POINT (23.31 38.34),101.0,102.008156,1.0081558
wsm185871,39.81,39.39,20.0,35.0,AT,C,SS,24.0,POINT (39.81 39.39),24.0,16.307802,7.692198
wsm152999,21.14,38.84,25.9,45.0,EU,C,SS,89.0,POINT (21.14 38.84),89.0,87.84854,1.1514587
wsm51834,2.92,36.84,15.0,48.0,EU,C,TF,161.0,POINT (2.92 36.84),161.0,157.60841,3.3915863
wsm85606,39.66,39.58,15.0,24.0,AT,C,SS,18.0,POINT (39.66 39.58),18.0,0.56954634,17.430454
wsm166136,13.19,42.76,9.4,434.0,EU,C,NF,146.0,POINT (13.19 42.76),146.0,154.48442,8.484421
wsm87636,7.42,44.27,4.0,652.0,EU,C,TF,96.0,POINT (7.42 44.27),96.0,103.937904,7.9379044
wsm166961,13.21,42.78,9.9,437.0,EU,C,NF,8.0,POINT (13.21 42.78),8.0,178.22987,9.770126
wsm117984,39.93,38.79,22.8,20.0,AT,C,SS,17.0,POINT (39.93 38.79),17.0,11.882379,5.1176214
wsm51057,7.097,46.491,4.0,888.0,EU,C,NF,118.0,POINT (7.097 46.491),118.0,124.755104,6.755104
wsm60584,11.8,35.79,15.0,323.0,AF,C,SS,112.0,POINT (11.8 35.79),112.0,126.422104,14.422104
wsm140623,27.94,36.61,19.4,59.0,AS,C,NF,38.0,POINT (27.94 36.61),38.0,54.16817,16.16817
wsm150191,14.88,35.63,8.8,195.0,AF,C,SS,151.0,POINT (14.88 35.63),151.0,151.4787,0.47869873
wsm129450,35.87,37.41,20.6,81.0,AT,C,TF,13.0,POINT (35.87 37.41),12.999999,15.1813755,2.1813765
wsm37658,15.8,38.3,10.0,14.0,EU,A,NF,8.0,POINT (15.8 38.3),8.0,7.3484545,0.6515455
wsm42251,14.28,41.6,0.0,316.0,EU,C,NF,150.0,POINT (14.28 41.6),150.0,143.53983,6.4601746
wsm218531,27.26,37.87,7.0,73.0,AS,C,NF,112.0,POINT (27.26 37.87),112.0,103.91619,8.083809
wsm0361,1.4421,51.2819,15.5,1550.0,EU,C,TF,121.0,POINT (1.4421 51.2819),121.0,134.13206,13.132065
wsm90081,40.77,39.93,15.0,66.0,EU,C,SS,143.0,POINT (40.77 39.93),143.0,145.30019,2.3001862
wsm84823,14.9,37.7,10.0,40.0,AF,C,SS,4.0,POINT (14.9 37.7),4.0,16.771894,12.771894
wsm214488,27.91,39.81,20.1,90.0,AT,C,SS,83.0,POINT (27.91 39.81),83.0,83.57273,0.572731
wsm250695,0.07,39.4,10.0,362.0,EU,B,NF,149.0,POINT (0.07 39.4),149.0,147.33531,1.6646881
wsm192611,5.62,36.73,10.0,57.0,AF,C,SS,162.0,POINT (5.62 36.73),162.0,156.91422,5.085785
wsm51611,-1.16,38.24,10.0,268.0,EU,C,SS,5.0,POINT (-1.16 38.24),5.0,0.44321537,4.5567846
wsm165509,13.14,42.76,7.8,433.0,EU,C,NF,177.0,POINT (13.14 42.76),177.0,163.87582,13.124176
wsm50853,7.688,47.804,19.0,1010.0,EU,C,NF,152.0,POINT (7.688 47.804),152.0,138.17265,13.827347
wsm203455,27.05,36.32,12.9,142.0,AS,C,NF,42.0,POINT (27.05 36.32),42.0,41.8459,0.15409851
wsm50983,9.361,47.173,4.0,913.0,EU,C,TS,148.0,POINT (9.361 47.173),148.0,143.24832,4.7516785
wsm168679,13.29,42.45,13.1,404.0,EU,C,NF,144.0,POINT (13.29 42.45),144.0,151.3876,7.3876038
wsm77314,12.44,43.89,18.5,543.0,EU,C,TF,157.0,POINT (12.44 43.89),157.0,157.83003,0.83003235
wsm10045,10.35,46.51,10.0,830.0,EU,C,NF,161.0,POINT (10.35 46.51),161.0,144.85149,16.148514
wsm164011,11.09,36.55,10.0,242.0,AF,C,SS,140.0,POINT (11.09 36.55),140.0,141.39061,1.3906097
wsm22044,30.21,37.73,0.0,170.0,AT,A,NF,46.0,POINT (30.21 37.73),45.999996,37.915802,8.084194
wsm229406,15.44,40.71,3.0,230.0,EU,C,NF,112.0,POINT (15.44 40.71),112.0,127.71376,15.71376
wsm203598,27.19,36.39,10.0,127.0,AS,C,NF,7.0,POINT (27.19 36.39),6.9999995,22.409813,15.409813
wsm119099,16.67,42.34,12.0,369.0,EU,C,TF,170.0,POINT (16.67 42.34),170.0,12.849905,22.8499
wsm37646,15.5,38.0,10.0,13.0,EU,A,NF,26.0,POINT (15.5 38),25.999998,28.253328,2.2533302
wsm167904,16.27,43.49,22.5,501.0,EU,C,TF,37.0,POINT (16.27 43.49),36.999996,20.30697,16.693026
wsm19765,23.404,44.919,3.79,549.0,EU,C,NF,151.0,POINT (23.404 44.919),151.0,148.13214,2.867859
wsm11623,2.96,46.18,0.23,1013.0,EU,A,TS,127.0,POINT (2.96 46.18),127.0,136.92824,9.928238
wsm221609,37.01,37.32,32.0,21.0,AR,C,SS,160.0,POINT (37.01 37.32),160.0,1.7792389,21.779236
wsm51778,-0.146,42.928,8.0,737.0,EU,C,NF,130.0,POINT (-0.146 42.928),130.0,132.87793,2.8779297
wsm155664,5.57,35.7,13.2,158.0,AF,C,SS,153.0,POINT (5.57 35.7),153.0,159.21002,6.210022
wsm176265,13.03,43.06,7.8,462.0,EU,C,NF,134.0,POINT (13.03 43.06),134.0,145.89526,11.895264
wsm63220,39.76,39.67,7.8,12.0,AT,C,SS,133.0,POINT (39.76 39.67),133.0,142.58841,9.588409
wsm119950,23.56,40.55,22.0,80.0,EU,C,NF,88.0,POINT (23.56 40.55),87.99999,89.65292,1.6529312
wsm50997,9.737,46.7,8.0,856.0,EU,C,NF,140.0,POINT (9.737 46.7),140.0,135.8607,4.1392975
wsm51845,0.94,36.02,26.0,25.0,AF,C,TF,153.0,POINT (0.94 36.02),153.0,154.64148,1.6414795
wsm197178,13.29,43.02,26.0,464.0,EU,C,TS,78.0,POINT (13.29 43.02),78.0,76.81037,1.1896286
wsm190266,17.99,43.15,28.4,443.0,EU,C,SS,38.0,POINT (17.99 43.15),38.0,42.040417,4.0404167
wsm104507,30.94,37.95,19.5,235.0,AT,C,NF,152.0,POINT (30.94 37.95),152.0,166.39847,14.398468
wsm53695,26.77,38.46,15.0,56.0,AS,C,NF,95.0,POINT (26.77 38.46),95.00001,100.668434,5.6684265
wsm51143,7.355,46.317,4.0,862.0,EU,C,SS,123.0,POINT (7.355 46.317),123.0,127.12782,4.127823
wsm236154,24.16,40.26,14.0,40.0,EU,C,SS,100.0,POINT (24.16 40.26),100.0,103.13943,3.1394272
wsm92061,14.78,45.37,19.9,735.0,EU,C,TF,33.0,POINT (14.78 45.37),33.0,19.068123,13.931877
wsm37653,12.67,46.55,10.0,838.0,EU,A,SS,154.0,POINT (12.67 46.55),154.0,161.47987,7.4798737
wsm165674,13.26,42.82,8.6,442.0,EU,C,SS,0.0,POINT (13.26 42.82),0.0,169.33604,10.663956
wsm222721,14.66,41.66,12.0,322.0,EU,C,SS,137.0,POINT (14.66 41.66),137.0,143.03293,6.0329285
wsm97888,24.72,39.68,17.8,44.0,AS,C,SS,68.0,POINT (24.72 39.68),68.0,77.05803,9.058029
wsm221805,36.78,37.07,13.0,36.0,AR,C,NF,16.0,POINT (36.78 37.07),16.0,13.8922205,2.1077795
wsm226454,22.69,38.19,6.5,10.0,AS,C,NF,83.0,POINT (22.69 38.19),83.0,85.22325,2.2232513
wsm119952,23.58,40.55,14.1,79.0,EU,C,NF,86.0,POINT (23.58 40.55),86.0,89.05357,3.0535736
wsm50986,9.696,46.527,11.0,838.0,EU,C,NF,120.0,POINT (9.696 46.527),120.0,136.79762,16.797623
wsm24817,13.95,55.56,12.0,1844.0,EU,C,SS,161.0,POINT (13.95 55.56),161.0,158.21033,2.7896729
wsm50932,10.305,46.553,4.0,835.0,EU,C,NF,154.0,POINT (10.305 46.553),154.0,145.76726,8.232742
wsm182462,15.09,37.58,12.0,23.0,AF,C,SS,174.0,POINT (15.09 37.58),174.0,172.44748,1.5525208
wsm145208,10.19,44.18,9.3,574.0,EU,C,NF,75.0,POINT (10.19 44.18),75.0,99.3837,24.383698
wsm192543,39.12,38.34,10.0,23.0,AR,C,SS,19.0,POINT (39.12 38.34),19.0,17.839071,1.1609287
wsm105002,33.28,37.31,12.0,282.0,AT,C,NS,134.0,POINT (33.28 37.31),134.0,152.28456,18.284561
wsm67387,19.57,37.84,15.0,38.0,AF,C,TF,93.0,POINT (19.57 37.84),93.00001,80.28129,12.7187195
wsm117973,40.04,38.82,15.1,12.0,AT,C,SS,6.0,POINT (40.04 38.82),6.0,10.956337,4.956337
wsm196677,42.56,38.05,27.1,22.0,AR,C,SS,173.0,POINT (42.56 38.05),173.0,176.01402,3.0140228
wsm71797,25.38,42.12,10.0,202.0,EU,C,NF,108.0,POINT (25.38 42.12),108.0,108.39654,0.39653778
wsm108388,19.67,40.22,19.1,180.0,EU,C,TS,43.0,POINT (19.67 40.22),43.0,51.16963,8.169628
wsm51170,8.543,46.405,7.0,843.0,EU,C,SS,117.0,POINT (8.543 46.405),117.0,126.69929,9.699287
wsm145096,20.67,39.15,16.4,78.0,EU,C,TF,47.0,POINT (20.67 39.15),47.0,56.084232,9.084232
wsm51265,6.913,47.373,5.0,984.0,EU,C,TF,165.0,POINT (6.913 47.373),165.0,148.15158,16.84842
wsm86709,22.23,39.77,15.0,119.0,EU,C,NF,124.0,POINT (22.23 39.77),124.0,115.181816,8.818184
wsm69470,12.78,43.07,10.0,459.0,EU,C,NF,135.0,POINT (12.78 43.07),135.0,147.35199,12.35199
wsm51062,7.402,46.264,8.0,856.0,EU,C,SS,139.0,POINT (7.402 46.264),139.0,134.39485,4.6051483
wsm220380,36.56,36.3,28.9,16.0,AR,C,SS,165.0,POINT (36.56 36.3),165.0,177.61461,12.614609
wsm51689,-3.322,36.673,18.0,82.0,EU,C,NF,68.0,POINT (-3.322 36.673),68.0,78.1692,10.169197
wsm221711,35.86,35.8,16.7,14.0,AT,C,NF,20.0,POINT (35.86 35.8),20.0,17.732128,2.2678719
wsm95603,-1.31,45.93,12.0,1083.0,EU,C,SS,139.0,POINT (-1.31 45.93),139.0,134.88988,4.1101227
wsm51809,-2.643,36.949,20.0,94.0,EU,C,TF,147.0,POINT (-2.643 36.949),147.0,152.79832,5.7983246
wsm90861,30.24,38.28,25.2,182.0,AT,C,NF,27.0,POINT (30.24 38.28),27.0,27.03903,0.039030075
wsm235764,39.75,38.61,11.0,33.0,AR,C,SS,27.0,POINT (39.75 38.61),27.0,18.274647,8.725353
wsm166865,39.64,44.24,21.3,457.0,EU,C,SS,8.0,POINT (39.64 44.24),8.0,176.03464,11.965363
wsm93260,15.22,43.15,12.0,491.0,EU,C,TF,22.0,POINT (15.22 43.15),21.999998,17.214174,4.785824
wsm206321,27.0,36.24,12.0,151.0,AS,C,NF,29.0,POINT (27 36.24),28.999998,26.042414,2.9575844
wsm217597,13.62,42.78,22.7,448.0,EU,C,SS,88.0,POINT (13.62 42.78),87.99999,82.44653,5.553459
wsm51015,7.588,46.654,9.0,891.0,EU,C,TS,115.0,POINT (7.588 46.654),115.0,127.26732,12.267319
wsm51787,-3.718,35.631,6.0,5.0,EU,C,NS,5.0,POINT (-3.718 35.631),5.0,170.24313,14.756866
wsm234606,37.07,37.17,12.2,35.0,AR,C,SS,166.0,POINT (37.07 37.17),166.0,4.5317254,18.531723
wsm50909,7.579,46.368,5.0,862.0,EU,C,SS,107.0,POINT (7.579 46.368),107.0,125.585045,18.585045
wsm51037,10.015,46.431,8.0,824.0,EU,C,NF,130.0,POINT (10.015 46.431),130.0,137.86172,7.861725
wsm215148,37.77,39.06,21.0,117.0,AT,C,SS,3.0,POINT (37.77 39.06),3.0,1.2705324,1.7294676
wsm192200,19.46,41.46,23.6,285.0,EU,C,SS,103.0,POINT (19.46 41.46),103.0,67.26793,35.73207
wsm144334,10.15,44.16,12.4,572.0,EU,C,NF,120.0,POINT (10.15 44.16),120.0,126.330826,6.330826
wsm205394,40.16,39.13,16.5,38.0,AT,C,NS,172.0,POINT (40.16 39.13),172.0,1.5899432,9.589951
wsm150803,21.76,38.35,13.0,17.0,AS,C,SS,67.0,POINT (21.76 38.35),67.0,71.96874,4.9687424
wsm0436,-0.73,52.72,2.5,1630.0,EU,C,SS,110.0,POINT (-0.73 52.72),110.0,119.877106,9.877106
wsm222525,21.15,39.01,20.0,64.0,EU,C,NS,31.0,POINT (21.15 39.01),30.999998,55.266464,24.266466
wsm51522,0.718,40.38,4.0,445.0,EU,C,SS,174.0,POINT (0.718 40.38),174.0,171.01535,2.9846497
wsm112399,20.76,41.71,22.2,338.0,EU,C,NF,75.0,POINT (20.76 41.71),75.0,70.59927,4.4007263
wsm202321,22.02,38.35,16.7,13.0,AS,C,NS,75.0,POINT (22.02 38.35),75.0,89.03055,14.030548
wsm144918,34.35,40.99,20.9,20.0,AT,C,SS,129.0,POINT (34.35 40.99),129.0,140.42255,11.422546
wsm122391,23.72,39.61,12.0,14.0,AS,C,NF,93.0,POINT (23.72 39.61),93.00001,98.356026,5.356018
wsm165520,13.04,42.85,7.6,440.0,EU,C,NF,118.0,POINT (13.04 42.85),118.0,146.30464,28.304642
wsm181606,19.3,41.96,19.8,330.0,EU,C,TF,50.0,POINT (19.3 41.96),50.0,47.098705,2.9012947
wsm206551,27.06,36.33,23.0,141.0,AS,C,SS,39.0,POINT (27.06 36.33),39.0,26.19749,12.802509
wsm11647,12.505,49.875,0.15,1205.0,EU,A,TF,173.0,POINT (12.505 49.875),173.0,163.50986,9.490143
wsm147827,22.01,38.31,8.4,14.0,AS,C,NF,111.0,POINT (22.01 38.31),111.00001,99.60975,11.390259
wsm221638,36.41,38.0,17.0,75.0,AT,C,NS,27.0,POINT (36.41 38),27.0,30.594948,3.5949478
wsm181187,20.52,37.38,10.0,38.0,AF,C,TF,35.0,POINT (20.52 37.38),35.0,36.251446,1.2514458
wsm136384,29.14,39.11,6.0,142.0,AT,C,NF,110.0,POINT (29.14 39.11),110.0,106.1412,3.8588028
wsm157455,12.28,43.53,11.0,501.0,EU,C,SS,135.0,POINT (12.28 43.53),135.0,139.47974,4.4797363
wsm167224,13.15,42.94,10.0,452.0,EU,C,NF,166.0,POINT (13.15 42.94),166.0,156.91827,9.081726
wsm51722,-2.712,37.571,9.0,164.0,EU,C,NF,164.0,POINT (-2.712 37.571),164.0,148.16307,15.836929
wsm173618,27.34,36.79,21.2,97.0,AS,C,NF,105.0,POINT (27.34 36.79),105.0,93.03463,11.96537
wsm181821,28.45,35.75,10.0,57.0,AS,C,SS,94.0,POINT (28.45 35.75),94.0,92.62425,1.3757477
wsm51635,-0.63,35.83,6.0,12.0,EU,C,TF,130.0,POINT (-0.63 35.83),130.0,141.84721,11.847214
wsm51615,-2.59,36.47,14.0,41.0,EU,C,SS,158.0,POINT (-2.59 36.47),158.0,160.2121,2.2120972
wsm51758,3.61,36.9,15.0,15.0,EU,C,TF,158.0,POINT (3.61 36.9),158.0,159.73495,1.7349548
wsm175571,13.29,42.65,10.9,425.0,EU,C,NF,156.0,POINT (13.29 42.65),156.0,152.36812,3.6318817
wsm73354,29.03,40.67,10.0,2.0,AT,C,NF,106.0,POINT (29.03 40.67),106.0,116.604614,10.604614
wsm51587,-2.37,36.7,20.0,69.0,EU,C,TS,156.0,POINT (-2.37 36.7),156.0,143.32655,12.673447
wsm51610,-1.1674,38.2393,10.0,268.0,EU,C,SS,20.0,POINT (-1.1674 38.2393),20.0,5.2926764,14.707323
wsm63324,39.74,39.61,6.5,17.0,AT,C,NF,5.0,POINT (39.74 39.61),5.0,179.89156,5.108444
wsm50831,9.287,47.426,8.0,941.0,EU,C,NF,163.0,POINT (9.287 47.426),163.0,155.76851,7.231491
wsm106361,19.33,41.37,23.4,271.0,EU,C,TF,68.0,POINT (19.33 41.37),68.0,52.433495,15.566505
wsm00754,5.51,50.85,10.7,1382.0,EU,C,NF,86.0,POINT (5.51 50.85),86.0,94.43902,8.439018
wsm129852,30.16,40.23,10.0,61.0,AT,C,NF,77.0,POINT (30.16 40.23),77.0,81.87725,4.8772507
wsm165961,21.19,38.16,19.9,32.0,AS,C,NF,127.0,POINT (21.19 38.16),127.0,116.9823,10.0177
wsm108277,21.86,36.1,12.4,19.0,AS,C,TF,28.0,POINT (21.86 36.1),27.999998,37.79133,9.79133
wsm221418,38.25,38.21,16.0,14.0,AT,C,SS,46.0,POINT (38.25 38.21),45.999996,29.295399,16.704597
wsm185032,28.78,37.14,10.0,37.0,AT,C,NF,92.0,POINT (28.78 37.14),92.00001,97.50167,5.501663
wsm37678,16.25,39.4,0.0,129.0,EU,C,NF,175.0,POINT (16.25 39.4),175.0,179.70647,4.7064667
wsm137557,29.16,39.14,13.4,146.0,AT,C,NF,74.0,POINT (29.16 39.14),74.0,92.65747,18.65747
wsm97882,27.04,38.35,12.5,58.0,AS,C,NF,62.0,POINT (27.04 38.35),62.000004,76.31867,14.318668
wsm96412,29.12,39.72,9.0,108.0,AT,C,SS,115.0,POINT (29.12 39.72),115.0,109.447975,5.552025
wsm37683,11.8,42.8,10.0,416.0,EU,A,SS,135.0,POINT (11.8 42.8),135.0,139.23,4.2299957
wsm63212,39.83,39.59,8.3,14.0,AT,C,SS,145.0,POINT (39.83 39.59),145.0,149.86597,4.865967
wsm68155,17.55,43.03,15.0,431.0,EU,C,TF,58.0,POINT (17.55 43.03),57.999996,51.40837,6.591625
wsm222411,34.42,36.44,15.6,143.0,AT,C,TF,175.0,POINT (34.42 36.44),175.0,0.98159623,5.981598
wsm11464,6.54,48.11,10.0,1071.0,EU,C,SS,143.0,POINT (6.54 48.11),143.0,139.91345,3.0865479
wsm235195,25.82,39.05,9.0,65.0,AS,C,NF,109.0,POINT (25.82 39.05),109.0,100.23855,8.761452
wsm212948,23.41,38.35,10.0,48.0,AS,C,NF,138.0,POINT (23.41 38.35),138.0,107.54848,30.451523
wsm197960,19.76,41.02,20.0,257.0,EU,C,TF,57.0,POINT (19.76 41.02),56.999996,45.848766,11.15123
wsm234256,41.17,39.27,12.0,26.0,EU,C,SS,151.0,POINT (41.17 39.27),151.0,148.6347,2.3652954
wsm51472,2.6834,41.8259,11.0,557.0,EU,C,NF,168.0,POINT (2.6834 41.8259),168.0,156.2927,11.707306
wsm82519,16.08,51.56,15.0,1386.0,EU,C,NF,30.0,POINT (16.08 51.56),30.0,24.101309,5.898691
wsm51004,7.853,47.776,23.0,1004.0,EU,C,SS,173.0,POINT (7.853 47.776),173.0,154.953,18.046997
wsm206326,27.04,36.33,10.0,142.0,AS,C,NF,23.0,POINT (27.04 36.33),22.999996,29.81066,6.810663
wsm00256,25.617,40.867,0.0,69.0,EU,C,NF,73.0,POINT (25.617 40.867),73.0,86.50808,13.50808
wsm223119,18.38,44.99,12.0,648.0,EU,C,SS,13.0,POINT (18.38 44.99),12.999999,10.908477,2.0915222
wsm37670,14.95,37.7,10.0,36.0,AF,B,NF,124.0,POINT (14.95 37.7),124.0,138.07242,14.072418
wsm56823,25.72,38.86,15.0,88.0,AS,C,SS,111.0,POINT (25.72 38.86),111.00001,111.11727,0.117263794
wsm188140,26.83,37.63,18.8,119.0,AS,C,NF,104.0,POINT (26.83 37.63),104.0,100.21839,3.7816086
wsm169089,26.14,39.47,12.0,12.0,AS,C,NF,119.0,POINT (26.14 39.47),119.0,110.58105,8.418953
wsm165629,13.19,42.76,10.3,434.0,EU,C,NF,144.0,POINT (13.19 42.76),144.0,155.50572,11.505722
wsm184270,29.45,37.41,10.0,104.0,AT,C,NF,141.0,POINT (29.45 37.41),141.0,139.93953,1.0604706
wsm220981,20.01,41.43,27.4,306.0,EU,C,SS,32.0,POINT (20.01 41.43),32.0,33.339874,1.3398743
wsm201890,17.96,42.74,10.0,397.0,EU,C,TF,48.0,POINT (17.96 42.74),48.0,44.11253,3.8874702
wsm157795,26.5,40.23,16.3,37.0,AT,C,SS,71.0,POINT (26.5 40.23),71.0,78.394295,7.3942947
wsm105683,21.57,40.07,25.9,183.0,EU,C,NF,61.0,POINT (21.57 40.07),60.999996,68.30669,7.30669
wsm103170,19.34,47.42,5.0,914.0,EU,C,SS,51.0,POINT (19.34 47.42),50.999996,39.379356,11.62064
wsm198286,19.45,41.57,23.2,295.0,EU,C,TF,59.0,POINT (19.45 41.57),59.0,54.492916,4.507084
wsm198023,24.31,39.95,25.5,24.0,AS,C,SS,113.0,POINT (24.31 39.95),113.0,112.28195,0.7180481
wsm136591,27.0,38.55,12.0,38.0,AS,C,NF,79.0,POINT (27 38.55),79.0,88.03685,9.03685
wsm170134,28.84,37.09,12.0,40.0,AT,C,NF,95.0,POINT (28.84 37.09),95.00001,97.82697,2.8269653
wsm230239,30.11,36.15,28.6,80.0,AT,C,SS,173.0,POINT (30.11 36.15),173.0,2.8692589,9.869263
wsm66713,21.46,39.83,15.0,157.0,EU,C,NF,81.0,POINT (21.46 39.83),80.99999,80.72342,0.27657318
wsm231088,21.04,38.9,8.0,52.0,EU,C,TF,128.0,POINT (21.04 38.9),128.0,116.839905,11.160095
wsm80076,14.94,37.63,10.0,36.0,AF,C,TS,85.0,POINT (14.94 37.63),84.99999,78.7663,6.233696
wsm165525,13.16,42.78,9.4,435.0,EU,C,NF,154.0,POINT (13.16 42.78),154.0,161.76506,7.7650604
wsm0417,-3.146,54.39,12.6,1390.0,EU,C,SS,156.0,POINT (-3.146 54.39),156.0,158.92567,2.9256744
wsm222135,36.13,36.6,16.9,33.0,AT,C,NF,176.0,POINT (36.13 36.6),176.0,178.80554,2.805542
wsm227418,23.54,38.63,22.2,45.0,AS,C,SS,85.0,POINT (23.54 38.63),84.99999,93.570244,8.570251
wsm164495,14.02,41.32,5.2,287.0,EU,C,NF,143.0,POINT (14.02 41.32),143.0,144.87149,1.8714905
wsm50968,8.519,47.715,23.0,984.0,EU,C,SS,163.0,POINT (8.519 47.715),163.0,157.07767,5.922333
wsm222179,35.32,38.71,8.0,195.0,AT,C,SS,4.0,POINT (35.32 38.71),4.0,2.0310571,1.9689429
wsm104497,21.47,38.5,14.5,13.0,EU,C,NF,118.0,POINT (21.47 38.5),118.0,112.395454,5.6045456
wsm72457,28.73,37.0,21.0,28.0,AT,C,NF,110.0,POINT (28.73 37),110.0,104.644394,5.355606
wsm13779,30.59,40.66,10.0,17.0,EU,A,NF,4.0,POINT (30.59 40.66),4.0,166.89058,17.10942
wsm177064,20.54,37.47,10.0,43.0,AS,C,SS,25.0,POINT (20.54 37.47),24.999998,35.64013,10.640131
wsm86077,15.24,43.15,15.0,492.0,EU,C,TF,15.0,POINT (15.24 43.15),15.0,14.940948,0.059052467
wsm221704,14.64,44.97,20.3,690.0,EU,C,TF,23.0,POINT (14.64 44.97),22.999996,9.234826,13.76517
wsm50915,9.049,47.432,29.0,945.0,EU,C,NF,163.0,POINT (9.049 47.432),163.0,155.42194,7.578064
wsm50825,8.955,47.68,17.0,974.0,EU,C,NF,165.0,POINT (8.955 47.68),165.0,155.38188,9.618118
wsm13784,25.95,40.39,14.6,9.0,EU,B,SS,118.0,POINT (25.95 40.39),118.0,119.89758,1.897583
wsm63219,39.51,39.74,5.0,28.0,AT,C,SS,176.0,POINT (39.51 39.74),176.0,164.83511,11.164886
wsm75328,22.1,35.92,15.0,19.0,AS,C,TF,171.0,POINT (22.1 35.92),171.0,16.876043,25.876038
wsm51457,-7.6974,42.7059,11.0,701.0,EU,C,SS,153.0,POINT (-7.6974 42.7059),153.0,154.3906,1.3905945
wsm221010,20.07,41.49,14.1,314.0,EU,C,NS,42.0,POINT (20.07 41.49),42.0,36.97985,5.020149
wsm91043,26.03,40.93,15.0,64.0,EU,C,SS,115.0,POINT (26.03 40.93),115.0,113.54595,1.4540482
wsm86056,15.63,43.24,4.0,493.0,EU,C,TF,35.0,POINT (15.63 43.24),35.0,24.882011,10.117989
wsm165564,13.29,42.59,10.4,419.0,EU,C,NF,144.0,POINT (13.29 42.59),144.0,149.84283,5.8428345
wsm51013,7.839,46.239,6.0,841.0,EU,C,NF,105.0,POINT (7.839 46.239),105.0,113.7367,8.736702
wsm20771,7.97,48.12,11.0,1038.0,EU,C,SS,113.0,POINT (7.97 48.12),113.0,123.74762,10.74762
wsm74791,42.4,40.42,12.0,191.0,EU,C,SS,8.0,POINT (42.4 40.42),8.0,174.18648,13.813522
wsm51044,7.58,46.338,8.0,859.0,EU,C,TF,130.0,POINT (7.58 46.338),130.0,128.86185,1.1381531
wsm108318,11.29,44.01,12.0,549.0,EU,C,NF,120.0,POINT (11.29 44.01),120.0,136.74234,16.74234
wsm153013,15.95,38.18,17.6,30.0,EU,C,NF,91.0,POINT (15.95 38.18),91.0,76.71256,14.287437
wsm50950,7.359,46.322,5.0,863.0,EU,C,NF,50.0,POINT (7.359 46.322),50.0,58.00069,8.00069
wsm51259,6.918,47.373,6.0,984.0,EU,C,TF,168.0,POINT (6.918 47.373),168.0,149.95059,18.049408
wsm221837,40.01,38.65,8.0,19.0,AR,C,SS,27.0,POINT (40.01 38.65),27.0,16.704006,10.295994
wsm206526,21.54,37.64,11.5,87.0,AS,C,SS,81.0,POINT (21.54 37.64),80.99999,75.94357,5.0564194
wsm204602,21.73,38.35,11.0,15.0,AS,C,NF,139.0,POINT (21.73 38.35),139.0,119.243164,19.756836
wsm19803,8.03,48.08,9.0,1033.0,EU,C,SS,114.0,POINT (8.03 48.08),114.0,124.80223,10.802231
wsm63256,39.54,39.77,6.0,28.0,AT,C,SS,179.0,POINT (39.54 39.77),179.0,164.2918,14.708206
wsm221503,37.84,38.08,13.0,20.0,AT,C,SS,179.0,POINT (37.84 38.08),179.0,4.757043,5.7570496
wsm223105,36.25,37.93,16.3,76.0,AT,C,NF,34.0,POINT (36.25 37.93),34.0,30.082539,3.9174614
wsm182321,28.95,40.56,10.0,16.0,AT,C,NF,124.0,POINT (28.95 40.56),124.0,118.29962,5.7003784
wsm187111,21.22,38.9,28.9,52.0,EU,C,SS,71.0,POINT (21.22 38.9),71.0,73.56042,2.5604172
wsm50922,9.189,47.134,1.0,911.0,EU,C,TF,171.0,POINT (9.189 47.134),171.0,148.12233,22.87767
wsm171267,26.71,38.9,11.8,37.0,AS,C,NF,114.0,POINT (26.71 38.9),114.0,102.34614,11.653862
wsm222517,37.31,38.01,20.9,38.0,AT,C,NS,68.0,POINT (37.31 38.01),68.0,56.063007,11.936993
wsm51819,-3.229,36.362,10.0,49.0,EU,C,SS,174.0,POINT (-3.229 36.362),174.0,164.9625,9.037506
wsm105304,20.69,39.77,28.6,146.0,EU,C,TF,36.0,POINT (20.69 39.77),36.0,48.487892,12.487892
wsm175586,22.87,41.24,17.9,175.0,EU,C,SS,86.0,POINT (22.87 41.24),86.0,92.632965,6.632965
wsm51083,8.927,46.914,5.0,891.0,EU,C,SS,131.0,POINT (8.927 46.914),131.0,131.9697,0.96969604
wsm84839,15.07,37.65,10.0,24.0,AF,C,SS,3.0,POINT (15.07 37.65),3.0,173.99286,9.007141
wsm02404,15.536,46.195,4.0,806.0,EU,C,TF,167.0,POINT (15.536 46.195),167.0,175.0192,8.019196
wsm144796,13.82,43.46,18.7,525.0,EU,C,TF,29.0,POINT (13.82 43.46),28.999998,24.064028,4.9359703
wsm35354,12.57,46.3,10.0,810.0,EU,C,TS,154.0,POINT (12.57 46.3),154.0,154.05286,0.052856445
wsm51589,-2.38,36.69,10.0,67.0,EU,C,SS,124.0,POINT (-2.38 36.69),124.0,143.08838,19.088379
wsm154935,36.02,35.8,10.0,24.0,AF,C,SS,9.0,POINT (36.02 35.8),9.0,10.750266,1.7502661
wsm73883,31.25,40.93,18.0,34.0,EU,C,SS,133.0,POINT (31.25 40.93),133.0,148.02103,15.021027
wsm153990,27.19,40.13,10.0,65.0,AT,C,SS,106.0,POINT (27.19 40.13),106.0,114.05322,8.053223
wsm121227,27.34,37.69,17.1,80.0,AS,C,NF,94.0,POINT (27.34 37.69),94.0,100.68525,6.6852493
wsm80510,19.04,43.28,24.0,466.0,EU,C,SS,30.0,POINT (19.04 43.28),30.0,34.933746,4.9337463
wsm105354,20.46,39.49,12.0,113.0,EU,C,TF,18.0,POINT (20.46 39.49),18.0,44.01286,26.01286
wsm51801,-2.74,36.21,6.0,19.0,EU,C,NS,111.0,POINT (-2.74 36.21),111.00001,126.857025,15.8570175
wsm50939,8.48,46.954,10.0,903.0,EU,C,SS,146.0,POINT (8.48 46.954),146.0,138.44923,7.550766
wsm68713,35.38,40.72,10.0,34.0,AT,C,SS,157.0,POINT (35.38 40.72),157.0,158.05815,1.0581512
wsm82617,25.83,40.69,15.0,43.0,EU,C,NF,118.0,POINT (25.83 40.69),118.0,116.41855,1.5814514
wsm63208,39.81,39.59,8.9,14.0,AT,C,TF,170.0,POINT (39.81 39.59),170.0,168.92955,1.0704498
wsm114942,39.68,39.59,12.0,22.0,AT,C,NF,142.0,POINT (39.68 39.59),142.0,140.58221,1.4177856
wsm20053,8.39,46.88,0.83,897.0,EU,A,SS,135.0,POINT (8.39 46.88),135.0,134.07567,0.92433167
wsm190250,19.45,41.39,24.1,277.0,EU,C,TF,63.0,POINT (19.45 41.39),62.999996,54.690548,8.309448
wsm190046,23.06,37.0,17.3,144.0,AS,C,NF,124.0,POINT (23.06 37),124.0,122.708145,1.2918549
wsm21583,11.0,45.84,8.7,753.0,EU,C,SS,177.0,POINT (11 45.84),177.0,170.9819,6.018097
wsm145841,23.18,38.09,14.9,44.0,AS,C,NF,54.0,POINT (23.18 38.09),53.999996,65.97147,11.9714775
wsm08010,-5.93,36.46,0.0,171.0,EU,C,NF,104.0,POINT (-5.93 36.46),104.0,120.07101,16.071007
wsm91847,15.68,40.7,12.0,237.0,EU,C,NF,159.0,POINT (15.68 40.7),159.0,140.43762,18.562378
wsm181780,20.52,37.12,10.4,21.0,AF,C,SS,46.0,POINT (20.52 37.12),45.999996,45.18778,0.8122177
wsm130653,21.99,38.21,22.8,22.0,AS,C,NF,76.0,POINT (21.99 38.21),76.0,84.719574,8.719574
wsm161129,20.2,38.3,10.0,22.0,EU,C,SS,61.0,POINT (20.2 38.3),60.999996,67.05533,6.055332
wsm167376,22.85,40.9,17.4,146.0,EU,C,NF,105.0,POINT (22.85 40.9),105.0,97.73147,7.268532
wsm167077,13.14,43.0,10.0,458.0,EU,C,NF,147.0,POINT (13.14 43),147.0,157.0228,10.022797
wsm130060,11.47,45.11,10.0,671.0,EU,C,TF,8.0,POINT (11.47 45.11),8.0,11.091093,3.091093
wsm51524,0.724,40.373,4.0,444.0,EU,C,SS,169.0,POINT (0.724 40.373),169.0,176.09843,7.0984344
wsm115288,19.07,41.76,21.1,303.0,EU,C,TF,45.0,POINT (19.07 41.76),45.0,45.902405,0.9024048
wsm83356,13.64,45.42,32.9,729.0,EU,C,SS,31.0,POINT (13.64 45.42),30.999998,11.316846,19.683151
wsm204106,20.9,40.3,16.7,207.0,EU,C,NF,50.0,POINT (20.9 40.3),50.0,51.02961,1.0296097
wsm168684,13.27,42.49,11.9,408.0,EU,C,NF,145.0,POINT (13.27 42.49),145.0,148.11981,3.119812
wsm21145,10.45,45.85,10.4,756.0,EU,C,TF,57.0,POINT (10.45 45.85),56.999996,49.24906,7.7509346
wsm152385,21.81,38.37,13.6,21.0,AS,C,NF,86.0,POINT (21.81 38.37),86.0,87.60752,1.607521
wsm178960,26.72,37.74,18.3,119.0,AS,C,NF,87.0,POINT (26.72 37.74),86.99999,99.21819,12.218201
wsm51025,7.808,47.613,16.0,987.0,EU,C,NF,123.0,POINT (7.808 47.613),123.0,132.37247,9.372467
wsm51749,3.628,36.879,12.0,16.0,EU,C,TF,144.0,POINT (3.628 36.879),144.0,160.99788,16.997879
wsm224405,22.88,38.58,24.0,7.0,EU,C,SS,96.0,POINT (22.88 38.58),96.0,90.572426,5.427574
wsm187450,23.54,38.1,11.5,74.0,AS,C,NF,108.0,POINT (23.54 38.1),108.0,98.07073,9.929268
wsm50809,7.748,47.435,21.0,970.0,EU,C,NS,122.0,POINT (7.748 47.435),122.0,143.27077,21.270767
wsm139279,35.77,37.44,21.0,90.0,AT,C,SS,27.0,POINT (35.77 37.44),27.0,21.69484,5.3051605
wsm57524,23.15,39.06,13.5,14.0,EU,C,NF,87.0,POINT (23.15 39.06),86.99999,85.80259,1.197403
wsm51660,0.68,35.81,8.0,29.0,AF,C,TF,162.0,POINT (0.68 35.81),162.0,158.59538,3.4046173
wsm201118,26.24,38.94,18.3,51.0,AS,C,NF,92.0,POINT (26.24 38.94),92.00001,93.24879,1.2487793
wsm51728,0.01,39.39,8.0,362.0,EU,C,NF,149.0,POINT (0.01 39.39),149.0,148.93085,0.06915283
wsm152714,14.85,38.51,13.4,37.0,AF,C,TF,173.0,POINT (14.85 38.51),173.0,178.91765,5.9176483
wsm110355,20.13,38.05,17.6,15.0,EU,C,SS,85.0,POINT (20.13 38.05),84.99999,76.80883,8.191162
wsm51498,-1.2795,38.3648,5.0,276.0,EU,C,TF,144.0,POINT (-1.2795 38.3648),144.0,153.89505,9.89505
wsm51621,-5.43,37.06,6.0,222.0,EU,C,TF,121.0,POINT (-5.43 37.06),121.0,147.64763,26.647629
wsm181917,25.46,36.39,19.7,238.0,AS,C,NF,45.0,POINT (25.46 36.39),45.0,65.10837,20.108368
wsm219795,24.2,38.23,18.6,116.0,AS,C,SS,97.0,POINT (24.2 38.23),97.0,93.01913,3.980873
wsm51250,6.994,47.341,2.0,979.0,EU,C,TF,178.0,POINT (6.994 47.341),178.0,150.156,27.843994
wsm138337,17.83,44.2,23.2,560.0,EU,C,SS,19.0,POINT (17.83 44.2),19.0,15.877184,3.122816
wsm00325,25.528,40.433,0.0,32.0,EU,B,NF,83.0,POINT (25.528 40.433),83.0,92.640015,9.640015
wsm202782,21.03,40.13,10.0,188.0,EU,C,NF,65.0,POINT (21.03 40.13),65.0,58.410915,6.5890846
wsm51033,7.171,47.285,19.0,968.0,EU,C,SS,0.0,POINT (7.171 47.285),0.0,150.57144,29.428558
wsm222613,36.49,38.03,14.7,75.0,AT,C,NS,35.0,POINT (36.49 38.03),35.0,27.470654,7.5293465
wsm206955,16.27,45.43,10.0,710.0,EU,C,SS,15.0,POINT (16.27 45.43),15.0,12.555184,2.4448156
