SET,ID,LON,LAT,geometry,PLATE,REGIME,DIST,QUALITY,AZI,AZI_PRED,AZI_ERROR,STR
A,grid_000000,10,40,POINT (10 40),EU,SS,132.9861895,C,0,95.829544,84.170456,0.10141301
A,grid_000001,10.6,40,POINT (10.6 40),EU,TF,113.1027969,C,0,85.37178,85.37178,0.13917401
A,grid_000002,11.2,40,POINT (11.2 40),EU,TF,103.2114731,C,0,86.03453,86.03453,0.108686484
A,grid_000003,11.8,40,POINT (11.8 40),EU,TF,108.0780463,C,0,87.9453,87.9453,0.12281364
A,grid_000004,12.4,40,POINT (12.4 40),EU,TF,126.9889555,C,0,95.73527,84.26473,0.12162982
A,grid_000005,13,40,POINT (13 40),EU,TF,136.8119351,C,0,115.02021,64.97979,0.08035351
A,grid_000006,13.6,40,POINT (13.6 40),EU,TF,153.2476282,C,0,131.3544,48.6456,0.13004804
A,grid_000007,14.2,40,POINT (14.2 40),EU,TF,139.731987,C,0,135.03987,44.96013,0.19632974
A,grid_000008,14.8,40,POINT (14.8 40),EU,TF,139.2690928,C,0,135.97404,44.025955,0.12002362
A,grid_000009,15.4,40,POINT (15.4 40),EU,NF,156.8781365,C,0,121.88339,58.116608,0.28352457
A,grid_000010,16,40,POINT (16 40),EU,NF,182.668652,C,0,127.830795,52.169205,0.20044917
A,grid_000011,10,40.6,POINT (10 40.6),EU,TF,191.887855,C,0,84.31683,84.31683,0.027753647
A,grid_000012,10.6,40.6,POINT (10.6 40.6),EU,TF,176.889527,C,0,85.37251,85.37251,0.073336355
A,grid_000013,11.2,40.6,POINT (11.2 40.6),EU,TF,169.7904451,C,0,86.94375,86.94375,0.1313663
A,grid_000014,11.8,40.6,POINT (11.8 40.6),EU,TF,173.7911068,C,0,90.59315,89.40685,0.07627236
A,grid_000015,12.4,40.6,POINT (12.4 40.6),EU,TF,185.225066,C,0,105.58312,74.41688,0.1143602
A,grid_000016,13,40.6,POINT (13 40.6),EU,TF,200.4184773,C,0,127.722824,52.277176,0.1398845
A,grid_000017,13.6,40.6,POINT (13.6 40.6),EU,NF,216.6314233,C,0,128.81512,51.184875,0.20991385
A,grid_000018,14.2,40.6,POINT (14.2 40.6),EU,NF,205.4826096,C,0,129.96745,50.032547,0.22862285
A,grid_000019,14.8,40.6,POINT (14.8 40.6),EU,NF,205.1708566,C,0,129.51413,50.48587,0.16732268
A,grid_000020,15.4,40.6,POINT (15.4 40.6),EU,NF,217.4040056,C,0,125.66298,54.33702,0.56193775
A,grid_000021,16,40.6,POINT (16 40.6),EU,NF,230.9177612,C,0,130.64182,49.358185,0.20379566
A,grid_000022,10,41.2,POINT (10 41.2),EU,NF,254.9123084,C,0,100.785545,79.214455,0.1529676
A,grid_000023,10.6,41.2,POINT (10.6 41.2),EU,TF,240.8923044,C,0,87.4061,87.4061,0.03774587
A,grid_000024,11.2,41.2,POINT (11.2 41.2),EU,TF,236.3760179,C,0,95.57513,84.42487,0.071281806
A,grid_000025,11.8,41.2,POINT (11.8 41.2),EU,TF,239.4819072,C,0,109.15188,70.84812,0.050095633
A,grid_000026,12.4,41.2,POINT (12.4 41.2),EU,TF,248.8020743,C,0,134.93176,45.068237,0.10225339
A,grid_000027,13,41.2,POINT (13 41.2),EU,NF,265.5158243,C,0,135.92792,44.072083,0.23196667
A,grid_000028,13.6,41.2,POINT (13.6 41.2),EU,TF,281.3890654,C,0,148.3141,31.685898,0.26442152
A,grid_000029,14.2,41.2,POINT (14.2 41.2),EU,NF,271.6660741,C,0,133.76361,46.23639,0.30459225
A,grid_000030,14.8,41.2,POINT (14.8 41.2),EU,NF,271.4324384,C,0,142.94543,37.054565,0.409903
A,grid_000031,15.4,41.2,POINT (15.4 41.2),EU,NF,280.7118633,C,0,134.32254,45.67746,0.23474044
A,grid_000032,16,41.2,POINT (16 41.2),EU,NF,280.4954569,C,0,133.74545,46.254547,0.20616855
A,grid_000033,10,41.8,POINT (10 41.8),EU,TF,319.4104139,C,0,88.403625,88.403625,0.015132551
A,grid_000034,10.6,41.8,POINT (10.6 41.8),EU,TF,306.618129,C,0,109.08626,70.91374,0.034346692
A,grid_000035,11.2,41.8,POINT (11.2 41.8),EU,TF,302.9682092,C,0,125.27165,54.728348,0.06626549
A,grid_000036,11.8,41.8,POINT (11.8 41.8),EU,NF,305.1724435,C,0,127.10817,52.89183,0.24359427
A,grid_000037,12.4,41.8,POINT (12.4 41.8),EU,NF,313.655904,C,0,135.77882,44.221176,0.29028475
A,grid_000038,13,41.8,POINT (13 41.8),EU,NF,331.230368,C,0,166.86476,13.135239,0.6185188
A,grid_000039,13.6,41.8,POINT (13.6 41.8),EU,NF,345.8246766,C,0,137.02014,42.97986,0.7051949
A,grid_000040,14.2,41.8,POINT (14.2 41.8),EU,NF,338.0323622,C,0,138.93167,41.06833,0.38321275
A,grid_000041,14.8,41.8,POINT (14.8 41.8),EU,NF,337.8463195,C,0,134.0841,45.915894,0.7731982
A,grid_000042,15.4,41.8,POINT (15.4 41.8),EU,TF,345.2788523,C,0,143.5492,36.450806,0.627933
A,grid_000043,16,41.8,POINT (16 41.8),EU,TF,336.0264462,C,0,154.82132,25.17868,0.13669826
A,grid_000044,10,42.4,POINT (10 42.4),EU,TF,384.2757976,C,0,140.01071,39.98929,0.037304696
A,grid_000045,10.6,42.4,POINT (10.6 42.4),EU,TF,372.6748719,C,0,140.17357,39.82643,0.10221881
A,grid_000046,11.2,42.4,POINT (11.2 42.4),EU,TF,369.5670339,C,0,148.96794,31.032059,0.17425689
A,grid_000047,11.8,42.4,POINT (11.8 42.4),EU,TF,371.1018184,C,0,157.32068,22.679321,0.24908742
A,grid_000048,12.4,42.4,POINT (12.4 42.4),EU,TF,379.1355773,C,0,151.92169,28.078308,0.37795204
A,grid_000049,13,42.4,POINT (13 42.4),EU,NF,397.2594581,C,0,138.54611,41.453888,0.7078371
A,grid_000050,13.6,42.4,POINT (13.6 42.4),EU,NF,410.9696655,C,0,132.60472,47.39528,0.64318836
A,grid_000051,14.2,42.4,POINT (14.2 42.4),EU,TF,404.494956,C,0,168.59378,11.4062195,0.34872717
A,grid_000052,14.8,42.4,POINT (14.8 42.4),EU,TF,404.3409227,C,0,169.8579,10.142105,0.29637718
A,grid_000053,15.4,42.4,POINT (15.4 42.4),EU,TF,410.5146876,C,0,149.07675,30.923248,0.4330476
A,grid_000054,16,42.4,POINT (16 42.4),EU,TF,395.0114221,C,0,166.11522,13.884781,0.17007524
A,grid_000055,10,43,POINT (10 43),EU,TF,447.9996069,C,0,153.47398,26.526016,0.11050314
A,grid_000056,10.6,43,POINT (10.6 43),EU,TF,438.9163455,C,0,155.97015,24.029846,0.21550187
A,grid_000057,11.2,43,POINT (11.2 43),EU,NF,436.1725041,C,0,143.37881,36.621185,0.26799867
A,grid_000058,11.8,43,POINT (11.8 43),EU,NF,437.4587969,C,0,136.76877,43.23123,0.58979714
A,grid_000059,12.4,43,POINT (12.4 43),EU,NF,444.9680423,C,0,138.95897,41.04103,0.580181
A,grid_000060,13,43,POINT (13 43),EU,NF,454.779058,C,0,145.40868,34.591324,0.98881733
A,grid_000061,13.6,43,POINT (13.6 43),EU,NF,471.3519431,C,0,88.9261,88.9261,0.4421001
A,grid_000062,14.2,43,POINT (14.2 43),EU,TF,471.0160702,C,0,19.124353,19.124353,0.41766858
A,grid_000063,14.8,43,POINT (14.8 43),EU,TF,470.8850338,C,0,7.5960026,7.5960026,0.43426818
A,grid_000064,15.4,43,POINT (15.4 43),EU,TF,476.1474841,C,0,18.187605,18.187605,0.696857
A,grid_000065,16,43,POINT (16 43),EU,TF,456.1154018,C,0,4.9670553,4.9670553,0.25039816
A,grid_000066,10,43.6,POINT (10 43.6),EU,TF,512.0189734,C,0,158.33522,21.66478,0.1966508
A,grid_000067,10.6,43.6,POINT (10.6 43.6),EU,TF,505.2726833,C,0,159.4384,20.5616,0.20283012
A,grid_000068,11.2,43.6,POINT (11.2 43.6),EU,TF,502.7846283,C,0,134.75539,45.244614,0.83046705
A,grid_000069,11.8,43.6,POINT (11.8 43.6),EU,SS,503.9005823,C,0,149.01514,30.984863,0.5553209
A,grid_000070,12.4,43.6,POINT (12.4 43.6),EU,NF,511.0197225,C,0,131.2847,48.7153,0.8334193
A,grid_000071,13,43.6,POINT (13 43.6),EU,NF,519.5040657,C,0,163.26024,16.739761,0.6369686
A,grid_000072,13.6,43.6,POINT (13.6 43.6),EU,TF,536.6430128,C,0,4.8281784,4.8281784,0.4906671
A,grid_000073,14.2,43.6,POINT (14.2 43.6),EU,TF,537.5765978,C,0,177.67615,2.3238525,0.2565561
A,grid_000074,14.8,43.6,POINT (14.8 43.6),EU,TF,537.4628817,C,0,3.697815,3.697815,0.18743595
A,grid_000075,15.4,43.6,POINT (15.4 43.6),EU,TF,536.5423869,C,0,6.726243,6.726243,0.21198836
A,grid_000076,16,43.6,POINT (16 43.6),EU,TF,518.5926069,C,0,11.042272,11.042272,0.4978802
A,grid_000077,10,44.2,POINT (10 44.2),EU,NF,577.619699,C,0,122.45996,57.54004,0.5360314
A,grid_000078,10.6,44.2,POINT (10.6 44.2),EU,NF,571.7063536,C,0,128.76665,51.233353,0.6112627
A,grid_000079,11.2,44.2,POINT (11.2 44.2),EU,NF,569.4034123,C,0,156.76405,23.235947,0.5829526
A,grid_000080,11.8,44.2,POINT (11.8 44.2),EU,NF,570.4000083,C,0,13.756661,13.756661,0.59880114
A,grid_000081,12.4,44.2,POINT (12.4 44.2),EU,TF,577.217807,C,0,122.878876,57.121124,0.65085924
A,grid_000082,13,44.2,POINT (13 44.2),EU,SS,584.6699117,C,0,161.16368,18.836319,0.30114973
A,grid_000083,13.6,44.2,POINT (13.6 44.2),EU,TF,602.2402067,C,0,176.36497,3.635025,0.29057872
A,grid_000084,14.2,44.2,POINT (14.2 44.2),EU,TF,604.1658438,C,0,1.1189609,1.1189609,0.20993519
A,grid_000085,14.8,44.2,POINT (14.8 44.2),EU,TF,604.0656432,C,0,4.456158,4.456158,0.19894058
A,grid_000086,15.4,44.2,POINT (15.4 44.2),EU,TF,597.8992304,C,0,10.5698,10.5698,0.2434688
A,grid_000087,16,44.2,POINT (16 44.2),EU,SS,582.0033803,C,0,179.7975,0.20249939,0.16737446
A,grid_000088,10,44.8,POINT (10 44.8),EU,TF,633.8840233,C,0,10.545988,10.545988,0.35811165
A,grid_000089,10.6,44.8,POINT (10.6 44.8),EU,TF,633.8856971,C,0,167.26955,12.7304535,0.67456275
A,grid_000090,11.2,44.8,POINT (11.2 44.8),EU,TF,633.8873708,C,0,162.02515,17.974854,0.20354444
A,grid_000091,11.8,44.8,POINT (11.8 44.8),EU,TF,633.8890445,C,0,162.07915,17.920853,0.17739193
A,grid_000092,12.4,44.8,POINT (12.4 44.8),EU,NF,633.8907183,C,0,148.91194,31.088058,0.23171389
A,grid_000093,13,44.8,POINT (13 44.8),EU,NF,633.892392,C,0,149.81618,30.183823,0.19089523
A,grid_000094,13.6,44.8,POINT (13.6 44.8),EU,NF,633.8940658,C,0,156.33437,23.665634,0.22012746
A,grid_000095,14.2,44.8,POINT (14.2 44.8),EU,TF,633.8957395,C,0,3.2857566,3.2857566,0.15694818
A,grid_000096,14.8,44.8,POINT (14.8 44.8),EU,TF,633.8974132,C,0,5.0438285,5.0438285,0.20282188
A,grid_000097,15.4,44.8,POINT (15.4 44.8),EU,NF,633.899087,C,0,168.37582,11.624176,0.06978925
A,grid_000098,16,44.8,POINT (16 44.8),EU,TF,633.9007607,C,0,6.407906,6.407906,0.1084919
B,grid_000000,10.2,40,POINT (10.2 40),EU,TF,124.0548554,C,0,140.31534,39.68466,0.12536308
B,grid_000001,10.8,40,POINT (10.8 40),EU,TF,107.7296238,C,0,138.6638,41.336197,0.12059672
B,grid_000002,11.4,40,POINT (11.4 40),EU,TF,102.7713362,C,0,137.05841,42.94159,0.1727589
B,grid_000003,12,40,POINT (12 40),EU,TF,111.3282085,C,0,135.91568,44.08432,0.112886675
B,grid_000004,12.6,40,POINT (12.6 40),EU,TF,128.6228959,C,0,135.53838,44.461624,0.0903335
B,grid_000005,13.2,40,POINT (13.2 40),EU,TF,143.8539181,C,0,135.41325,44.586746,0.12745458
B,grid_000006,13.8,40,POINT (13.8 40),EU,TF,147.4545701,C,0,134.9477,45.052307,0.13032132
B,grid_000007,14.4,40,POINT (14.4 40),EU,TF,137.4343284,C,0,133.94188,46.05812,0.14069284
B,grid_000008,15,40,POINT (15 40),EU,TF,143.3192131,C,0,133.57477,46.425232,0.16966306
B,grid_000009,15.6,40,POINT (15.6 40),EU,NF,165.9414535,C,0,125.28639,54.713608,0.18375458
B,grid_000010,10.2,40.6,POINT (10.2 40.6),EU,TF,186.2448147,C,0,145.21944,34.780563,0.13336991
B,grid_000011,10.8,40.6,POINT (10.8 40.6),EU,TF,172.3464035,C,0,143.8806,36.1194,0.11141028
B,grid_000012,11.4,40.6,POINT (11.4 40.6),EU,TF,169.3755274,C,0,142.87228,37.127716,0.16322921
B,grid_000013,12,40.6,POINT (12 40.6),EU,TF,176.4523918,A,0,150.07382,29.926178,0.1590382
B,grid_000014,12.6,40.6,POINT (12.6 40.6),EU,SS,194.9688802,C,0,137.09518,42.904816,0.18216637
B,grid_000015,13.2,40.6,POINT (13.2 40.6),EU,TF,205.2480824,C,0,141.20146,38.79854,0.15705432
B,grid_000016,13.8,40.6,POINT (13.8 40.6),EU,TF,212.7239581,C,0,140.62466,39.375336,0.12879601
B,grid_000017,14.4,40.6,POINT (14.4 40.6),EU,TF,203.940725,C,0,139.05917,40.940826,0.17911114
B,grid_000018,15,40.6,POINT (15 40.6),EU,TF,207.9173454,C,0,141.3809,38.619095,0.1511369
B,grid_000019,15.6,40.6,POINT (15.6 40.6),EU,NF,223.9750403,C,0,127.05686,52.94314,0.3317287
B,grid_000020,10.2,41.2,POINT (10.2 41.2),EU,TF,250.7297709,C,0,148.79498,31.205017,0.16892828
B,grid_000021,10.8,41.2,POINT (10.8 41.2),EU,TF,238.3615365,C,0,149.0596,30.9404,0.18604824
B,grid_000022,11.4,41.2,POINT (11.4 41.2),EU,TF,235.9979801,C,0,149.50488,30.495117,0.19471774
B,grid_000023,12,41.2,POINT (12 41.2),EU,TF,242.4000414,C,0,149.46364,30.536362,0.18044728
B,grid_000024,12.6,41.2,POINT (12.6 41.2),EU,NF,261.3982148,C,0,134.84149,45.15851,0.21542954
B,grid_000025,13.2,41.2,POINT (13.2 41.2),EU,TF,269.1476903,C,0,149.35464,30.645355,0.21690142
B,grid_000026,13.8,41.2,POINT (13.8 41.2),EU,TF,277.1353124,C,0,142.75052,37.24948,0.49207753
B,grid_000027,14.4,41.2,POINT (14.4 41.2),EU,NF,270.5120517,C,0,131.18991,48.81009,0.36930865
B,grid_000028,15,41.2,POINT (15 41.2),EU,NF,273.4959786,C,0,135.02634,44.973663,0.22701952
B,grid_000029,15.6,41.2,POINT (15.6 41.2),EU,TF,285.7861934,C,0,147.46637,32.53363,0.20724685
B,grid_000030,10.2,41.8,POINT (10.2 41.8),EU,TF,315.1628905,C,0,151.80229,28.197708,0.1400206
B,grid_000031,10.8,41.8,POINT (10.8 41.8),EU,TF,304.6518717,C,0,152.51906,27.480942,0.18373594
B,grid_000032,11.4,41.8,POINT (11.4 41.8),EU,TF,302.6312421,C,0,153.59763,26.402374,0.20832711
B,grid_000033,12,41.8,POINT (12 41.8),EU,NF,308.2836756,C,0,138.58234,41.417664,0.2619073
B,grid_000034,12.6,41.8,POINT (12.6 41.8),EU,TF,317.4933214,C,0,142.84259,37.15741,0.53049207
B,grid_000035,13.2,41.8,POINT (13.2 41.8),EU,NF,334.1225098,C,0,156.73773,23.262268,0.41179848
B,grid_000036,13.8,41.8,POINT (13.8 41.8),EU,NF,342.4037383,C,0,119.29993,60.700073,0.5240504
B,grid_000037,14.4,41.8,POINT (14.4 41.8),EU,NF,337.1139835,C,0,134.80792,45.192078,0.34211904
B,grid_000038,15,41.8,POINT (15 41.8),EU,SS,339.4914887,C,0,132.16583,47.834167,0.68886435
B,grid_000039,15.6,41.8,POINT (15.6 41.8),EU,TF,349.3796579,C,0,149.99399,30.006012,0.25169194
B,grid_000040,10.2,42.4,POINT (10.2 42.4),EU,TF,378.902849,C,0,154.91907,25.080933,0.20106421
B,grid_000041,10.8,42.4,POINT (10.8 42.4),EU,SS,371.0737183,C,0,147.54907,32.450928,0.2322553
B,grid_000042,11.4,42.4,POINT (11.4 42.4),EU,TF,369.2732521,C,0,155.50284,24.497162,0.20660436
B,grid_000043,12,42.4,POINT (12 42.4),EU,TF,373.9738663,C,0,156.71281,23.287186,0.26633486
B,grid_000044,12.6,42.4,POINT (12.6 42.4),EU,NF,382.2871823,C,0,128.31715,51.682846,0.40598926
B,grid_000045,13.2,42.4,POINT (13.2 42.4),EU,NF,399.6519639,C,0,140.84943,39.150574,0.87313974
B,grid_000046,13.8,42.4,POINT (13.8 42.4),EU,TF,408.1216713,C,0,162.63206,17.367935,0.3749121
B,grid_000047,14.4,42.4,POINT (14.4 42.4),EU,TF,403.7348423,C,0,169.2514,10.748596,0.32480866
B,grid_000048,15,42.4,POINT (15 42.4),EU,NF,405.7039371,C,0,134.87054,45.129456,0.5206807
B,grid_000049,15.6,42.4,POINT (15.6 42.4),EU,TF,410.2843011,C,0,165.95384,14.046158,0.19501163
B,grid_000050,10.2,43,POINT (10.2 43),EU,TF,443.5108942,C,0,161.0518,18.948196,0.20647666
B,grid_000051,10.8,43,POINT (10.8 43),EU,TF,437.5703984,C,0,144.30283,35.697174,0.23480278
B,grid_000052,11.4,43,POINT (11.4 43),EU,NF,435.9232175,C,0,142.5245,37.475494,0.2820679
B,grid_000053,12,43,POINT (12 43),EU,NF,439.6636531,C,0,137.6207,42.379303,0.5076882
B,grid_000054,12.6,43,POINT (12.6 43),EU,NF,447.631318,C,0,137.09908,42.900925,0.8542027
B,grid_000055,13.2,43,POINT (13.2 43),EU,NF,465.5048967,C,0,152.09857,27.901428,0.9429351
B,grid_000056,13.8,43,POINT (13.8 43),EU,NF,474.1051833,C,0,149.16827,30.831726,0.32496652
B,grid_000057,14.4,43,POINT (14.4 43),EU,TF,470.369571,C,0,14.81402,14.81402,0.44168222
B,grid_000058,15,43,POINT (15 43),EU,TF,472.0450185,C,0,13.00519,13.00519,0.67484903
B,grid_000059,15.6,43,POINT (15.6 43),EU,TF,469.2815643,C,0,7.3361607,7.3361607,0.34682077
B,grid_000060,10.2,43.6,POINT (10.2 43.6),EU,TF,509.2309871,C,0,151.13895,28.861053,0.46686846
B,grid_000061,10.8,43.6,POINT (10.8 43.6),EU,NF,504.1150891,C,0,143.8915,36.108505,0.3305002
B,grid_000062,11.4,43.6,POINT (11.4 43.6),EU,NF,502.5807716,C,0,139.32474,40.675262,0.5950898
B,grid_000063,12,43.6,POINT (12 43.6),EU,NF,505.3902384,C,0,148.22693,31.773071,0.7371634
B,grid_000064,12.6,43.6,POINT (12.6 43.6),EU,NF,513.3183641,C,0,136.25012,43.749878,0.4812446
B,grid_000065,13.2,43.6,POINT (13.2 43.6),EU,NF,531.5637446,C,0,155.46027,24.539734,0.4230178
B,grid_000066,13.8,43.6,POINT (13.8 43.6),EU,SS,540.2595785,C,0,16.837763,16.837763,0.6336504
B,grid_000067,14.4,43.6,POINT (14.4 43.6),EU,TF,537.0156261,C,0,0.7567679,0.7567679,0.26170573
B,grid_000068,15,43.6,POINT (15 43.6),EU,TF,538.4698032,C,0,5.444448,5.444448,0.26009235
B,grid_000069,15.6,43.6,POINT (15.6 43.6),EU,TF,530.0999978,C,0,7.9911947,7.9911947,0.22094509
B,grid_000070,10.2,44.2,POINT (10.2 44.2),EU,NF,575.1738078,C,0,153.73376,26.266235,0.24312183
B,grid_000071,10.8,44.2,POINT (10.8 44.2),EU,TF,570.6934636,C,0,146.44089,33.559113,0.50276726
B,grid_000072,11.4,44.2,POINT (11.4 44.2),EU,NF,569.2457225,C,0,155.36928,24.630722,0.6388304
B,grid_000073,12,44.2,POINT (12 44.2),EU,NF,571.7036633,C,0,12.7412,12.7412,0.7895398
B,grid_000074,12.6,44.2,POINT (12.6 44.2),EU,TF,579.2341013,C,0,156.94223,23.05777,0.3674032
B,grid_000075,13.2,44.2,POINT (13.2 44.2),EU,TF,588.0764285,C,0,4.2377677,4.2377677,0.306174
B,grid_000076,13.8,44.2,POINT (13.8 44.2),EU,TF,606.5312669,C,0,178.37608,1.6239166,0.25148487
B,grid_000077,14.4,44.2,POINT (14.4 44.2),EU,TF,603.6715898,C,0,3.3720021,3.3720021,0.21849683
B,grid_000078,15,44.2,POINT (15 44.2),EU,TF,604.953048,C,0,5.6345873,5.6345873,0.19591856
B,grid_000079,15.6,44.2,POINT (15.6 44.2),EU,NF,592.1811249,C,0,171.16347,8.836533,0.19056079
B,grid_000080,10.2,44.8,POINT (10.2 44.8),EU,TF,633.8845812,C,0,172.607,7.3930054,0.16897327
B,grid_000081,10.8,44.8,POINT (10.8 44.8),EU,NF,633.886255,C,0,164.8921,15.107895,0.6516432
B,grid_000082,11.4,44.8,POINT (11.4 44.8),EU,TF,633.8879287,C,0,170.94858,9.051422,0.22130336
B,grid_000083,12,44.8,POINT (12 44.8),EU,TF,633.8896025,C,0,169.87007,10.129929,0.23798844
B,grid_000084,12.6,44.8,POINT (12.6 44.8),EU,NF,633.8912762,C,0,158.45221,21.54779,0.20205495
B,grid_000085,13.2,44.8,POINT (13.2 44.8),EU,NF,633.8929499,C,0,161.29619,18.703812,0.18475054
B,grid_000086,13.8,44.8,POINT (13.8 44.8),EU,NF,633.8946237,C,0,165.54271,14.457291,0.10920331
B,grid_000087,14.4,44.8,POINT (14.4 44.8),EU,TF,633.8962974,C,0,5.9898024,5.9898024,0.094804004
B,grid_000088,15,44.8,POINT (15 44.8),EU,TF,633.8979712,C,0,5.9478393,5.9478393,0.1404495
B,grid_000089,15.6,44.8,POINT (15.6 44.8),EU,NF,633.8996449,C,0,169.09155,10.908447,0.07108002
C,grid_000000,10.4,40,POINT (10.4 40),EU,TF,117.5961516,C,0,140.3601,39.639893,0.16625522
C,grid_000001,11,40,POINT (11 40),EU,TF,104.0570581,C,0,139.23143,40.76857,0.17024797
C,grid_000002,11.6,40,POINT (11.6 40),EU,TF,104.9888475,C,0,138.21938,41.780624,0.13686782
C,grid_000003,12.2,40,POINT (12.2 40),EU,TF,117.0410866,C,0,137.50606,42.493942,0.10371122
C,grid_000004,12.8,40,POINT (12.8 40),EU,TF,131.659168,C,0,137.17621,42.82379,0.11749735
C,grid_000005,13.4,40,POINT (13.4 40),EU,TF,153.8939415,C,0,137.63184,42.368164,0.118751064
C,grid_000006,14,40,POINT (14 40),EU,TF,144.0100895,C,0,136.5672,43.4328,0.1476056
C,grid_000007,14.6,40,POINT (14.6 40),EU,TF,137.2776211,C,0,135.8725,44.127502,0.15042296
C,grid_000008,15.2,40,POINT (15.2 40),EU,TF,149.2604754,C,0,128.27084,51.729156,0.30386478
C,grid_000009,15.8,40,POINT (15.8 40),EU,NF,176.2274779,C,0,127.67237,52.32763,0.18715087
C,grid_000010,10.4,40.6,POINT (10.4 40.6),EU,TF,182.043957,C,0,144.90408,35.095917,0.13198486
C,grid_000011,11,40.6,POINT (11 40.6),EU,TF,170.4864107,C,0,144.0146,35.985397,0.14013973
C,grid_000012,11.6,40.6,POINT (11.6 40.6),EU,TF,170.6798541,C,0,143.53552,36.464478,0.1482924
C,grid_000013,12.2,40.6,POINT (12.2 40.6),EU,TF,180.0797087,C,0,143.22115,36.778854,0.14662574
C,grid_000014,12.8,40.6,POINT (12.8 40.6),EU,TF,196.9676625,C,0,143.14049,36.859512,0.18708634
C,grid_000015,13.4,40.6,POINT (13.4 40.6),EU,TF,220.4782635,C,0,143.7259,36.274094,0.13938269
C,grid_000016,14,40.6,POINT (14 40.6),EU,NF,208.4298264,C,0,130.23854,49.76146,0.19964075
C,grid_000017,14.6,40.6,POINT (14.6 40.6),EU,NF,203.8360741,C,0,129.51282,50.487183,0.23532017
C,grid_000018,15.2,40.6,POINT (15.2 40.6),EU,TF,212.020673,C,0,148.37978,31.620224,0.22658952
C,grid_000019,15.8,40.6,POINT (15.8 40.6),EU,NF,231.6326885,C,0,139.51138,40.488617,0.32437542
C,grid_000020,10.4,41.2,POINT (10.4 41.2),EU,TF,246.0340408,C,0,149.76001,30.23999,0.11644896
C,grid_000021,11,41.2,POINT (11 41.2),EU,TF,237.0321107,C,0,149.80289,30.197113,0.15687782
C,grid_000022,11.6,41.2,POINT (11.6 41.2),EU,TF,236.8418669,C,0,149.81139,30.188614,0.14804545
C,grid_000023,12.2,41.2,POINT (12.2 41.2),EU,TF,245.0296846,C,0,150.865,29.134995,0.17661574
C,grid_000024,12.8,41.2,POINT (12.8 41.2),EU,NF,262.9439367,C,0,135.83379,44.166214,0.21835801
C,grid_000025,13.4,41.2,POINT (13.4 41.2),EU,TF,273.7973387,C,0,150.57161,29.42839,0.17186128
C,grid_000026,14,41.2,POINT (14 41.2),EU,TF,273.8823256,C,0,143.31287,36.687134,0.41260028
C,grid_000027,14.6,41.2,POINT (14.6 41.2),EU,TF,270.4338631,C,0,145.78519,34.214813,0.35764718
C,grid_000028,15.2,41.2,POINT (15.2 41.2),EU,NF,276.6006393,C,0,138.04686,41.95314,0.25208548
C,grid_000029,15.8,41.2,POINT (15.8 41.2),EU,NF,290.9487787,C,0,136.32205,43.677948,0.21456501
C,grid_000030,10.4,41.8,POINT (10.4 41.8),EU,TF,309.7898834,C,0,153.52203,26.477966,0.13800912
C,grid_000031,11,41.8,POINT (11 41.8),EU,TF,303.6222595,C,0,153.92807,26.07193,0.21650425
C,grid_000032,11.6,41.8,POINT (11.6 41.8),EU,TF,303.2838343,C,0,156.39645,23.603546,0.20871864
C,grid_000033,12.2,41.8,POINT (12.2 41.8),EU,NF,310.6991146,C,0,139.89366,40.10634,0.30192238
C,grid_000034,12.8,41.8,POINT (12.8 41.8),EU,TF,329.19096,C,0,139.70471,40.295288,0.6507546
C,grid_000035,13.4,41.8,POINT (13.4 41.8),EU,NF,337.845472,C,0,136.699,43.300995,0.52944666
C,grid_000036,14,41.8,POINT (14 41.8),EU,NF,339.800001,C,0,137.49892,42.501083,0.5741599
C,grid_000037,14.6,41.8,POINT (14.6 41.8),EU,NF,337.0518116,C,0,138.36087,41.63913,0.41493386
C,grid_000038,15.2,41.8,POINT (15.2 41.8),EU,TF,341.9750339,C,0,149.3106,30.689407,0.4641198
C,grid_000039,15.8,41.8,POINT (15.8 41.8),EU,TF,344.7219335,C,0,148.99031,31.00969,0.3364775
C,grid_000040,10.4,42.4,POINT (10.4 42.4),EU,TF,375.0303203,C,0,155.79012,24.209885,0.18613753
C,grid_000041,11,42.4,POINT (11 42.4),EU,SS,370.2366543,C,0,149.01361,30.98639,0.2616975
C,grid_000042,11.6,42.4,POINT (11.6 42.4),EU,TF,369.8033422,C,0,156.9912,23.008804,0.22103798
C,grid_000043,12.2,42.4,POINT (12.2 42.4),EU,NF,376.7156504,C,0,143.24358,36.756424,0.33658314
C,grid_000044,12.8,42.4,POINT (12.8 42.4),EU,NF,386.1525349,C,0,143.26854,36.73146,0.38472718
C,grid_000045,13.4,42.4,POINT (13.4 42.4),EU,NF,402.7411311,C,0,139.41864,40.58136,0.9245881
C,grid_000046,14,42.4,POINT (14 42.4),EU,NF,405.959764,C,0,146.81003,33.189972,0.35483754
C,grid_000047,14.6,42.4,POINT (14.6 42.4),EU,TF,403.6834076,C,0,170.45631,9.543686,0.2944355
C,grid_000048,15.2,42.4,POINT (15.2 42.4),EU,NF,407.7653694,C,0,130.69055,49.30945,0.70076203
C,grid_000049,15.8,42.4,POINT (15.8 42.4),EU,TF,402.3666942,C,0,175.338,4.6620026,0.25025734
C,grid_000050,10.4,43,POINT (10.4 43),EU,SS,440.8993627,C,0,148.52588,31.474121,0.22432931
C,grid_000051,11,43,POINT (11 43),EU,TF,436.8607999,C,0,154.3108,25.689194,0.25387457
C,grid_000052,11.6,43,POINT (11.6 43),EU,NF,436.3681474,C,0,143.27232,36.727676,0.3066706
C,grid_000053,12.2,43,POINT (12.2 43),EU,NF,442.7748524,C,0,146.79112,33.208878,0.33464974
C,grid_000054,12.8,43,POINT (12.8 43),EU,NF,450.9060652,C,0,138.87756,41.122437,0.96804965
C,grid_000055,13.4,43,POINT (13.4 43),EU,NF,468.1349777,C,0,135.86201,44.137985,0.47051287
C,grid_000056,14,43,POINT (14 43),EU,TF,472.2628551,C,0,21.835402,21.835402,0.42528817
C,grid_000057,14.6,43,POINT (14.6 43),EU,TF,470.3258361,C,0,173.34592,6.6540833,0.31137854
C,grid_000058,15.2,43,POINT (15.2 43),EU,TF,473.8013714,C,0,11.070082,11.070082,0.7102954
C,grid_000059,15.8,43,POINT (15.8 43),EU,TF,462.4405177,C,0,164.64603,15.353973,0.48270667
C,grid_000060,10.4,43.6,POINT (10.4 43.6),EU,TF,506.9798279,C,0,159.14417,20.855835,0.19947012
C,grid_000061,11,43.6,POINT (11 43.6),EU,NF,503.4729239,C,0,129.25912,50.740875,0.69591135
C,grid_000062,11.6,43.6,POINT (11.6 43.6),EU,SS,502.9630617,C,0,150.39215,29.60785,0.2986074
C,grid_000063,12.2,43.6,POINT (12.2 43.6),EU,NF,508.4641416,C,0,134.71162,45.288376,0.79326594
C,grid_000064,12.8,43.6,POINT (12.8 43.6),EU,NF,516.1493846,C,0,160.10452,19.895477,0.43506306
C,grid_000065,13.4,43.6,POINT (13.4 43.6),EU,TF,533.8465995,C,0,160.80052,19.199478,0.5204483
C,grid_000066,14,43.6,POINT (14 43.6),EU,TF,538.6589617,C,0,6.2357683,6.2357683,0.40370739
C,grid_000067,14.6,43.6,POINT (14.6 43.6),EU,TF,536.9776838,C,0,3.6391933,3.6391933,0.27704751
C,grid_000068,15.2,43.6,POINT (15.2 43.6),EU,TF,539.9955245,C,0,3.5579264,3.5579264,0.20638421
C,grid_000069,15.8,43.6,POINT (15.8 43.6),EU,TF,524.1114857,C,0,4.0935674,4.0935674,0.2221398
C,grid_000070,10.4,44.2,POINT (10.4 44.2),EU,NF,573.2010565,C,0,129.63153,50.36847,0.56058884
C,grid_000071,11,44.2,POINT (11 44.2),EU,TF,570.0917078,C,0,136.8199,43.1801,0.5764539
C,grid_000072,11.6,44.2,POINT (11.6 44.2),EU,NF,569.5799965,C,0,134.76195,45.238052,0.6198094
C,grid_000073,12.2,44.2,POINT (12.2 44.2),EU,TF,574.1528748,C,0,16.784456,16.784456,0.73125184
C,grid_000074,12.8,44.2,POINT (12.8 44.2),EU,SS,581.7201379,C,0,161.11743,18.882568,0.3172033
C,grid_000075,13.4,44.2,POINT (13.4 44.2),EU,TF,599.7739064,C,0,15.861959,15.861959,0.5141495
C,grid_000076,14,44.2,POINT (14 44.2),EU,SS,605.1197942,C,0,177.71536,2.2846375,0.2137095
C,grid_000077,14.6,44.2,POINT (14.6 44.2),EU,TF,603.6381641,C,0,4.247558,4.247558,0.19278273
C,grid_000078,15.2,44.2,POINT (15.2 44.2),EU,TF,604.0211917,C,0,3.4928617,3.4928617,0.1865236
C,grid_000079,15.8,44.2,POINT (15.8 44.2),EU,TF,586.8787112,C,0,3.1794407,3.1794407,0.16650093
C,grid_000080,10.4,44.8,POINT (10.4 44.8),EU,TF,633.8851391,C,0,161.81001,18.189987,0.20963879
C,grid_000081,11,44.8,POINT (11 44.8),EU,NF,633.8868129,C,0,149.10056,30.899445,0.25452328
C,grid_000082,11.6,44.8,POINT (11.6 44.8),EU,TF,633.8884866,C,0,162.26222,17.737778,0.19732988
C,grid_000083,12.2,44.8,POINT (12.2 44.8),EU,TF,633.8901604,C,0,162.83012,17.169876,0.21912993
C,grid_000084,12.8,44.8,POINT (12.8 44.8),EU,NF,633.8918341,C,0,161.81697,18.18303,0.16087575
C,grid_000085,13.4,44.8,POINT (13.4 44.8),EU,TF,633.8935079,C,0,9.173093,9.173093,0.15981427
C,grid_000086,14,44.8,POINT (14 44.8),EU,TF,633.8951816,C,0,7.265289,7.265289,0.17328134
C,grid_000087,14.6,44.8,POINT (14.6 44.8),EU,TF,633.8968553,C,0,5.3032746,5.3032746,0.1944372
C,grid_000088,15.2,44.8,POINT (15.2 44.8),EU,TF,633.8985291,C,0,3.8792362,3.8792362,0.1393138
C,grid_000089,15.8,44.8,POINT (15.8 44.8),EU,NF,633.9002028,C,0,165.18817,14.811829,0.09209186
D,grid_000000,10,40.2,POINT (10 40.2),EU,TF,151.5978158,C,0,132.40063,47.599365,0.10962633
D,grid_000001,10.6,40.2,POINT (10.6 40.2),EU,TF,134.3667223,C,0,132.79736,47.202637,0.14027435
D,grid_000002,11.2,40.2,POINT (11.2 40.2),EU,TF,125.4037316,C,0,133.58667,46.41333,0.14793642
D,grid_000003,11.8,40.2,POINT (11.8 40.2),EU,TF,129.9971246,C,0,134.81924,45.180756,0.09340174
D,grid_000004,12.4,40.2,POINT (12.4 40.2),EU,TF,149.101131,C,0,136.51512,43.48488,0.12081526
D,grid_000005,13,40.2,POINT (13 40.2),EU,TF,157.7368593,C,0,137.22679,42.77321,0.14278159
D,grid_000006,13.6,40.2,POINT (13.6 40.2),EU,TF,175.4416658,C,0,138.2018,41.798203,0.18942022
D,grid_000007,14.2,40.2,POINT (14.2 40.2),EU,TF,161.5686113,C,0,137.4054,42.594604,0.1437171
D,grid_000008,14.8,40.2,POINT (14.8 40.2),EU,TF,161.1696072,C,0,137.31424,42.68576,0.17197475
D,grid_000009,15.4,40.2,POINT (15.4 40.2),EU,SS,176.5655852,C,0,133.26402,46.735977,0.22002113
D,grid_000010,16,40.2,POINT (16 40.2),EU,NF,203.3534134,C,0,128.91411,51.08589,0.19116688
D,grid_000011,10,40.8,POINT (10 40.8),EU,TF,212.6511772,C,0,105.08523,74.91477,0.4642657
D,grid_000012,10.6,40.8,POINT (10.6 40.8),EU,TF,198.1483895,C,0,136.46942,43.53058,0.073192336
D,grid_000013,11.2,40.8,POINT (11.2 40.8),EU,TF,191.9849017,C,0,137.25142,42.74858,0.14410606
D,grid_000014,11.8,40.8,POINT (11.8 40.8),EU,TF,195.6880656,C,0,138.53403,41.465973,0.12359892
D,grid_000015,12.4,40.8,POINT (12.4 40.8),EU,TF,206.2025735,C,0,139.19798,40.802017,0.18075514
D,grid_000016,13,40.8,POINT (13 40.8),EU,TF,222.0157879,C,0,141.548,38.451996,0.13874675
D,grid_000017,13.6,40.8,POINT (13.6 40.8),EU,TF,238.0285993,C,0,142.8026,37.197403,0.1288371
D,grid_000018,14.2,40.8,POINT (14.2 40.8),EU,NF,227.5139722,C,0,130.3298,49.670197,0.22882229
D,grid_000019,14.8,40.8,POINT (14.8 40.8),EU,NF,227.2332776,C,0,130.29475,49.705246,0.23136865
D,grid_000020,15.4,40.8,POINT (15.4 40.8),EU,NF,238.3047362,C,0,125.91594,54.08406,0.7428009
D,grid_000021,16,40.8,POINT (16 40.8),EU,NF,246.5520786,C,0,131.45473,48.545273,0.17090118
D,grid_000022,10,41.4,POINT (10 41.4),EU,NF,276.2981709,C,0,127.915985,52.084015,0.19044223
D,grid_000023,10.6,41.4,POINT (10.6 41.4),EU,TF,262.7491185,C,0,140.0708,39.9292,0.14625134
D,grid_000024,11.2,41.4,POINT (11.2 41.4),EU,TF,258.5726788,C,0,141.36536,38.634644,0.13103937
D,grid_000025,11.8,41.4,POINT (11.8 41.4),EU,TF,261.3787853,C,0,143.93143,36.068573,0.21783149
D,grid_000026,12.4,41.4,POINT (12.4 41.4),EU,TF,270.3229061,C,0,2.9117928,2.9117928,0.454082
D,grid_000027,13,41.4,POINT (13 41.4),EU,TF,287.3726826,C,0,147.70883,32.29117,0.23499113
D,grid_000028,13.6,41.4,POINT (13.6 41.4),EU,SS,302.7610089,C,0,139.3262,40.673798,0.393268
D,grid_000029,14.2,41.4,POINT (14.2 41.4),EU,NF,293.7737331,C,0,128.2056,51.794403,0.6502124
D,grid_000030,14.8,41.4,POINT (14.8 41.4),EU,NF,293.5583411,C,0,134.232,45.768005,0.3237782
D,grid_000031,15.4,41.4,POINT (15.4 41.4),EU,TF,302.1336034,C,0,150.45541,29.544586,0.14063828
D,grid_000032,16,41.4,POINT (16 41.4),EU,TF,298.5008657,C,0,149.3855,30.614502,0.14444804
D,grid_000033,10,42,POINT (10 42),EU,TF,341.0940617,C,0,144.63904,35.360962,0.13095622
D,grid_000034,10.6,42,POINT (10.6 42),EU,TF,328.6098984,C,0,145.254,34.746002,0.17672184
D,grid_000035,11.2,42,POINT (11.2 42),EU,TF,325.1670797,C,0,146.75146,33.248535,0.15954134
D,grid_000036,11.8,42,POINT (11.8 42),EU,TF,327.0692188,C,0,148.50209,31.49791,0.21982947
D,grid_000037,12.4,42,POINT (12.4 42),EU,NF,335.430745,C,0,141.7199,38.280106,0.41993076
D,grid_000038,13,42,POINT (13 42),EU,NF,353.213613,C,0,119.11167,60.88833,0.42214847
D,grid_000039,13.6,42,POINT (13.6 42),EU,NF,367.479211,C,0,138.75955,41.240448,0.6718973
D,grid_000040,14.2,42,POINT (14.2 42),EU,NF,360.1782983,C,0,137.73314,42.26686,0.34523594
D,grid_000041,14.8,42,POINT (14.8 42),EU,NF,360.0042334,C,0,135.60393,44.396072,0.533951
D,grid_000042,15.4,42,POINT (15.4 42),EU,TF,366.9671659,C,0,154.32372,25.676285,0.41664183
D,grid_000043,16,42,POINT (16 42),EU,TF,355.3870005,C,0,140.73456,39.26544,0.37234506
D,grid_000044,10,42.6,POINT (10 42.6),EU,TF,405.5188572,C,0,149.05542,30.94458,0.13951936
D,grid_000045,10.6,42.6,POINT (10.6 42.6),EU,NF,394.7392489,C,0,134.23283,45.767166,0.18358314
D,grid_000046,11.2,42.6,POINT (11.2 42.6),EU,TF,391.7681185,C,0,150.2702,29.729797,0.21113124
D,grid_000047,11.8,42.6,POINT (11.8 42.6),EU,NF,393.2089577,C,0,131.48283,48.517166,0.41715932
D,grid_000048,12.4,42.6,POINT (12.4 42.6),EU,NF,401.0489205,C,0,114.86742,65.13258,0.57314336
D,grid_000049,13,42.6,POINT (13 42.6),EU,NF,419.3139707,C,0,134.71794,45.28206,0.8402653
D,grid_000050,13.6,42.6,POINT (13.6 42.6),EU,NF,428.0622137,C,0,139.38371,40.616287,0.46431237
D,grid_000051,14.2,42.6,POINT (14.2 42.6),EU,NF,426.6633469,C,0,147.07893,32.921066,0.32995093
D,grid_000052,14.8,42.6,POINT (14.8 42.6),EU,NF,426.5177734,C,0,149.19211,30.807892,0.31085122
D,grid_000053,15.4,42.6,POINT (15.4 42.6),EU,TF,432.356924,C,0,170.95598,9.044022,0.2424671
D,grid_000054,16,42.6,POINT (16 42.6),EU,TF,415.1893393,C,0,171.89626,8.1037445,0.21679772
D,grid_000055,10,43.2,POINT (10 43.2),EU,NF,469.2372794,C,0,141.96034,38.039658,0.19385317
D,grid_000056,10.6,43.2,POINT (10.6 43.2),EU,TF,461.0246588,C,0,146.31036,33.689636,0.21157268
D,grid_000057,11.2,43.2,POINT (11.2 43.2),EU,SS,458.3758058,C,0,136.12796,43.87204,0.46549106
D,grid_000058,11.8,43.2,POINT (11.8 43.2),EU,TF,459.5982998,C,0,153.4501,26.549896,0.28463733
D,grid_000059,12.4,43.2,POINT (12.4 43.2),EU,NF,466.9653503,C,0,138.25935,41.740646,0.82040185
D,grid_000060,13,43.2,POINT (13 43.2),EU,NF,476.2941421,C,0,141.47498,38.525024,0.7430169
D,grid_000061,13.6,43.2,POINT (13.6 43.2),EU,NF,493.0742772,C,0,144.88452,35.11548,0.36204076
D,grid_000062,14.2,43.2,POINT (14.2 43.2),EU,TF,493.1991803,C,0,174.60246,5.397537,0.3053264
D,grid_000063,14.8,43.2,POINT (14.8 43.2),EU,TF,493.074435,C,0,2.1439712,2.1439712,0.33841684
D,grid_000064,15.4,43.2,POINT (15.4 43.2),EU,TF,496.4006202,C,0,16.76075,16.76075,0.7601389
D,grid_000065,16,43.2,POINT (16 43.2),EU,TF,476.8148241,C,0,5.238099,5.238099,0.19894123
D,grid_000066,10,43.8,POINT (10 43.8),EU,NF,533.8558557,C,0,151.67618,28.323822,0.25691092
D,grid_000067,10.6,43.8,POINT (10.6 43.8),EU,NF,527.409958,C,0,147.91797,32.08203,0.18719035
D,grid_000068,11.2,43.8,POINT (11.2 43.8),EU,NF,524.9901495,C,0,136.55334,43.446655,0.53258383
D,grid_000069,11.8,43.8,POINT (11.8 43.8),EU,NF,526.0615999,C,0,133.80403,46.19597,0.7825663
D,grid_000070,12.4,43.8,POINT (12.4 43.8),EU,NF,533.072044,C,0,150.49702,29.502975,0.5347639
D,grid_000071,13,43.8,POINT (13 43.8),EU,TF,541.1847458,C,0,165.9013,14.098694,0.36782682
D,grid_000072,13.6,43.8,POINT (13.6 43.8),EU,TF,558.4799223,C,0,168.66013,11.339874,0.33872837
D,grid_000073,14.2,43.8,POINT (14.2 43.8),EU,TF,559.7702039,C,0,179.86809,0.13191223,0.25803292
D,grid_000074,14.8,43.8,POINT (14.8 43.8),EU,TF,559.6613489,C,0,4.0998435,4.0998435,0.25884628
D,grid_000075,15.4,43.8,POINT (15.4 43.8),EU,TF,556.8586997,C,0,6.1852894,6.1852894,0.2301723
D,grid_000076,16,43.8,POINT (16 43.8),EU,TF,539.641825,C,0,9.743007,9.743007,0.33142388
D,grid_000077,10,44.4,POINT (10 44.4),EU,NF,599.5402587,C,0,156.56763,23.432373,0.23059309
D,grid_000078,10.6,44.4,POINT (10.6 44.4),EU,NF,593.8640207,C,0,1.2163877,1.2163877,0.5005038
D,grid_000079,11.2,44.4,POINT (11.2 44.4),EU,NF,591.615114,C,0,157.91113,22.088867,0.3681208
D,grid_000080,11.8,44.4,POINT (11.8 44.4),EU,TF,592.5763502,C,0,9.692419,9.692419,0.6036341
D,grid_000081,12.4,44.4,POINT (12.4 44.4),EU,TF,599.1601268,C,0,3.3357763,3.3357763,0.543715
D,grid_000082,13,44.4,POINT (13 44.4),EU,SS,606.4656924,C,0,171.22955,8.770447,0.24719751
D,grid_000083,13.6,44.4,POINT (13.6 44.4),EU,TF,624.1576868,C,0,1.964849,1.964849,0.19383636
D,grid_000084,14.2,44.4,POINT (14.2 44.4),EU,TF,626.3674469,C,0,2.4550972,2.4550972,0.1937432
D,grid_000085,14.8,44.4,POINT (14.8 44.4),EU,TF,626.2711153,C,0,4.3632665,4.3632665,0.20367819
D,grid_000086,15.4,44.4,POINT (15.4 44.4),EU,TF,618.596555,C,0,18.820446,18.820446,0.51357543
D,grid_000087,16,44.4,POINT (16 44.4),EU,NF,603.2974153,C,0,165.82942,14.170578,0.13017188
D,grid_000088,10,45,POINT (10 45),EU,TF,611.6580587,C,0,19.46365,19.46365,0.43036738
D,grid_000089,10.6,45,POINT (10.6 45),EU,TF,611.6597324,C,0,169.26079,10.739212,0.34726712
D,grid_000090,11.2,45,POINT (11.2 45),EU,TF,611.6614062,C,0,8.948354,8.948354,0.72426224
D,grid_000091,11.8,45,POINT (11.8 45),EU,NF,611.6630799,C,0,156.82693,23.173065,0.2547037
D,grid_000092,12.4,45,POINT (12.4 45),EU,TF,611.6647536,C,0,176.98668,3.013321,0.2567952
D,grid_000093,13,45,POINT (13 45),EU,NF,611.6664274,C,0,160.59769,19.402313,0.120075986
D,grid_000094,13.6,45,POINT (13.6 45),EU,NF,611.6681011,C,0,163.42857,16.571426,0.17356934
D,grid_000095,14.2,45,POINT (14.2 45),EU,TF,611.6697749,C,0,5.7272987,5.7272987,0.17071235
D,grid_000096,14.8,45,POINT (14.8 45),EU,TF,611.6714486,C,0,4.265398,4.265398,0.57713455
D,grid_000097,15.4,45,POINT (15.4 45),EU,NF,611.6731224,C,0,176.28928,3.7107239,0.26664227
D,grid_000098,16,45,POINT (16 45),EU,TF,611.6747961,C,0,6.3542542,6.3542542,0.1934795
E,grid_000000,10.2,40.2,POINT (10.2 40.2),EU,TF,144.3451952,C,0,141.0676,38.932404,0.15187189
E,grid_000001,10.8,40.2,POINT (10.8 40.2),EU,TF,128.9935809,C,0,140.05115,39.948853,0.09903231
E,grid_000002,11.4,40.2,POINT (11.4 40.2),EU,TF,124.9695887,C,0,139.22574,40.77426,0.13546275
E,grid_000003,12,40.2,POINT (12 40.2),EU,TF,132.8703831,C,0,138.60263,41.39737,0.11105687
E,grid_000004,12.6,40.2,POINT (12.6 40.2),EU,TF,150.7101874,C,0,138.49927,41.500732,0.16278218
E,grid_000005,13.2,40.2,POINT (13.2 40.2),EU,TF,163.8646773,C,0,138.30138,41.698624,0.16079938
E,grid_000006,13.8,40.2,POINT (13.8 40.2),EU,TF,169.2284923,C,0,137.944,42.056,0.1147158
E,grid_000007,14.4,40.2,POINT (14.4 40.2),EU,TF,159.5914388,C,0,137.0032,42.996796,0.13128865
E,grid_000008,15,40.2,POINT (15 40.2),EU,TF,164.6719273,C,0,137.12076,42.879242,0.16219981
E,grid_000009,15.6,40.2,POINT (15.6 40.2),EU,NF,184.6422129,C,0,127.38957,52.610428,0.19292837
E,grid_000010,10.2,40.8,POINT (10.2 40.8),EU,TF,207.5885458,C,0,144.09758,35.90242,0.17246479
E,grid_000011,10.8,40.8,POINT (10.8 40.8),EU,TF,194.3039752,C,0,144.4902,35.509796,0.17784134
E,grid_000012,11.4,40.8,POINT (11.4 40.8),EU,TF,191.5815644,C,0,144.07425,35.92575,0.1555737
E,grid_000013,12,40.8,POINT (12 40.8),EU,TF,198.3834461,C,0,143.89987,36.10013,0.1491386
E,grid_000014,12.6,40.8,POINT (12.6 40.8),EU,TF,217.1236114,C,0,139.8161,40.1839,0.21413986
E,grid_000015,13.2,40.8,POINT (13.2 40.8),EU,SS,226.3723514,C,0,138.80223,41.19777,0.19321111
E,grid_000016,13.8,40.8,POINT (13.8 40.8),EU,TF,234.0556797,C,0,143.27003,36.729965,0.20331228
E,grid_000017,14.4,40.8,POINT (14.4 40.8),EU,TF,226.1264793,C,0,141.88754,38.112457,0.20270686
E,grid_000018,15,40.8,POINT (15 40.8),EU,NF,229.7088605,C,0,130.55211,49.44789,0.40276545
E,grid_000019,15.6,40.8,POINT (15.6 40.8),EU,NF,244.296778,C,0,128.22984,51.770157,0.4375416
E,grid_000020,10.2,41.4,POINT (10.2 41.4),EU,TF,272.455804,C,0,147.70648,32.293518,0.105424285
E,grid_000021,10.8,41.4,POINT (10.8 41.4),EU,TF,260.4378316,C,0,148.16664,31.833359,0.20222235
E,grid_000022,11.4,41.4,POINT (11.4 41.4),EU,TF,258.2080123,C,0,149.72656,30.273438,0.1647668
E,grid_000023,12,41.4,POINT (12 41.4),EU,TF,264.4602619,C,0,150.0772,29.922806,0.19220398
E,grid_000024,12.6,41.4,POINT (12.6 41.4),EU,TF,274.7930239,C,0,166.18323,13.816772,0.30099097
E,grid_000025,13.2,41.4,POINT (13.2 41.4),EU,TF,290.7216153,C,0,150.75317,29.246826,0.20902067
E,grid_000026,13.8,41.4,POINT (13.8 41.4),EU,TF,298.8235759,C,0,143.2203,36.779694,0.5703146
E,grid_000027,14.4,41.4,POINT (14.4 41.4),EU,TF,292.7100906,C,0,132.67937,47.320633,0.7524018
E,grid_000028,15,41.4,POINT (15 41.4),EU,NF,295.4616874,C,0,139.9999,40.000107,0.43010956
E,grid_000029,15.6,41.4,POINT (15.6 41.4),EU,TF,306.8398452,C,0,149.95183,30.048172,0.16316569
E,grid_000030,10.2,42,POINT (10.2 42),EU,TF,336.4113054,C,0,150.48634,29.513657,0.15229282
E,grid_000031,10.8,42,POINT (10.8 42),EU,TF,326.7816199,C,0,151.40935,28.590652,0.16960557
E,grid_000032,11.4,42,POINT (11.4 42),EU,TF,324.8443262,C,0,152.60448,27.395523,0.18177462
E,grid_000033,12,42,POINT (12 42),EU,TF,330.1804464,C,0,153.98564,26.014359,0.22635949
E,grid_000034,12.6,42,POINT (12.6 42),EU,TF,339.0108583,C,0,146.3632,33.636795,0.6343099
E,grid_000035,13.2,42,POINT (13.2 42),EU,TF,355.9189158,C,0,150.90582,29.094177,0.32232744
E,grid_000036,13.8,42,POINT (13.8 42),EU,NF,364.2715607,C,0,125.62961,54.37039,0.5264074
E,grid_000037,14.4,42,POINT (14.4 42),EU,TF,359.3191604,C,0,154.496,25.503998,0.26650637
E,grid_000038,15,42,POINT (15 42),EU,NF,361.5438869,C,0,135.40544,44.59456,0.35113358
E,grid_000039,15.6,42,POINT (15.6 42),EU,TF,370.8164846,C,0,154.37729,25.622711,0.429003
E,grid_000040,10.2,42.6,POINT (10.2 42.6),EU,TF,400.1459604,C,0,153.97713,26.022873,0.15017699
E,grid_000041,10.8,42.6,POINT (10.8 42.6),EU,TF,393.2326609,C,0,153.25851,26.741486,0.16777164
E,grid_000042,11.4,42.6,POINT (11.4 42.6),EU,TF,391.4890466,C,0,154.42017,25.579834,0.22430381
E,grid_000043,12,42.6,POINT (12 42.6),EU,NF,395.8705103,C,0,129.4184,50.581604,0.5191651
E,grid_000044,12.6,42.6,POINT (12.6 42.6),EU,NF,404.0203864,C,0,116.71893,63.281067,0.72375643
E,grid_000045,13.2,42.6,POINT (13.2 42.6),EU,NF,421.5743054,C,0,146.88261,33.117386,0.8877247
E,grid_000046,13.8,42.6,POINT (13.8 42.6),EU,NF,430.0925312,C,0,146.11324,33.886765,0.35685498
E,grid_000047,14.4,42.6,POINT (14.4 42.6),EU,TF,425.9450359,C,0,170.35936,9.64064,0.31087112
E,grid_000048,15,42.6,POINT (15 42.6),EU,NF,427.8061289,C,0,149.12161,30.878387,0.28110176
E,grid_000049,15.6,42.6,POINT (15.6 42.6),EU,TF,429.7011269,C,0,171.23117,8.768829,0.2240346
E,grid_000050,10.2,43.2,POINT (10.2 43.2),EU,NF,465.3872,C,0,145.07965,34.92035,0.23912919
E,grid_000051,10.8,43.2,POINT (10.8 43.2),EU,TF,459.7475054,A,0,131.08882,48.91118,0.5037044
E,grid_000052,11.4,43.2,POINT (11.4 43.2),EU,SS,458.1415708,C,0,138.82503,41.174973,0.45382968
E,grid_000053,12,43.2,POINT (12 43.2),EU,NF,461.5601464,C,0,142.0594,37.940598,0.33339062
E,grid_000054,12.6,43.2,POINT (12.6 43.2),EU,NF,469.495843,C,0,138.12674,41.87326,0.78330904
E,grid_000055,13.2,43.2,POINT (13.2 43.2),EU,TF,487.5056189,C,0,161.69469,18.305313,0.5760012
E,grid_000056,13.8,43.2,POINT (13.8 43.2),EU,NF,496.1408932,C,0,150.29343,29.706573,0.35051677
E,grid_000057,14.4,43.2,POINT (14.4 43.2),EU,TF,492.58375,C,0,177.36606,2.6339417,0.25868005
E,grid_000058,15,43.2,POINT (15 43.2),EU,TF,494.1788383,C,0,6.2379656,6.2379656,0.69929576
E,grid_000059,15.6,43.2,POINT (15.6 43.2),EU,TF,489.3849939,C,0,10.89733,10.89733,0.55394006
E,grid_000060,10.2,43.8,POINT (10.2 43.8),EU,TF,531.1911393,B,0,3.1645885,3.1645885,0.5155852
E,grid_000061,10.8,43.8,POINT (10.8 43.8),EU,NF,526.3046369,C,0,148.46399,31.53601,0.23411256
E,grid_000062,11.4,43.8,POINT (11.4 43.8),EU,NF,524.8016067,C,0,144.03014,35.969864,0.3769089
E,grid_000063,12,43.8,POINT (12 43.8),EU,NF,527.4840794,C,0,139.04115,40.958847,0.8184272
E,grid_000064,12.6,43.8,POINT (12.6 43.8),EU,NF,535.2689025,C,0,149.5423,30.457703,0.4165674
E,grid_000065,13.2,43.8,POINT (13.2 43.8),EU,TF,544.8871738,C,0,7.9594617,7.9594617,0.45018944
E,grid_000066,13.8,43.8,POINT (13.8 43.8),EU,TF,562.3390313,C,0,176.15692,3.8430786,0.2885505
E,grid_000067,14.4,43.8,POINT (14.4 43.8),EU,TF,559.2332303,C,0,2.6851273,2.6851273,0.25102758
E,grid_000068,15,43.8,POINT (15 43.8),EU,TF,560.6252918,C,0,6.2583303,6.2583303,0.22242117
E,grid_000069,15.6,43.8,POINT (15.6 43.8),EU,TF,550.6741921,C,0,8.382225,8.382225,0.19067952
E,grid_000070,10.2,44.4,POINT (10.2 44.4),EU,NF,597.1919058,C,0,4.038598,4.038598,0.48574054
E,grid_000071,10.8,44.4,POINT (10.8 44.4),EU,NF,592.89219,C,0,2.5534444,2.5534444,0.52497584
E,grid_000072,11.4,44.4,POINT (11.4 44.4),EU,NF,591.468996,C,0,179.88092,0.11907959,0.25612724
E,grid_000073,12,44.4,POINT (12 44.4),EU,TF,593.8272064,C,0,8.266528,8.266528,0.6751907
E,grid_000074,12.6,44.4,POINT (12.6 44.4),EU,TF,601.2442463,C,0,155.66129,24.338715,0.4856028
E,grid_000075,13.2,44.4,POINT (13.2 44.4),EU,TF,609.7396997,C,0,0.53619695,0.53619695,0.26357454
E,grid_000076,13.8,44.4,POINT (13.8 44.4),EU,TF,628.6418726,C,0,0.56466585,0.56466585,0.25963464
E,grid_000077,14.4,44.4,POINT (14.4 44.4),EU,TF,625.8922883,C,0,4.640799,4.640799,0.20646068
E,grid_000078,15,44.4,POINT (15 44.4),EU,TF,627.124296,C,0,6.262356,6.262356,0.20957182
E,grid_000079,15.6,44.4,POINT (15.6 44.4),EU,NF,613.08976,C,0,16.010157,16.010157,0.32595074
E,grid_000080,10.2,45,POINT (10.2 45),EU,TF,611.6586166,C,0,174.68178,5.318222,0.20553102
E,grid_000081,10.8,45,POINT (10.8 45),EU,TF,611.6602903,C,0,174.47655,5.5234528,0.23950106
E,grid_000082,11.4,45,POINT (11.4 45),EU,TF,611.6619641,C,0,9.71499,9.71499,0.61920893
E,grid_000083,12,45,POINT (12 45),EU,TF,611.6636378,C,0,174.52975,5.4702454,0.23471308
E,grid_000084,12.6,45,POINT (12.6 45),EU,TF,611.6653116,C,0,175.6752,4.3247986,0.21696778
E,grid_000085,13.2,45,POINT (13.2 45),EU,NF,611.6669853,C,0,160.13864,19.861359,0.1780529
E,grid_000086,13.8,45,POINT (13.8 45),EU,NF,611.668659,C,0,164.03876,15.961243,0.13268155
E,grid_000087,14.4,45,POINT (14.4 45),EU,TF,611.6703328,C,0,6.81774,6.81774,0.25815022
E,grid_000088,15,45,POINT (15 45),EU,TF,611.6720065,C,0,6.810434,6.810434,0.20552433
E,grid_000089,15.6,45,POINT (15.6 45),EU,NF,611.6736803,C,0,168.03049,11.969513,0.07035166
F,grid_000000,10.4,40.2,POINT (10.4 40.2),EU,TF,138.8499597,C,0,140.75836,39.24164,0.11502965
F,grid_000001,11,40.2,POINT (11 40.2),EU,TF,126.176579,C,0,139.89969,40.10031,0.14704046
F,grid_000002,11.6,40.2,POINT (11.6 40.2),EU,TF,126.8858678,C,0,139.26373,40.736267,0.10726892
F,grid_000003,12.2,40.2,POINT (12.2 40.2),EU,TF,137.6786057,C,0,138.82619,41.173813,0.14424057
F,grid_000004,12.8,40.2,POINT (12.8 40.2),EU,TF,153.3021762,C,0,138.72916,41.270844,0.14101508
F,grid_000005,13.4,40.2,POINT (13.4 40.2),EU,TF,176.0879791,C,0,139.20764,40.79236,0.13405687
F,grid_000006,14,40.2,POINT (14 40.2),EU,TF,165.3223096,C,0,138.10913,41.89087,0.1326961
F,grid_000007,14.6,40.2,POINT (14.6 40.2),EU,TF,159.456899,C,0,137.48361,42.516388,0.1379719
F,grid_000008,15.2,40.2,POINT (15.2 40.2),EU,SS,169.8531748,C,0,133.37123,46.62877,0.20585012
F,grid_000009,15.8,40.2,POINT (15.8 40.2),EU,NF,193.9126333,C,0,132.28749,47.71251,0.37631613
F,grid_000010,10.4,40.8,POINT (10.4 40.8),EU,TF,203.5215158,C,0,143.84416,36.155838,0.10358267
F,grid_000011,11,40.8,POINT (11 40.8),EU,TF,192.6609756,C,0,144.2489,35.7511,0.16751218
F,grid_000012,11.6,40.8,POINT (11.6 40.8),EU,TF,192.6263417,C,0,144.00531,35.99469,0.13272727
F,grid_000013,12.2,40.8,POINT (12.2 40.8),EU,TF,201.6071126,C,0,143.9725,36.027496,0.12541974
F,grid_000014,12.8,40.8,POINT (12.8 40.8),EU,TF,218.9149336,C,0,143.78458,36.215424,0.19164038
F,grid_000015,13.4,40.8,POINT (13.4 40.8),EU,TF,231.9138474,C,0,144.13617,35.86383,0.18203823
F,grid_000016,14,40.8,POINT (14 40.8),EU,NF,230.1714616,C,0,131.22443,48.775574,0.21203607
F,grid_000017,14.6,40.8,POINT (14.6 40.8),EU,NF,226.0323787,C,0,130.56306,49.436935,0.24013449
F,grid_000018,15.2,40.8,POINT (15.2 40.8),EU,NF,233.418562,C,0,127.84228,52.157722,0.5836282
F,grid_000019,15.8,40.8,POINT (15.8 40.8),EU,NF,251.3155705,C,0,139.84186,40.158142,0.31988704
F,grid_000020,10.4,41.4,POINT (10.4 41.4),EU,TF,267.2877229,C,0,147.40576,32.59424,0.10006477
F,grid_000021,11,41.4,POINT (11 41.4),EU,TF,259.225313,C,0,148.02197,31.978027,0.1441838
F,grid_000022,11.6,41.4,POINT (11.6 41.4),EU,TF,258.9772224,C,0,149.54602,30.45398,0.18630573
F,grid_000023,12.2,41.4,POINT (12.2 41.4),EU,TF,266.8654064,C,0,166.12224,13.877762,0.24899426
F,grid_000024,12.8,41.4,POINT (12.8 41.4),EU,TF,285.00526,C,0,150.93872,29.06128,0.249411
F,grid_000025,13.4,41.4,POINT (13.4 41.4),EU,TF,295.0186184,C,0,148.129,31.871002,0.2519786
F,grid_000026,14,41.4,POINT (14 41.4),EU,NF,295.818276,C,0,137.71342,42.286575,0.69578487
F,grid_000027,14.6,41.4,POINT (14.6 41.4),EU,TF,292.6380498,C,0,137.41537,42.584625,0.60854745
F,grid_000028,15.2,41.4,POINT (15.2 41.4),EU,TF,298.3292641,C,0,147.68839,32.311615,0.23829938
F,grid_000029,15.8,41.4,POINT (15.8 41.4),EU,TF,308.3152454,C,0,150.3998,29.600204,0.15102106
F,grid_000030,10.4,42,POINT (10.4 42),EU,TF,331.2952832,C,0,150.42764,29.572357,0.091046736
F,grid_000031,11,42,POINT (11 42),EU,TF,325.8248855,C,0,151.4545,28.545502,0.16521537
F,grid_000032,11.6,42,POINT (11.6 42),EU,TF,325.4505221,C,0,152.57645,27.423553,0.2016241
F,grid_000033,12.2,42,POINT (12.2 42),EU,TF,332.6760334,C,0,153.9151,26.0849,0.29914463
F,grid_000034,12.8,42,POINT (12.8 42),EU,NF,351.3077015,C,0,130.77661,49.22339,0.38582525
F,grid_000035,13.4,42,POINT (13.4 42),EU,NF,359.405545,C,0,138.94142,41.05858,0.49930042
F,grid_000036,14,42,POINT (14 42),EU,NF,361.8327131,C,0,132.38559,47.61441,0.49327892
F,grid_000037,14.6,42,POINT (14.6 42),EU,NF,359.2610093,C,0,137.3641,42.635895,0.3228478
F,grid_000038,15.2,42,POINT (15.2 42),EU,NF,363.8698521,C,0,141.66705,38.332947,0.25132406
F,grid_000039,15.8,42,POINT (15.8 42),EU,TF,363.5948856,C,0,157.9113,22.0887,0.18098971
F,grid_000040,10.4,42.6,POINT (10.4 42.6),EU,TF,396.9568915,C,0,152.50868,27.491318,0.20912632
F,grid_000041,11,42.6,POINT (11 42.6),EU,TF,392.4453246,C,0,153.45836,26.541641,0.21984732
F,grid_000042,11.6,42.6,POINT (11.6 42.6),EU,TF,391.9875398,C,0,154.47601,25.523987,0.2712416
F,grid_000043,12.2,42.6,POINT (12.2 42.6),EU,NF,398.7691362,C,0,138.95357,41.046432,0.36245984
F,grid_000044,12.8,42.6,POINT (12.8 42.6),EU,NF,407.668394,C,0,128.26736,51.732635,0.6903861
F,grid_000045,13.4,42.6,POINT (13.4 42.6),EU,NF,424.4948962,C,0,150.35826,29.641739,0.84819305
F,grid_000046,14,42.6,POINT (14 42.6),EU,NF,428.0479929,C,0,146.48444,33.515564,0.3224194
F,grid_000047,14.6,42.6,POINT (14.6 42.6),EU,TF,425.8964349,C,0,170.6486,9.351395,0.30215484
F,grid_000048,15.2,42.6,POINT (15.2 42.6),EU,NF,429.7554961,C,0,146.89749,33.10251,0.27413088
F,grid_000049,15.8,42.6,POINT (15.8 42.6),EU,TF,422.1715894,C,0,172.56827,7.431732,0.21802954
F,grid_000050,10.4,43.2,POINT (10.4 43.2),EU,TF,462.9070081,C,0,159.46315,20.53685,0.15868258
F,grid_000051,11,43.2,POINT (11 43.2),EU,TF,459.0641015,C,0,137.92435,42.075653,0.5683573
F,grid_000052,11.6,43.2,POINT (11.6 43.2),EU,TF,458.5636028,C,0,154.96672,25.03328,0.24296212
F,grid_000053,12.2,43.2,POINT (12.2 43.2),EU,SS,464.6713391,C,0,138.00554,41.99446,0.56260717
F,grid_000054,12.8,43.2,POINT (12.8 43.2),EU,NF,472.6092561,C,0,142.43176,37.568237,0.9001166
F,grid_000055,13.4,43.2,POINT (13.4 43.2),EU,TF,490.009702,C,0,164.7893,15.210693,0.40062815
F,grid_000056,14,43.2,POINT (14 43.2),EU,TF,494.3862645,C,0,177.03137,2.968628,0.36263156
F,grid_000057,14.6,43.2,POINT (14.6 43.2),EU,TF,492.5421197,C,0,177.56969,2.430313,0.29845023
F,grid_000058,15.2,43.2,POINT (15.2 43.2),EU,TF,495.8515012,C,0,6.926854,6.926854,0.7970994
F,grid_000059,15.8,43.2,POINT (15.8 43.2),EU,TF,482.8497985,C,0,6.8077264,6.8077264,0.2617121
F,grid_000060,10.4,43.8,POINT (10.4 43.8),EU,NF,529.0404069,C,0,149.00053,30.999466,0.21295363
F,grid_000061,11,43.8,POINT (11 43.8),EU,NF,525.6784451,C,0,144.99397,35.006027,0.30451357
F,grid_000062,11.6,43.8,POINT (11.6 43.8),EU,NF,525.1665412,C,0,144.51215,35.487854,0.3610925
F,grid_000063,12.2,43.8,POINT (12.2 43.8),EU,NF,530.3604516,C,0,142.24542,37.754578,0.50262815
F,grid_000064,12.8,43.8,POINT (12.8 43.8),EU,NF,537.9756917,C,0,145.12831,34.87169,0.30658573
F,grid_000065,13.4,43.8,POINT (13.4 43.8),EU,TF,555.8020633,C,0,20.779163,20.779163,0.57096267
F,grid_000066,14,43.8,POINT (14 43.8),EU,TF,560.8063926,C,0,176.31456,3.68544,0.2846696
F,grid_000067,14.6,43.8,POINT (14.6 43.8),EU,TF,559.1969127,C,0,2.0234153,2.0234153,0.2605291
F,grid_000068,15.2,43.8,POINT (15.2 43.8),EU,TF,562.0861665,C,0,4.9796667,4.9796667,0.20051603
F,grid_000069,15.8,43.8,POINT (15.8 43.8),EU,TF,544.9305312,C,0,6.99932,6.99932,0.19228925
F,grid_000070,10.4,44.4,POINT (10.4 44.4),EU,NF,595.2983728,C,0,151.0997,28.9003,0.51134264
F,grid_000071,11,44.4,POINT (11 44.4),EU,NF,592.2994496,C,0,153.10428,26.895721,0.2748358
F,grid_000072,11.6,44.4,POINT (11.6 44.4),EU,NF,591.7896612,C,0,6.35529,6.35529,0.532675
F,grid_000073,12.2,44.4,POINT (12.2 44.4),EU,TF,596.0489821,C,0,174.94312,5.056885,0.60925055
F,grid_000074,12.8,44.4,POINT (12.8 44.4),EU,TF,603.6317951,C,0,169.78777,10.2122345,0.3225863
F,grid_000075,13.4,44.4,POINT (13.4 44.4),EU,TF,621.7861456,C,0,179.94635,0.053649902,0.25344226
F,grid_000076,14,44.4,POINT (14 44.4),EU,SS,627.2846216,C,0,172.1238,7.8762054,0.1712588
F,grid_000077,14.6,44.4,POINT (14.6 44.4),EU,TF,625.860155,C,0,3.4542017,3.4542017,0.1881131
F,grid_000078,15.2,44.4,POINT (15.2 44.4),EU,TF,624.4963003,C,0,7.734928,7.734928,0.20679808
F,grid_000079,15.8,44.4,POINT (15.8 44.4),EU,NF,607.9866229,C,0,165.86685,14.133148,0.11761333
F,grid_000080,10.4,45,POINT (10.4 45),EU,TF,611.6591745,C,0,174.20587,5.7941284,0.2307801
F,grid_000081,11,45,POINT (11 45),EU,TF,611.6608482,C,0,5.4956994,5.4956994,0.55681163
F,grid_000082,11.6,45,POINT (11.6 45),EU,TF,611.662522,C,0,177.2266,2.773407,0.27586612
F,grid_000083,12.2,45,POINT (12.2 45),EU,TF,611.6641957,C,0,174.61182,5.3881836,0.2469126
F,grid_000084,12.8,45,POINT (12.8 45),EU,TF,611.6658695,C,0,176.06729,3.9327087,0.2172024
F,grid_000085,13.4,45,POINT (13.4 45),EU,TF,611.6675432,C,0,179.6597,0.3403015,0.19154733
F,grid_000086,14,45,POINT (14 45),EU,TF,611.669217,C,0,3.6413527,3.6413527,0.17405927
F,grid_000087,14.6,45,POINT (14.6 45),EU,TF,611.6708907,C,0,8.4513035,8.4513035,0.6337841
F,grid_000088,15.2,45,POINT (15.2 45),EU,TF,611.6725644,C,0,5.938653,5.938653,0.13072205
F,grid_000089,15.8,45,POINT (15.8 45),EU,NF,611.6742382,C,0,5.3232126,5.3232126,0.4455623
G,grid_000000,10,40.4,POINT (10 40.4),EU,TF,171.4879241,C,0,75.102585,75.102585,0.074117675
G,grid_000001,10.6,40.4,POINT (10.6 40.4),EU,TF,155.6289685,C,0,76.529976,76.529976,0.08535672
G,grid_000002,11.2,40.4,POINT (11.2 40.4),EU,TF,147.596722,C,0,77.85227,77.85227,0.12946954
G,grid_000003,11.8,40.4,POINT (11.8 40.4),EU,TF,151.8941257,C,0,80.38931,80.38931,0.10697298
G,grid_000004,12.4,40.4,POINT (12.4 40.4),EU,TF,171.2138362,A,0,116.188736,63.811264,0.019175822
G,grid_000005,13,40.4,POINT (13 40.4),EU,TF,178.9717929,C,0,114.20754,65.79246,0.15245375
G,grid_000006,13.6,40.4,POINT (13.6 40.4),EU,TF,195.2329103,C,0,133.07002,46.929977,0.15682073
G,grid_000007,14.2,40.4,POINT (14.2 40.4),EU,TF,183.4949774,C,0,137.75583,42.24417,0.1341368
G,grid_000008,14.8,40.4,POINT (14.8 40.4),EU,TF,183.1447735,C,0,139.05737,40.942627,0.12348613
G,grid_000009,15.4,40.4,POINT (15.4 40.4),EU,NF,196.7908083,C,0,129.83437,50.165634,0.21850456
G,grid_000010,16,40.4,POINT (16 40.4),EU,NF,216.436152,C,0,129.93472,50.065277,0.22901662
G,grid_000011,10,41,POINT (10 41),EU,TF,233.681266,C,0,74.6506,74.6506,0.4190125
G,grid_000012,10.6,41,POINT (10.6 41),EU,TF,219.4055473,C,0,73.96446,73.96446,0.04720177
G,grid_000013,11.2,41,POINT (11.2 41),EU,TF,214.1800924,C,0,78.498634,78.498634,0.09691172
G,grid_000014,11.8,41,POINT (11.8 41),EU,TF,217.5849999,C,0,87.27284,87.27284,0.07508965
G,grid_000015,12.4,41,POINT (12.4 41),EU,SS,227.4148542,C,0,108.99635,71.00365,0.27637118
G,grid_000016,13,41,POINT (13 41),EU,NF,243.7238969,C,0,123.56591,56.43409,0.2174528
G,grid_000017,13.6,41,POINT (13.6 41),EU,TF,259.6453513,C,0,148.1036,31.896393,0.13180277
G,grid_000018,14.2,41,POINT (14.2 41),EU,NF,249.5776915,C,0,132.78378,47.216217,0.24172956
G,grid_000019,14.8,41,POINT (14.8 41),EU,NF,249.322597,C,0,145.93188,34.068115,0.53909075
G,grid_000020,15.4,41,POINT (15.4 41),EU,NF,259.423712,C,0,131.97066,48.029343,0.2107296
G,grid_000021,16,41,POINT (16 41),EU,NF,263.1339127,C,0,132.68246,47.317535,0.20363794
G,grid_000022,10,41.6,POINT (10 41.6),EU,TF,297.8056758,C,0,63.87712,63.87712,0.026973039
G,grid_000023,10.6,41.6,POINT (10.6 41.6),EU,TF,284.6616523,C,0,76.1484,76.1484,0.03448282
G,grid_000024,11.2,41.6,POINT (11.2 41.6),EU,TF,280.7700757,C,0,98.48583,81.51417,0.060744394
G,grid_000025,11.8,41.6,POINT (11.8 41.6),EU,TF,283.2756315,C,0,121.032104,58.967896,0.15626517
G,grid_000026,12.4,41.6,POINT (12.4 41.6),EU,NF,291.9479811,C,0,126.39946,53.60054,0.2533487
G,grid_000027,13,41.6,POINT (13 41.6),EU,TF,309.2808735,C,0,154.55531,25.444687,0.2790584
G,grid_000028,13.6,41.6,POINT (13.6 41.6),EU,TF,324.2465537,C,0,140.27531,39.724686,0.580501
G,grid_000029,14.2,41.6,POINT (14.2 41.6),EU,NF,315.8967855,C,0,141.1682,38.831802,0.569524
G,grid_000030,14.8,41.6,POINT (14.8 41.6),EU,NF,315.6970922,C,0,133.44257,46.557434,0.6933305
G,grid_000031,15.4,41.6,POINT (15.4 41.6),EU,TF,323.6625685,C,0,151.98177,28.018234,0.24794017
G,grid_000032,16,41.6,POINT (16 41.6),EU,TF,317.0406221,C,0,152.44939,27.550613,0.12655222
G,grid_000033,10,42.2,POINT (10 42.2),EU,TF,362.8426156,C,0,121.216965,58.783035,0.020433322
G,grid_000034,10.6,42.2,POINT (10.6 42.2),EU,TF,350.630468,C,0,125.94437,54.055634,0.05851888
G,grid_000035,11.2,42.2,POINT (11.2 42.2),EU,TF,347.3666878,C,0,138.4529,41.547104,0.16340637
G,grid_000036,11.8,42.2,POINT (11.8 42.2),EU,TF,349.0093374,C,0,148.33322,31.666779,0.20861484
G,grid_000037,12.4,42.2,POINT (12.4 42.2),EU,TF,357.2604139,C,0,154.07536,25.924637,0.28422597
G,grid_000038,13,42.2,POINT (13 42.2),EU,NF,375.2248152,C,0,110.58658,69.41342,0.5242995
G,grid_000039,13.6,42.2,POINT (13.6 42.2),EU,NF,389.1975362,C,0,137.59778,42.40222,0.78220445
G,grid_000040,14.2,42.2,POINT (14.2 42.2),EU,TF,382.3329297,C,0,157.06912,22.930878,0.30137444
G,grid_000041,14.8,42.2,POINT (14.8 42.2),EU,NF,382.1694591,C,0,145.7453,34.2547,0.29606324
G,grid_000042,15.4,42.2,POINT (15.4 42.2),EU,TF,388.7155864,C,0,159.52045,20.479553,0.33321464
G,grid_000043,16,42.2,POINT (16 42.2),EU,TF,375.0643978,C,0,154.85895,25.141052,0.24462745
G,grid_000044,10,42.8,POINT (10 42.8),EU,TF,426.76013,C,0,148.16734,31.832657,0.08871183
G,grid_000045,10.6,42.8,POINT (10.6 42.8),EU,TF,416.8205521,C,0,148.2402,31.759796,0.16393574
G,grid_000046,11.2,42.8,POINT (11.2 42.8),EU,TF,413.9699417,C,0,156.12802,23.871979,0.2659868
G,grid_000047,11.8,42.8,POINT (11.8 42.8),EU,NF,415.32854,C,0,133.02994,46.970062,0.6635502
G,grid_000048,12.4,42.8,POINT (12.4 42.8),EU,NF,422.9946329,C,0,133.14783,46.852173,0.62586486
G,grid_000049,13,42.8,POINT (13 42.8),EU,NF,441.3854924,C,0,145.46654,34.533463,0.9104434
G,grid_000050,13.6,42.8,POINT (13.6 42.8),EU,NF,449.678805,C,0,127.74624,52.25376,0.5710526
G,grid_000051,14.2,42.8,POINT (14.2 42.8),EU,TF,448.8372755,C,0,178.9859,1.0140991,0.35554913
G,grid_000052,14.8,42.8,POINT (14.8 42.8),EU,TF,448.6993285,C,0,1.285404,1.285404,0.31328392
G,grid_000053,15.4,42.8,POINT (15.4 42.8),EU,TF,454.2361878,C,0,2.6768043,2.6768043,0.26950276
G,grid_000054,16,42.8,POINT (16 42.8),EU,TF,435.5661812,C,0,1.1459444,1.1459444,0.21315476
G,grid_000055,10,43.4,POINT (10 43.4),EU,TF,490.4731385,C,0,157.49136,22.508636,0.20551713
G,grid_000056,10.6,43.4,POINT (10.6 43.4),EU,TF,483.1438812,C,0,157.54637,22.453629,0.21291405
G,grid_000057,11.2,43.4,POINT (11.2 43.4),EU,NF,480.5798471,C,0,136.05225,43.947754,0.5878906
G,grid_000058,11.8,43.4,POINT (11.8 43.4),EU,TF,481.7458822,C,0,158.686,21.313995,0.23569252
G,grid_000059,12.4,43.4,POINT (12.4 43.4),EU,NF,488.9834384,C,0,138.5161,41.483902,0.87022513
G,grid_000060,13,43.4,POINT (13 43.4),EU,TF,497.8717063,C,0,163.7609,16.239105,0.66952324
G,grid_000061,13.6,43.4,POINT (13.6 43.4),EU,TF,514.8396816,C,0,5.5553346,5.5553346,0.51986456
G,grid_000062,14.2,43.4,POINT (14.2 43.4),EU,TF,515.3861498,C,0,176.2302,3.769806,0.3085519
G,grid_000063,14.8,43.4,POINT (14.8 43.4),EU,TF,515.2671557,C,0,3.5242426,3.5242426,0.24846634
G,grid_000064,15.4,43.4,POINT (15.4 43.4),EU,TF,516.3833419,C,0,6.4668274,6.4668274,0.2155636
G,grid_000065,16,43.4,POINT (16 43.4),EU,TF,497.6458102,C,0,8.697792,8.697792,0.16105214
G,grid_000066,10,44,POINT (10 44),EU,NF,555.7239144,C,0,124.711464,55.288536,0.4390575
G,grid_000067,10.6,44,POINT (10.6 44),EU,TF,549.5547766,C,0,161.11377,18.88623,0.38987926
G,grid_000068,11.2,44,POINT (11.2 44),EU,TF,547.1964108,C,0,134.30896,45.69104,0.7210445
G,grid_000069,11.8,44,POINT (11.8 44),EU,NF,548.2282642,C,0,130.32195,49.678055,0.81894046
G,grid_000070,12.4,44,POINT (12.4 44),EU,TF,555.1385857,C,0,155.20093,24.799072,0.533858
G,grid_000071,13,44,POINT (13 44),EU,TF,562.9082561,C,0,10.040999,10.040999,0.54454404
G,grid_000072,13.6,44,POINT (13.6 44),EU,TF,580.3467095,C,0,175.18173,4.818268,0.33820415
G,grid_000073,14.2,44,POINT (14.2 44),EU,TF,581.9666965,C,0,0.5572115,0.5572115,0.24972752
G,grid_000074,14.8,44,POINT (14.8 44),EU,TF,581.8623331,C,0,4.8163276,4.8163276,0.20635471
G,grid_000075,15.4,44,POINT (15.4 44),EU,TF,577.3157677,C,0,6.8746357,6.8746357,0.15248525
G,grid_000076,16,44,POINT (16 44),EU,TF,560.7820243,C,0,8.3968115,8.3968115,0.16140215
G,grid_000077,10,44.6,POINT (10 44.6),EU,TF,621.483056,C,0,161.9669,18.033096,0.20878957
G,grid_000078,10.6,44.6,POINT (10.6 44.6),EU,TF,616.0272055,C,0,162.41725,17.582748,0.21996184
G,grid_000079,11.2,44.6,POINT (11.2 44.6),EU,NF,613.8334385,C,0,147.26775,32.732254,0.26643458
G,grid_000080,11.8,44.6,POINT (11.8 44.6),EU,TF,614.756877,C,0,161.22302,18.776978,0.23862836
G,grid_000081,12.4,44.6,POINT (12.4 44.6),EU,TF,621.0561515,C,0,159.37677,20.62323,0.2609249
G,grid_000082,13,44.6,POINT (13 44.6),EU,TF,628.2921298,C,0,161.84708,18.152924,0.26148283
G,grid_000083,13.6,44.6,POINT (13.6 44.6),EU,TF,646.0967898,C,0,170.74364,9.256363,0.23920411
G,grid_000084,14.2,44.6,POINT (14.2 44.6),EU,TF,648.5713342,C,0,2.6893032,2.6893032,0.20331177
G,grid_000085,14.8,44.6,POINT (14.8 44.6),EU,TF,648.4786077,C,0,4.793478,4.793478,0.17205733
G,grid_000086,15.4,44.6,POINT (15.4 44.6),EU,SS,639.396766,C,0,178.88092,1.1190796,0.15112893
G,grid_000087,16,44.6,POINT (16 44.6),EU,NF,624.6567801,C,0,168.80675,11.193253,0.08867964
H,grid_000000,10.2,40.4,POINT (10.2 40.4),EU,TF,165.130279,C,0,143.32407,36.675934,0.15074788
H,grid_000001,10.8,40.4,POINT (10.8 40.4),EU,TF,150.4635758,C,0,142.08322,37.91678,0.13048759
H,grid_000002,11.4,40.4,POINT (11.4 40.4),EU,TF,147.1713437,C,0,141.09135,38.908646,0.13705218
H,grid_000003,12,40.4,POINT (12 40.4),EU,TF,154.6016277,C,0,140.33058,39.66942,0.15360914
H,grid_000004,12.6,40.4,POINT (12.6 40.4),EU,TF,172.8290039,C,0,140.10469,39.89531,0.11604452
H,grid_000005,13.2,40.4,POINT (13.2 40.4),EU,TF,184.3796989,C,0,139.61893,40.381073,0.15648215
H,grid_000006,13.8,40.4,POINT (13.8 40.4),EU,TF,191.1790417,C,0,139.16519,40.83481,0.16139069
H,grid_000007,14.4,40.4,POINT (14.4 40.4),EU,TF,181.7615688,C,0,137.84283,42.157166,0.13349092
H,grid_000008,15,40.4,POINT (15 40.4),EU,NF,186.2253596,C,0,165.75215,14.2478485,0.3011118
H,grid_000009,15.6,40.4,POINT (15.6 40.4),EU,NF,204.0476988,C,0,128.67871,51.32129,0.2219918
H,grid_000010,10.2,41,POINT (10.2 41),EU,TF,229.0976479,C,0,147.99728,32.002716,0.10808756
H,grid_000011,10.8,41,POINT (10.8 41),EU,TF,216.3137693,C,0,147.3771,32.622894,0.14590913
H,grid_000012,11.4,41,POINT (11.4 41),EU,TF,213.7891184,C,0,146.93161,33.06839,0.18861926
H,grid_000013,12,41,POINT (12 41),EU,TF,220.3710546,C,0,146.77264,33.227356,0.18431294
H,grid_000014,12.6,41,POINT (12.6 41),EU,SS,239.2833925,C,0,112.04227,67.95773,0.492096
H,grid_000015,13.2,41,POINT (13.2 41),EU,NF,247.6872523,C,0,133.38531,46.614685,0.24002242
H,grid_000016,13.8,41,POINT (13.8 41),EU,TF,255.5377202,C,0,146.23692,33.763077,0.12776718
H,grid_000017,14.4,41,POINT (14.4 41),EU,TF,248.3172711,C,0,144.47101,35.52899,0.15921831
H,grid_000018,15,41,POINT (15 41),EU,NF,251.5742476,C,0,142.26538,37.73462,0.48911512
H,grid_000019,15.6,41,POINT (15.6 41),EU,NF,264.9223619,C,0,133.2229,46.7771,0.21436077
H,grid_000020,10.2,41.6,POINT (10.2 41.6),EU,TF,293.9127252,C,0,152.09761,27.90239,0.12040561
H,grid_000021,10.8,41.6,POINT (10.8 41.6),EU,TF,282.5361508,C,0,152.23782,27.762177,0.16636804
H,grid_000022,11.4,41.6,POINT (11.4 41.6),EU,TF,280.4191216,C,0,152.90631,27.093689,0.17005862
H,grid_000023,12,41.6,POINT (12 41.6),EU,TF,286.3868678,C,0,153.13542,26.864578,0.2423867
H,grid_000024,12.6,41.6,POINT (12.6 41.6),EU,NF,296.0793673,C,0,137.70743,42.292572,0.40838945
H,grid_000025,13.2,41.6,POINT (13.2 41.6),EU,NF,312.3856812,C,0,137.63965,42.36035,0.2845358
H,grid_000026,13.8,41.6,POINT (13.8 41.6),EU,NF,320.5842705,C,0,123.8218,56.1782,0.40531266
H,grid_000027,14.4,41.6,POINT (14.4 41.6),EU,NF,314.9108633,C,0,129.30818,50.69182,0.6444545
H,grid_000028,15,41.6,POINT (15 41.6),EU,TF,317.4624088,C,0,143.99687,36.003128,0.6166151
H,grid_000029,15.6,41.6,POINT (15.6 41.6),EU,TF,328.0469302,C,0,156.7013,23.298706,0.18150194
H,grid_000030,10.2,42.2,POINT (10.2 42.2),EU,TF,357.6579611,C,0,154.76802,25.23198,0.19662309
H,grid_000031,10.8,42.2,POINT (10.8 42.2),EU,TF,348.9228753,C,0,155.15012,24.849884,0.1992768
H,grid_000032,11.4,42.2,POINT (11.4 42.2),EU,NF,347.0583384,C,0,139.37982,40.62018,0.24747065
H,grid_000033,12,42.2,POINT (12 42.2),EU,NF,352.0771775,C,0,140.10306,39.896942,0.29130882
H,grid_000034,12.6,42.2,POINT (12.6 42.2),EU,TF,360.6135802,C,0,157.14874,22.851257,0.27828014
H,grid_000035,13.2,42.2,POINT (13.2 42.2),EU,TF,377.7647242,C,0,133.00381,46.996185,0.64896125
H,grid_000036,13.8,42.2,POINT (13.8 42.2),EU,NF,386.1796578,C,0,130.2124,49.787598,0.49134925
H,grid_000037,14.4,42.2,POINT (14.4 42.2),EU,TF,381.5261713,C,0,166.66437,13.335632,0.30772918
H,grid_000038,15,42.2,POINT (15 42.2),EU,NF,383.6157175,C,0,143.25488,36.745117,0.31642324
H,grid_000039,15.6,42.2,POINT (15.6 42.2),EU,TF,391.1658137,C,0,162.78185,17.218155,0.36923775
H,grid_000040,10.2,42.8,POINT (10.2 42.8),EU,TF,421.6711246,C,0,156.25949,23.740509,0.13655496
H,grid_000041,10.8,42.8,POINT (10.8 42.8),EU,TF,415.3985322,C,0,156.54878,23.451218,0.2569462
H,grid_000042,11.4,42.8,POINT (11.4 42.8),EU,TF,413.705706,C,0,156.35492,23.64508,0.47935253
H,grid_000043,12,42.8,POINT (12 42.8),EU,NF,417.7671068,C,0,131.38182,48.61818,0.57886726
H,grid_000044,12.6,42.8,POINT (12.6 42.8),EU,NF,425.8041885,C,0,139.88708,40.112915,0.737827
H,grid_000045,13.2,42.8,POINT (13.2 42.8),EU,NF,443.5266611,C,0,169.05423,10.94577,0.9192312
H,grid_000046,13.8,42.8,POINT (13.8 42.8),EU,TF,452.0881471,C,0,157.73175,22.26825,0.38910925
H,grid_000047,14.4,42.8,POINT (14.4 42.8),EU,TF,448.1566418,C,0,177.67587,2.3241272,0.34306577
H,grid_000048,15,42.8,POINT (15 42.8),EU,TF,449.9203494,C,0,4.514495,4.514495,0.40012473
H,grid_000049,15.6,42.8,POINT (15.6 42.8),EU,TF,449.3777365,C,0,179.85452,0.1454773,0.22220163
H,grid_000050,10.2,43.4,POINT (10.2 43.4),EU,TF,487.2952282,C,0,157.92114,22.078857,0.18266854
H,grid_000051,10.8,43.4,POINT (10.8 43.4),EU,TF,481.929238,C,0,155.41338,24.586624,0.1937831
H,grid_000052,11.4,43.4,POINT (11.4 43.4),EU,NF,480.3607578,C,0,135.05688,44.943115,0.4749738
H,grid_000053,12,43.4,POINT (12 43.4),EU,TF,483.456584,C,0,153.68164,26.31836,0.33048946
H,grid_000054,12.6,43.4,POINT (12.6 43.4),EU,NF,491.392878,C,0,144.2575,35.742493,0.8861395
H,grid_000055,13.2,43.4,POINT (13.2 43.4),EU,NF,509.5260173,C,0,156.77426,23.225739,0.45656174
H,grid_000056,13.8,43.4,POINT (13.8 43.4),EU,TF,518.1929951,C,0,8.743508,8.743508,0.71759295
H,grid_000057,14.4,43.4,POINT (14.4 43.4),EU,TF,514.7991186,C,0,173.5088,6.4911957,0.29053152
H,grid_000058,15,43.4,POINT (15 43.4),EU,TF,516.3207329,C,0,178.08722,1.9127808,0.35613865
H,grid_000059,15.6,43.4,POINT (15.6 43.4),EU,TF,509.6645085,C,0,1.4480528,1.4480528,0.25229537
H,grid_000060,10.2,44,POINT (10.2 44),EU,NF,553.1728742,B,0,136.65633,43.343674,0.18452714
H,grid_000061,10.8,44,POINT (10.8 44),EU,NF,548.4975279,C,0,152.04037,27.959625,0.33329976
H,grid_000062,11.4,44,POINT (11.4 44),EU,NF,547.0232583,C,0,136.69954,43.30046,0.67846173
H,grid_000063,12,44,POINT (12 44),EU,NF,549.5889505,C,0,147.63254,32.367462,0.57458615
H,grid_000064,12.6,44,POINT (12.6 44),EU,NF,557.2416265,C,0,146.72992,33.27008,0.339082
H,grid_000065,13.2,44,POINT (13.2 44),EU,TF,566.4572041,C,0,23.776556,23.776556,0.6885633
H,grid_000066,13.8,44,POINT (13.8 44),EU,TF,584.4299843,C,0,8.621966,8.621966,0.2536164
H,grid_000067,14.4,44,POINT (14.4 44),EU,TF,581.451895,C,0,4.319256,4.319256,0.19900155
H,grid_000068,15,44,POINT (15 44),EU,TF,582.7865562,C,0,3.8090055,3.8090055,0.22672206
H,grid_000069,15.6,44,POINT (15.6 44),EU,TF,571.3721993,C,0,3.9760914,3.9760914,0.14336377
H,grid_000070,10.2,44.6,POINT (10.2 44.6),EU,TF,619.2254214,C,0,1.7019209,1.7019209,0.43517077
H,grid_000071,10.8,44.6,POINT (10.8 44.6),EU,TF,615.0934898,C,0,162.98225,17.017746,0.16826761
H,grid_000072,11.4,44.6,POINT (11.4 44.6),EU,TF,613.6930759,C,0,162.07185,17.928146,0.19219649
H,grid_000073,12,44.6,POINT (12 44.6),EU,TF,615.958713,C,0,164.06683,15.9331665,0.21294856
H,grid_000074,12.6,44.6,POINT (12.6 44.6),EU,TF,623.2702734,C,0,173.80104,6.1989594,0.30174404
H,grid_000075,13.2,44.6,POINT (13.2 44.6),EU,NF,631.4425669,C,0,172.79666,7.2033386,0.123319656
H,grid_000076,13.8,44.6,POINT (13.8 44.6),EU,TF,650.7609314,C,0,7.5522237,7.5522237,0.23478554
H,grid_000077,14.4,44.6,POINT (14.4 44.6),EU,TF,648.1139678,C,0,5.3497915,5.3497915,0.21030399
H,grid_000078,15,44.6,POINT (15 44.6),EU,TF,649.2998935,C,0,4.017264,4.017264,0.19602785
H,grid_000079,15.6,44.6,POINT (15.6 44.6),EU,NF,634.0883233,C,0,165.44118,14.558823,0.10886749
I,grid_000000,10.4,40.4,POINT (10.4 40.4),EU,TF,160.3631072,C,0,142.53035,37.46965,0.16486819
I,grid_000001,11,40.4,POINT (11 40.4),EU,TF,148.3231037,C,0,141.65475,38.345245,0.17424187
I,grid_000002,11.6,40.4,POINT (11.6 40.4),EU,TF,148.7828708,C,0,141.1307,38.869293,0.14989088
I,grid_000003,12.2,40.4,POINT (12.2 40.4),EU,TF,158.7410659,C,0,140.83624,39.163757,0.16501419
I,grid_000004,12.8,40.4,POINT (12.8 40.4),EU,TF,175.0873043,C,0,140.85832,39.141678,0.123890735
I,grid_000005,13.4,40.4,POINT (13.4 40.4),EU,TF,198.2827528,C,0,141.53857,38.461426,0.104990624
I,grid_000006,14,40.4,POINT (14 40.4),EU,NF,186.7990409,C,0,129.06534,50.93466,0.20749566
I,grid_000007,14.6,40.4,POINT (14.6 40.4),EU,NF,181.643795,C,0,128.43362,51.566376,0.21720001
I,grid_000008,15.2,40.4,POINT (15.2 40.4),EU,NF,190.8090462,C,0,2.4579113,2.4579113,0.5072358
I,grid_000009,15.8,40.4,POINT (15.8 40.4),EU,NF,212.4490555,C,0,128.68481,51.315186,0.5133831
I,grid_000010,10.4,41,POINT (10.4 41),EU,TF,224.7786356,C,0,146.89136,33.108643,0.15534945
I,grid_000011,11,41,POINT (11 41),EU,TF,214.8435528,C,0,146.90742,33.092575,0.14927644
I,grid_000012,11.6,41,POINT (11.6 41),EU,TF,214.7230923,C,0,146.75209,33.24791,0.1723875
I,grid_000013,12.2,41,POINT (12.2 41),EU,TF,223.2689149,C,0,146.9513,33.048706,0.16776752
I,grid_000014,12.8,41,POINT (12.8 41),EU,NF,240.9110451,C,0,127.41417,52.58583,0.27005833
I,grid_000015,13.4,41,POINT (13.4 41),EU,TF,252.7469743,C,0,147.72366,32.276337,0.10115779
I,grid_000016,14,41,POINT (14 41),EU,NF,251.9954614,C,0,133.14478,46.855225,0.23405094
I,grid_000017,14.6,41,POINT (14.6 41),EU,TF,248.2318368,C,0,148.1763,31.8237,0.40169412
I,grid_000018,15.2,41,POINT (15.2 41),EU,NF,254.9560222,C,0,141.97363,38.026367,0.4687928
I,grid_000019,15.8,41,POINT (15.8 41),EU,NF,271.3892873,C,0,134.54312,45.45688,0.19895348
I,grid_000020,10.4,41.6,POINT (10.4 41.6),EU,TF,288.5396733,C,0,151.32364,28.676361,0.1785323
I,grid_000021,11,41.6,POINT (11 41.6),EU,TF,281.422245,C,0,151.76123,28.23877,0.16663046
I,grid_000022,11.6,41.6,POINT (11.6 41.6),EU,TF,281.1254261,C,0,152.50946,27.49054,0.18988012
I,grid_000023,12.2,41.6,POINT (12.2 41.6),EU,TF,288.7592569,C,0,153.2041,26.795898,0.19579668
I,grid_000024,12.8,41.6,POINT (12.8 41.6),EU,TF,307.0890562,C,0,145.2786,34.721405,0.38237017
I,grid_000025,13.4,41.6,POINT (13.4 41.6),EU,NF,316.3765858,C,0,138.12074,41.879257,0.42948693
I,grid_000026,14,41.6,POINT (14 41.6),EU,NF,317.7933112,C,0,135.45886,44.541138,0.32268173
I,grid_000027,14.6,41.6,POINT (14.6 41.6),EU,NF,314.8441044,C,0,129.70915,50.290848,0.6954871
I,grid_000028,15.2,41.6,POINT (15.2 41.6),EU,TF,320.1249526,C,0,155.59717,24.402832,0.21854568
I,grid_000029,15.8,41.6,POINT (15.8 41.6),EU,TF,326.2702293,C,0,147.46992,32.530075,0.3032133
I,grid_000030,10.4,42.2,POINT (10.4 42.2),EU,TF,353.1407266,C,0,154.14403,25.855972,0.19208771
I,grid_000031,11,42.2,POINT (11 42.2),EU,TF,348.0297726,C,0,154.7959,25.204102,0.16724794
I,grid_000032,11.6,42.2,POINT (11.6 42.2),EU,NF,347.6240549,C,0,139.26212,40.737885,0.25213617
I,grid_000033,12.2,42.2,POINT (12.2 42.2),EU,NF,354.6832704,C,0,140.08719,39.91281,0.3111567
I,grid_000034,12.8,42.2,POINT (12.8 42.2),EU,NF,364.7213493,C,0,137.469,42.531006,0.36221516
I,grid_000035,13.4,42.2,POINT (13.4 42.2),EU,TF,381.0414628,C,0,140.7992,39.200806,0.841018
I,grid_000036,14,42.2,POINT (14 42.2),EU,NF,383.8871024,C,0,133.08395,46.916046,0.41318506
I,grid_000037,14.6,42.2,POINT (14.6 42.2),EU,NF,381.4715736,C,0,146.7894,33.2106,0.30686766
I,grid_000038,15.2,42.2,POINT (15.2 42.2),EU,NF,385.8019252,C,0,140.62161,39.378387,0.36261022
I,grid_000039,15.8,42.2,POINT (15.8 42.2),EU,TF,382.8269251,C,0,169.07747,10.922531,0.23764221
I,grid_000040,10.4,42.8,POINT (10.4 42.8),EU,TF,418.9147581,C,0,155.64473,24.35527,0.19344047
I,grid_000041,11,42.8,POINT (11 42.8),EU,TF,414.6556217,C,0,156.16669,23.833313,0.18020678
I,grid_000042,11.6,42.8,POINT (11.6 42.8),EU,NF,414.1759843,C,0,144.66824,35.331757,0.4332782
I,grid_000043,12.2,42.8,POINT (12.2 42.8),EU,NF,420.8405336,C,0,142.00815,37.99185,0.33019602
I,grid_000044,12.8,42.8,POINT (12.8 42.8),EU,NF,429.2563157,C,0,132.99864,47.001358,0.91265106
I,grid_000045,13.4,42.8,POINT (13.4 42.8),EU,NF,446.2949641,C,0,145.1623,34.837708,0.6681847
I,grid_000046,14,42.8,POINT (14 42.8),EU,TF,450.1496132,C,0,167.099,12.901001,0.33362353
I,grid_000047,14.6,42.8,POINT (14.6 42.8),EU,TF,448.1105943,C,0,173.4608,6.5392,0.30793357
I,grid_000048,15.2,42.8,POINT (15.2 42.8),EU,TF,451.7685241,C,0,7.9057946,7.9057946,0.49089772
I,grid_000049,15.8,42.8,POINT (15.8 42.8),EU,TF,442.2061075,C,0,0.36846563,0.36846563,0.22324996
I,grid_000050,10.4,43.4,POINT (10.4 43.4),EU,TF,484.9346651,C,0,156.63159,23.368408,0.15488452
I,grid_000051,11,43.4,POINT (11 43.4),EU,NF,481.2681428,C,0,134.89185,45.108154,0.45410466
I,grid_000052,11.6,43.4,POINT (11.6 43.4),EU,TF,480.762003,C,0,155.1392,24.860794,0.29170018
I,grid_000053,12.2,43.4,POINT (12.2 43.4),EU,TF,486.5677698,C,0,136.92673,43.073273,0.641227
I,grid_000054,12.8,43.4,POINT (12.8 43.4),EU,NF,494.3589553,C,0,148.00632,31.993683,0.4368499
I,grid_000055,13.4,43.4,POINT (13.4 43.4),EU,TF,511.9147892,C,0,153.49239,26.507614,0.70122933
I,grid_000056,14,43.4,POINT (14 43.4),EU,TF,516.518636,C,0,174.0404,5.9595947,0.39526662
I,grid_000057,14.6,43.4,POINT (14.6 43.4),EU,TF,514.7594116,C,0,175.37541,4.624588,0.3162979
I,grid_000058,15.2,43.4,POINT (15.2 43.4),EU,TF,517.9168068,C,0,178.05795,1.9420471,0.3868306
I,grid_000059,15.8,43.4,POINT (15.8 43.4),EU,TF,503.4127851,C,0,3.4282246,3.4282246,0.22226635
I,grid_000060,10.4,44,POINT (10.4 44),EU,TF,551.1146455,C,0,157.24713,22.752869,0.16736332
I,grid_000061,11,44,POINT (11 44),EU,NF,547.8847063,A,0,156.39584,23.604156,0.56396306
I,grid_000062,11.6,44,POINT (11.6 44),EU,NF,547.3722422,C,0,129.20294,50.79706,0.64129907
I,grid_000063,12.2,44,POINT (12.2 44),EU,NF,552.256697,C,0,149.93463,30.065369,0.30996174
I,grid_000064,12.8,44,POINT (12.8 44),EU,NF,559.8337735,C,0,141.18259,38.817413,0.27482778
I,grid_000065,13.4,44,POINT (13.4 44),EU,TF,577.7785745,C,0,22.791927,22.791927,0.7800131
I,grid_000066,14,44,POINT (14 44),EU,SS,582.9602085,C,0,176.45166,3.5483398,0.23661315
I,grid_000067,14.6,44,POINT (14.6 44),EU,TF,581.4170785,C,0,3.8346217,3.8346217,0.20822808
I,grid_000068,15.2,44,POINT (15.2 44),EU,SS,583.6743268,C,0,175.03333,4.966675,0.18928379
I,grid_000069,15.8,44,POINT (15.8 44),EU,TF,565.8567309,C,0,3.7902944,3.7902944,0.17664874
I,grid_000070,10.4,44.6,POINT (10.4 44.6),EU,NF,617.4055081,C,0,147.41275,32.58725,0.20511034
I,grid_000071,11,44.6,POINT (11 44.6),EU,NF,614.5079316,C,0,147.31848,32.68152,0.22791663
I,grid_000072,11.6,44.6,POINT (11.6 44.6),EU,TF,614.001114,C,0,161.01784,18.982162,0.1687719
I,grid_000073,12.2,44.6,POINT (12.2 44.6),EU,TF,617.9450159,C,0,161.58357,18.416428,0.13545638
I,grid_000074,12.8,44.6,POINT (12.8 44.6),EU,TF,625.5661705,C,0,10.352828,10.352828,0.24181506
I,grid_000075,13.4,44.6,POINT (13.4 44.6),EU,TF,643.8136391,C,0,8.434373,8.434373,0.15259483
I,grid_000076,14,44.6,POINT (14 44.6),EU,TF,649.4542343,C,0,7.217998,7.217998,0.17634359
I,grid_000077,14.6,44.6,POINT (14.6 44.6),EU,TF,648.0830386,C,0,4.697894,4.697894,0.18162468
I,grid_000078,15.2,44.6,POINT (15.2 44.6),EU,TF,645.0875221,C,0,3.5175822,3.5175822,0.16512111
I,grid_000079,15.8,44.6,POINT (15.8 44.6),EU,NF,629.1719002,C,0,164.92036,15.079636,0.15227202
