Grid_label,ID,LON,LAT,geometry,PLATE,REGIME,DIST,QUALITY,AZI,AZI_PRED,STR
A,grid_000000,10,40,POINT (10 40),EU,SS,132.9861895,C,0,146.09721,0.20806843
A,grid_000001,10.6,40,POINT (10.6 40),EU,TF,113.1027969,C,0,148.62918,0.19706874
A,grid_000002,11.2,40,POINT (11.2 40),EU,TF,103.2114731,C,0,153.76913,0.1967683
A,grid_000003,11.8,40,POINT (11.8 40),EU,TF,108.0780463,C,0,23.854845,0.12385826
A,grid_000004,12.4,40,POINT (12.4 40),EU,TF,126.9889555,C,0,28.803164,0.1513665
A,grid_000005,13,40,POINT (13 40),EU,TF,136.8119351,C,0,29.135763,0.14631557
A,grid_000006,13.6,40,POINT (13.6 40),EU,TF,153.2476282,C,0,29.270535,0.16697693
A,grid_000007,14.2,40,POINT (14.2 40),EU,TF,139.731987,C,0,29.174147,0.17999825
A,grid_000008,14.8,40,POINT (14.8 40),EU,TF,139.2690928,C,0,28.352116,0.13576399
A,grid_000009,15.4,40,POINT (15.4 40),EU,NF,156.8781365,C,0,115.81644,0.5471488
A,grid_000010,16,40,POINT (16 40),EU,NF,182.668652,C,0,149.70204,0.69631
A,grid_000011,10,40.6,POINT (10 40.6),EU,TF,191.887855,C,0,123.43625,0.31987035
A,grid_000012,10.6,40.6,POINT (10.6 40.6),EU,TF,176.889527,C,0,147.70602,0.19893217
A,grid_000013,11.2,40.6,POINT (11.2 40.6),EU,TF,169.7904451,C,0,149.4502,0.19661133
A,grid_000014,11.8,40.6,POINT (11.8 40.6),EU,TF,173.7911068,C,0,160.53012,0.21127611
A,grid_000015,12.4,40.6,POINT (12.4 40.6),EU,TF,185.225066,C,0,27.702757,0.21724367
A,grid_000016,13,40.6,POINT (13 40.6),EU,TF,200.4184773,C,0,29.508904,0.17823388
A,grid_000017,13.6,40.6,POINT (13.6 40.6),EU,NF,216.6314233,C,0,141.19125,0.13330954
A,grid_000018,14.2,40.6,POINT (14.2 40.6),EU,NF,205.4826096,C,0,141.04922,0.18858667
A,grid_000019,14.8,40.6,POINT (14.8 40.6),EU,NF,205.1708566,C,0,161.01366,0.17566663
A,grid_000020,15.4,40.6,POINT (15.4 40.6),EU,NF,217.4040056,C,0,128.08453,0.72281367
A,grid_000021,16,40.6,POINT (16 40.6),EU,NF,230.9177612,C,0,145.4879,0.31754932
A,grid_000022,10,41.2,POINT (10 41.2),EU,NF,254.9123084,C,0,100.080925,0.4368914
A,grid_000023,10.6,41.2,POINT (10.6 41.2),EU,TF,240.8923044,C,0,148.89606,0.1855122
A,grid_000024,11.2,41.2,POINT (11.2 41.2),EU,TF,236.3760179,C,0,149.41017,0.20980287
A,grid_000025,11.8,41.2,POINT (11.8 41.2),EU,TF,239.4819072,C,0,150.7795,0.21263199
A,grid_000026,12.4,41.2,POINT (12.4 41.2),EU,TF,248.8020743,C,0,12.3280325,0.39922082
A,grid_000027,13,41.2,POINT (13 41.2),EU,NF,265.5158243,C,0,138.62901,0.15895379
A,grid_000028,13.6,41.2,POINT (13.6 41.2),EU,TF,281.3890654,C,0,151.93109,0.37759787
A,grid_000029,14.2,41.2,POINT (14.2 41.2),EU,NF,271.6660741,C,0,137.04596,0.602199
A,grid_000030,14.8,41.2,POINT (14.8 41.2),EU,NF,271.4324384,C,0,155.45181,0.6266557
A,grid_000031,15.4,41.2,POINT (15.4 41.2),EU,NF,280.7118633,C,0,145.9283,0.22684672
A,grid_000032,16,41.2,POINT (16 41.2),EU,NF,280.4954569,C,0,141.98412,0.14278287
A,grid_000033,10,41.8,POINT (10 41.8),EU,TF,319.4104139,C,0,149.79665,0.18474154
A,grid_000034,10.6,41.8,POINT (10.6 41.8),EU,TF,306.618129,C,0,149.76479,0.20433779
A,grid_000035,11.2,41.8,POINT (11.2 41.8),EU,TF,302.9682092,C,0,149.75455,0.21351683
A,grid_000036,11.8,41.8,POINT (11.8 41.8),EU,NF,305.1724435,C,0,135.665,0.27972406
A,grid_000037,12.4,41.8,POINT (12.4 41.8),EU,NF,313.655904,C,0,140.75462,0.5457981
A,grid_000038,13,41.8,POINT (13 41.8),EU,NF,331.230368,C,0,169.04808,0.68632185
A,grid_000039,13.6,41.8,POINT (13.6 41.8),EU,NF,345.8246766,C,0,137.04865,0.74536526
A,grid_000040,14.2,41.8,POINT (14.2 41.8),EU,NF,338.0323622,C,0,138.53038,0.60207856
A,grid_000041,14.8,41.8,POINT (14.8 41.8),EU,NF,337.8463195,C,0,128.86862,0.79530066
A,grid_000042,15.4,41.8,POINT (15.4 41.8),EU,TF,345.2788523,C,0,145.11499,0.58970374
A,grid_000043,16,41.8,POINT (16 41.8),EU,TF,336.0264462,C,0,138.57153,0.5127107
A,grid_000044,10,42.4,POINT (10 42.4),EU,TF,384.2757976,C,0,150.23962,0.20149168
A,grid_000045,10.6,42.4,POINT (10.6 42.4),EU,TF,372.6748719,C,0,150.1749,0.24527447
A,grid_000046,11.2,42.4,POINT (11.2 42.4),EU,TF,369.5670339,C,0,150.14839,0.24587142
A,grid_000047,11.8,42.4,POINT (11.8 42.4),EU,TF,371.1018184,C,0,143.85211,0.33548516
A,grid_000048,12.4,42.4,POINT (12.4 42.4),EU,TF,379.1355773,C,0,109.29333,0.5944273
A,grid_000049,13,42.4,POINT (13 42.4),EU,NF,397.2594581,C,0,136.89108,0.8233485
A,grid_000050,13.6,42.4,POINT (13.6 42.4),EU,NF,410.9696655,C,0,126.68958,0.8326583
A,grid_000051,14.2,42.4,POINT (14.2 42.4),EU,TF,404.494956,C,0,30.10705,0.30267295
A,grid_000052,14.8,42.4,POINT (14.8 42.4),EU,TF,404.3409227,C,0,144.00827,0.2911768
A,grid_000053,15.4,42.4,POINT (15.4 42.4),EU,TF,410.5146876,C,0,120.02053,0.6197176
A,grid_000054,16,42.4,POINT (16 42.4),EU,TF,395.0114221,C,0,32.760994,0.6750854
A,grid_000055,10,43,POINT (10 43),EU,TF,447.9996069,C,0,150.41176,0.22098894
A,grid_000056,10.6,43,POINT (10.6 43),EU,TF,438.9163455,C,0,124.79462,0.40488827
A,grid_000057,11.2,43,POINT (11.2 43),EU,NF,436.1725041,C,0,131.42682,0.37195393
A,grid_000058,11.8,43,POINT (11.8 43),EU,NF,437.4587969,C,0,133.1064,0.69385386
A,grid_000059,12.4,43,POINT (12.4 43),EU,NF,444.9680423,C,0,133.42545,0.8255377
A,grid_000060,13,43,POINT (13 43),EU,NF,454.779058,C,0,142.35881,0.96063083
A,grid_000061,13.6,43,POINT (13.6 43),EU,NF,471.3519431,C,0,94.84065,0.71773434
A,grid_000062,14.2,43,POINT (14.2 43),EU,TF,471.0160702,C,0,63.944473,0.6824974
A,grid_000063,14.8,43,POINT (14.8 43),EU,TF,470.8850338,C,0,21.726366,0.6587644
A,grid_000064,15.4,43,POINT (15.4 43),EU,TF,476.1474841,C,0,27.63754,0.79983956
A,grid_000065,16,43,POINT (16 43),EU,TF,456.1154018,C,0,174.92355,0.38234836
A,grid_000066,10,43.6,POINT (10 43.6),EU,TF,512.0189734,C,0,144.93866,0.3991467
A,grid_000067,10.6,43.6,POINT (10.6 43.6),EU,TF,505.2726833,C,0,143.5552,0.38753283
A,grid_000068,11.2,43.6,POINT (11.2 43.6),EU,TF,502.7846283,C,0,130.04941,0.8689801
A,grid_000069,11.8,43.6,POINT (11.8 43.6),EU,SS,503.9005823,C,0,145.29439,0.74134886
A,grid_000070,12.4,43.6,POINT (12.4 43.6),EU,NF,511.0197225,C,0,128.73691,0.8948343
A,grid_000071,13,43.6,POINT (13 43.6),EU,NF,519.5040657,C,0,164.27142,0.6779534
A,grid_000072,13.6,43.6,POINT (13.6 43.6),EU,TF,536.6430128,C,0,26.1411,0.7212504
A,grid_000073,14.2,43.6,POINT (14.2 43.6),EU,TF,537.5765978,C,0,8.590286,0.4012339
A,grid_000074,14.8,43.6,POINT (14.8 43.6),EU,TF,537.4628817,C,0,29.097462,0.29463565
A,grid_000075,15.4,43.6,POINT (15.4 43.6),EU,TF,536.5423869,C,0,28.540075,0.26476192
A,grid_000076,16,43.6,POINT (16 43.6),EU,TF,518.5926069,C,0,25.801857,0.58156615
A,grid_000077,10,44.2,POINT (10 44.2),EU,NF,577.619699,C,0,116.23037,0.76180506
A,grid_000078,10.6,44.2,POINT (10.6 44.2),EU,NF,571.7063536,C,0,123.29995,0.7162339
A,grid_000079,11.2,44.2,POINT (11.2 44.2),EU,NF,569.4034123,C,0,153.59283,0.7535759
A,grid_000080,11.8,44.2,POINT (11.8 44.2),EU,NF,570.4000083,C,0,21.639076,0.7937137
A,grid_000081,12.4,44.2,POINT (12.4 44.2),EU,TF,577.217807,C,0,115.19816,0.75456256
A,grid_000082,13,44.2,POINT (13 44.2),EU,SS,584.6699117,C,0,21.608807,0.40123695
A,grid_000083,13.6,44.2,POINT (13.6 44.2),EU,TF,602.2402067,C,0,10.704679,0.3993905
A,grid_000084,14.2,44.2,POINT (14.2 44.2),EU,TF,604.1658438,C,0,153.72057,0.2720613
A,grid_000085,14.8,44.2,POINT (14.8 44.2),EU,TF,604.0656432,C,0,24.823757,0.21959001
A,grid_000086,15.4,44.2,POINT (15.4 44.2),EU,TF,597.8992304,C,0,35.526627,0.4891914
A,grid_000087,16,44.2,POINT (16 44.2),EU,SS,582.0033803,C,0,11.845271,0.48764282
A,grid_000088,10,44.8,POINT (10 44.8),EU,TF,633.8840233,C,0,37.421467,0.46262613
A,grid_000089,10.6,44.8,POINT (10.6 44.8),EU,TF,633.8856971,C,0,163.48656,0.75846237
A,grid_000090,11.2,44.8,POINT (11.2 44.8),EU,TF,633.8873708,C,0,14.1200905,0.7865975
A,grid_000091,11.8,44.8,POINT (11.8 44.8),EU,TF,633.8890445,C,0,176.04695,0.31691182
A,grid_000092,12.4,44.8,POINT (12.4 44.8),EU,NF,633.8907183,C,0,134.37692,0.30220163
A,grid_000093,13,44.8,POINT (13 44.8),EU,NF,633.892392,C,0,133.03027,0.27404147
A,grid_000094,13.6,44.8,POINT (13.6 44.8),EU,NF,633.8940658,C,0,132.94478,0.24207722
A,grid_000095,14.2,44.8,POINT (14.2 44.8),EU,TF,633.8957395,C,0,152.28194,0.26699775
A,grid_000096,14.8,44.8,POINT (14.8 44.8),EU,TF,633.8974132,C,0,178.15118,0.5829135
A,grid_000097,15.4,44.8,POINT (15.4 44.8),EU,NF,633.899087,C,0,6.7228723,0.37802267
A,grid_000098,16,44.8,POINT (16 44.8),EU,TF,633.9007607,C,0,24.56325,0.30725384
B,grid_000000,10.2,40,POINT (10.2 40),EU,TF,124.0548554,C,0,148.47331,0.18974647
B,grid_000001,10.8,40,POINT (10.8 40),EU,TF,107.7296238,C,0,149.04309,0.18420418
B,grid_000002,11.4,40,POINT (11.4 40),EU,TF,102.7713362,C,0,162.0004,0.20784295
B,grid_000003,12,40,POINT (12 40),EU,TF,111.3282085,C,0,27.140194,0.13916947
B,grid_000004,12.6,40,POINT (12.6 40),EU,TF,128.6228959,C,0,28.979286,0.18985605
B,grid_000005,13.2,40,POINT (13.2 40),EU,TF,143.8539181,C,0,29.197,0.16693996
B,grid_000006,13.8,40,POINT (13.8 40),EU,TF,147.4545701,C,0,29.230146,0.14003184
B,grid_000007,14.4,40,POINT (14.4 40),EU,TF,137.4343284,C,0,29.140068,0.17422602
B,grid_000008,15,40,POINT (15 40),EU,TF,143.3192131,C,0,118.77501,0.29674026
B,grid_000009,15.6,40,POINT (15.6 40),EU,NF,165.9414535,C,0,133.63065,0.30605775
B,grid_000010,10.2,40.6,POINT (10.2 40.6),EU,TF,186.2448147,C,0,117.4621,0.3327864
B,grid_000011,10.8,40.6,POINT (10.8 40.6),EU,TF,172.3464035,C,0,148.86652,0.19878645
B,grid_000012,11.4,40.6,POINT (11.4 40.6),EU,TF,169.3755274,C,0,150.44005,0.18167092
B,grid_000013,12,40.6,POINT (12 40.6),EU,TF,176.4523918,A,0,164.39503,0.11139915
B,grid_000014,12.6,40.6,POINT (12.6 40.6),EU,SS,194.9688802,C,0,11.257025,0.061650947
B,grid_000015,13.2,40.6,POINT (13.2 40.6),EU,TF,205.2480824,C,0,29.533539,0.2023383
B,grid_000016,13.8,40.6,POINT (13.8 40.6),EU,TF,212.7239581,C,0,29.686037,0.2332848
B,grid_000017,14.4,40.6,POINT (14.4 40.6),EU,TF,203.940725,C,0,29.594532,0.19484024
B,grid_000018,15,40.6,POINT (15 40.6),EU,TF,207.9173454,C,0,15.818809,0.48813415
B,grid_000019,15.6,40.6,POINT (15.6 40.6),EU,NF,223.9750403,C,0,135.53137,0.6951252
B,grid_000020,10.2,41.2,POINT (10.2 41.2),EU,TF,250.7297709,C,0,108.859474,0.34083188
B,grid_000021,10.8,41.2,POINT (10.8 41.2),EU,TF,238.3615365,C,0,149.31522,0.18973884
B,grid_000022,11.4,41.2,POINT (11.4 41.2),EU,TF,235.9979801,C,0,149.53613,0.22622038
B,grid_000023,12,41.2,POINT (12 41.2),EU,TF,242.4000414,C,0,157.84337,0.2237503
B,grid_000024,12.6,41.2,POINT (12.6 41.2),EU,NF,261.3982148,C,0,133.52641,0.26041052
B,grid_000025,13.2,41.2,POINT (13.2 41.2),EU,TF,269.1476903,C,0,29.126556,0.25582582
B,grid_000026,13.8,41.2,POINT (13.8 41.2),EU,TF,277.1353124,C,0,145.1777,0.5900302
B,grid_000027,14.4,41.2,POINT (14.4 41.2),EU,NF,270.5120517,C,0,137.54214,0.64987373
B,grid_000028,15,41.2,POINT (15 41.2),EU,NF,273.4959786,C,0,153.61385,0.54712355
B,grid_000029,15.6,41.2,POINT (15.6 41.2),EU,TF,285.7861934,C,0,29.283604,0.19784087
B,grid_000030,10.2,41.8,POINT (10.2 41.8),EU,TF,315.1628905,C,0,149.8048,0.18899542
B,grid_000031,10.8,41.8,POINT (10.8 41.8),EU,TF,304.6518717,C,0,149.75484,0.22500294
B,grid_000032,11.4,41.8,POINT (11.4 41.8),EU,TF,302.6312421,C,0,149.77032,0.24223626
B,grid_000033,12,41.8,POINT (12 41.8),EU,NF,308.2836756,C,0,135.90147,0.2847049
B,grid_000034,12.6,41.8,POINT (12.6 41.8),EU,TF,317.4933214,C,0,141.26535,0.7285925
B,grid_000035,13.2,41.8,POINT (13.2 41.8),EU,NF,334.1225098,C,0,172.90936,0.5973183
B,grid_000036,13.8,41.8,POINT (13.8 41.8),EU,NF,342.4037383,C,0,129.29256,0.6683437
B,grid_000037,14.4,41.8,POINT (14.4 41.8),EU,NF,337.1139835,C,0,132.97061,0.56434816
B,grid_000038,15,41.8,POINT (15 41.8),EU,SS,339.4914887,C,0,131.72256,0.7863188
B,grid_000039,15.6,41.8,POINT (15.6 41.8),EU,TF,349.3796579,C,0,138.63591,0.60246
B,grid_000040,10.2,42.4,POINT (10.2 42.4),EU,TF,378.902849,C,0,150.20946,0.21954182
B,grid_000041,10.8,42.4,POINT (10.8 42.4),EU,SS,371.0737183,C,0,146.52013,0.25493535
B,grid_000042,11.4,42.4,POINT (11.4 42.4),EU,TF,369.2732521,C,0,150.03941,0.27257985
B,grid_000043,12,42.4,POINT (12 42.4),EU,TF,373.9738663,C,0,141.6527,0.3530963
B,grid_000044,12.6,42.4,POINT (12.6 42.4),EU,NF,382.2871823,C,0,103.75093,0.6495198
B,grid_000045,13.2,42.4,POINT (13.2 42.4),EU,NF,399.6519639,C,0,145.0179,0.917279
B,grid_000046,13.8,42.4,POINT (13.8 42.4),EU,TF,408.1216713,C,0,137.56534,0.5787375
B,grid_000047,14.4,42.4,POINT (14.4 42.4),EU,TF,403.7348423,C,0,29.987465,0.33109856
B,grid_000048,15,42.4,POINT (15 42.4),EU,NF,405.7039371,C,0,121.18054,0.681117
B,grid_000049,15.6,42.4,POINT (15.6 42.4),EU,TF,410.2843011,C,0,9.395982,0.19582108
B,grid_000050,10.2,43,POINT (10.2 43),EU,TF,443.5108942,C,0,150.21439,0.21249133
B,grid_000051,10.8,43,POINT (10.8 43),EU,TF,437.5703984,C,0,120.71759,0.4918686
B,grid_000052,11.4,43,POINT (11.4 43),EU,NF,435.9232175,C,0,144.33853,0.39634913
B,grid_000053,12,43,POINT (12 43),EU,NF,439.6636531,C,0,133.58902,0.6927902
B,grid_000054,12.6,43,POINT (12.6 43),EU,NF,447.631318,C,0,134.21936,0.93767637
B,grid_000055,13.2,43,POINT (13.2 43),EU,NF,465.5048967,C,0,152.86453,0.9525801
B,grid_000056,13.8,43,POINT (13.8 43),EU,NF,474.1051833,C,0,76.60038,0.6023629
B,grid_000057,14.4,43,POINT (14.4 43),EU,TF,470.369571,C,0,58.692093,0.6058038
B,grid_000058,15,43,POINT (15 43),EU,TF,472.0450185,C,0,21.576061,0.7954536
B,grid_000059,15.6,43,POINT (15.6 43),EU,TF,469.2815643,C,0,26.242933,0.6809081
B,grid_000060,10.2,43.6,POINT (10.2 43.6),EU,TF,509.2309871,C,0,143.0721,0.5175917
B,grid_000061,10.8,43.6,POINT (10.8 43.6),EU,NF,504.1150891,C,0,127.809906,0.63408685
B,grid_000062,11.4,43.6,POINT (11.4 43.6),EU,NF,502.5807716,C,0,131.72687,0.80469376
B,grid_000063,12,43.6,POINT (12 43.6),EU,NF,505.3902384,C,0,139.90132,0.8225327
B,grid_000064,12.6,43.6,POINT (12.6 43.6),EU,NF,513.3183641,C,0,128.46996,0.7704528
B,grid_000065,13.2,43.6,POINT (13.2 43.6),EU,NF,531.5637446,C,0,152.89813,0.6740254
B,grid_000066,13.8,43.6,POINT (13.8 43.6),EU,SS,540.2595785,C,0,22.987555,0.78766567
B,grid_000067,14.4,43.6,POINT (14.4 43.6),EU,TF,537.0156261,C,0,25.682034,0.29485095
B,grid_000068,15,43.6,POINT (15 43.6),EU,TF,538.4698032,C,0,27.234049,0.29160148
B,grid_000069,15.6,43.6,POINT (15.6 43.6),EU,TF,530.0999978,C,0,27.50835,0.2974627
B,grid_000070,10.2,44.2,POINT (10.2 44.2),EU,NF,575.1738078,C,0,107.66942,0.7764419
B,grid_000071,10.8,44.2,POINT (10.8 44.2),EU,TF,570.6934636,C,0,125.55406,0.65784335
B,grid_000072,11.4,44.2,POINT (11.4 44.2),EU,NF,569.2457225,C,0,149.23344,0.7469477
B,grid_000073,12,44.2,POINT (12 44.2),EU,NF,571.7036633,C,0,21.273308,0.83345586
B,grid_000074,12.6,44.2,POINT (12.6 44.2),EU,TF,579.2341013,C,0,118.71146,0.66250753
B,grid_000075,13.2,44.2,POINT (13.2 44.2),EU,TF,588.0764285,C,0,29.051544,0.63413095
B,grid_000076,13.8,44.2,POINT (13.8 44.2),EU,TF,606.5312669,C,0,152.56248,0.28308913
B,grid_000077,14.4,44.2,POINT (14.4 44.2),EU,TF,603.6715898,C,0,160.63129,0.26253507
B,grid_000078,15,44.2,POINT (15 44.2),EU,TF,604.953048,C,0,28.954863,0.24717924
B,grid_000079,15.6,44.2,POINT (15.6 44.2),EU,NF,592.1811249,C,0,33.046127,0.41213965
B,grid_000080,10.2,44.8,POINT (10.2 44.8),EU,TF,633.8845812,C,0,56.398655,0.46568283
B,grid_000081,10.8,44.8,POINT (10.8 44.8),EU,NF,633.886255,C,0,168.15027,0.7386769
B,grid_000082,11.4,44.8,POINT (11.4 44.8),EU,TF,633.8879287,C,0,15.925009,0.7650945
B,grid_000083,12,44.8,POINT (12 44.8),EU,TF,633.8896025,C,0,150.99521,0.27984273
B,grid_000084,12.6,44.8,POINT (12.6 44.8),EU,NF,633.8912762,C,0,135.10184,0.31347847
B,grid_000085,13.2,44.8,POINT (13.2 44.8),EU,NF,633.8929499,C,0,132.89803,0.275508
B,grid_000086,13.8,44.8,POINT (13.8 44.8),EU,NF,633.8946237,C,0,133.0001,0.24592018
B,grid_000087,14.4,44.8,POINT (14.4 44.8),EU,TF,633.8962974,C,0,170.77231,0.38885856
B,grid_000088,15,44.8,POINT (15 44.8),EU,TF,633.8979712,C,0,171.35399,0.41599318
B,grid_000089,15.6,44.8,POINT (15.6 44.8),EU,NF,633.8996449,C,0,13.441653,0.5466676
C,grid_000000,10.4,40,POINT (10.4 40),EU,TF,117.5961516,C,0,148.49515,0.19152527
C,grid_000001,11,40,POINT (11 40),EU,TF,104.0570581,C,0,150.19862,0.19164433
C,grid_000002,11.6,40,POINT (11.6 40),EU,TF,104.9888475,C,0,10.689851,0.1304141
C,grid_000003,12.2,40,POINT (12.2 40),EU,TF,117.0410866,C,0,28.311214,0.12129001
C,grid_000004,12.8,40,POINT (12.8 40),EU,TF,131.659168,C,0,29.068958,0.10445996
C,grid_000005,13.4,40,POINT (13.4 40),EU,TF,153.8939415,C,0,29.273335,0.1778529
C,grid_000006,14,40,POINT (14 40),EU,TF,144.0100895,C,0,29.206142,0.17129621
C,grid_000007,14.6,40,POINT (14.6 40),EU,TF,137.2776211,C,0,29.108658,0.18965593
C,grid_000008,15.2,40,POINT (15.2 40),EU,TF,149.2604754,C,0,115.87758,0.50598884
C,grid_000009,15.8,40,POINT (15.8 40),EU,NF,176.2274779,C,0,150.43497,0.5576179
C,grid_000010,10.4,40.6,POINT (10.4 40.6),EU,TF,182.043957,C,0,133.96071,0.23851027
C,grid_000011,11,40.6,POINT (11 40.6),EU,TF,170.4864107,C,0,149.04903,0.16829415
C,grid_000012,11.6,40.6,POINT (11.6 40.6),EU,TF,170.6798541,C,0,153.1157,0.20484112
C,grid_000013,12.2,40.6,POINT (12.2 40.6),EU,TF,180.0797087,C,0,23.630402,0.17456907
C,grid_000014,12.8,40.6,POINT (12.8 40.6),EU,TF,196.9676625,C,0,29.577536,0.20932184
C,grid_000015,13.4,40.6,POINT (13.4 40.6),EU,TF,220.4782635,C,0,29.723412,0.21195148
C,grid_000016,14,40.6,POINT (14 40.6),EU,NF,208.4298264,C,0,141.08556,0.08950274
C,grid_000017,14.6,40.6,POINT (14.6 40.6),EU,NF,203.8360741,C,0,141.59323,0.19173697
C,grid_000018,15.2,40.6,POINT (15.2 40.6),EU,TF,212.020673,C,0,138.55399,0.42289177
C,grid_000019,15.8,40.6,POINT (15.8 40.6),EU,NF,231.6326885,C,0,144.26318,0.5738306
C,grid_000020,10.4,41.2,POINT (10.4 41.2),EU,TF,246.0340408,C,0,142.78514,0.20239359
C,grid_000021,11,41.2,POINT (11 41.2),EU,TF,237.0321107,C,0,149.35443,0.20540045
C,grid_000022,11.6,41.2,POINT (11.6 41.2),EU,TF,236.8418669,C,0,149.90225,0.22706704
C,grid_000023,12.2,41.2,POINT (12.2 41.2),EU,TF,245.0296846,C,0,2.4464743,0.3570478
C,grid_000024,12.8,41.2,POINT (12.8 41.2),EU,NF,262.9439367,C,0,119.86034,0.22734381
C,grid_000025,13.4,41.2,POINT (13.4 41.2),EU,TF,273.7973387,C,0,21.91207,0.19435145
C,grid_000026,14,41.2,POINT (14 41.2),EU,TF,273.8823256,C,0,143.60007,0.62081015
C,grid_000027,14.6,41.2,POINT (14.6 41.2),EU,TF,270.4338631,C,0,149.6888,0.6643878
C,grid_000028,15.2,41.2,POINT (15.2 41.2),EU,NF,276.6006393,C,0,150.57103,0.42303288
C,grid_000029,15.8,41.2,POINT (15.8 41.2),EU,NF,290.9487787,C,0,142.18292,0.09895742
C,grid_000030,10.4,41.8,POINT (10.4 41.8),EU,TF,309.7898834,C,0,149.78308,0.21051155
C,grid_000031,11,41.8,POINT (11 41.8),EU,TF,303.6222595,C,0,149.75171,0.22972849
C,grid_000032,11.6,41.8,POINT (11.6 41.8),EU,TF,303.2838343,C,0,149.81686,0.2610338
C,grid_000033,12.2,41.8,POINT (12.2 41.8),EU,NF,310.6991146,C,0,137.55304,0.32853627
C,grid_000034,12.8,41.8,POINT (12.8 41.8),EU,TF,329.19096,C,0,144.7947,0.74198526
C,grid_000035,13.4,41.8,POINT (13.4 41.8),EU,NF,337.845472,C,0,138.58757,0.69950086
C,grid_000036,14,41.8,POINT (14 41.8),EU,NF,339.800001,C,0,131.82906,0.62076116
C,grid_000037,14.6,41.8,POINT (14.6 41.8),EU,NF,337.0518116,C,0,130.521,0.71276206
C,grid_000038,15.2,41.8,POINT (15.2 41.8),EU,TF,341.9750339,C,0,143.86852,0.6264727
C,grid_000039,15.8,41.8,POINT (15.8 41.8),EU,TF,344.7219335,C,0,134.15497,0.50574034
C,grid_000040,10.4,42.4,POINT (10.4 42.4),EU,TF,375.0303203,C,0,150.1878,0.22080457
C,grid_000041,11,42.4,POINT (11 42.4),EU,SS,370.2366543,C,0,146.53302,0.2654154
C,grid_000042,11.6,42.4,POINT (11.6 42.4),EU,TF,369.8033422,C,0,149.05762,0.2756837
C,grid_000043,12.2,42.4,POINT (12.2 42.4),EU,NF,376.7156504,C,0,122.14572,0.38848722
C,grid_000044,12.8,42.4,POINT (12.8 42.4),EU,NF,386.1525349,C,0,126.73016,0.5717559
C,grid_000045,13.4,42.4,POINT (13.4 42.4),EU,NF,402.7411311,C,0,140.16162,0.91960466
C,grid_000046,14,42.4,POINT (14 42.4),EU,NF,405.959764,C,0,136.00806,0.3354662
C,grid_000047,14.6,42.4,POINT (14.6 42.4),EU,TF,403.6834076,C,0,29.371656,0.27424714
C,grid_000048,15.2,42.4,POINT (15.2 42.4),EU,NF,407.7653694,C,0,120.80208,0.69537616
C,grid_000049,15.8,42.4,POINT (15.8 42.4),EU,TF,402.3666942,C,0,32.4769,0.53312075
C,grid_000050,10.4,43,POINT (10.4 43),EU,SS,440.8993627,C,0,142.63412,0.27856776
C,grid_000051,11,43,POINT (11 43),EU,TF,436.8607999,C,0,124.9043,0.48014683
C,grid_000052,11.6,43,POINT (11.6 43),EU,NF,436.3681474,C,0,132.75717,0.55156875
C,grid_000053,12.2,43,POINT (12.2 43),EU,NF,442.7748524,C,0,130.87408,0.64577353
C,grid_000054,12.8,43,POINT (12.8 43),EU,NF,450.9060652,C,0,135.04684,0.9788317
C,grid_000055,13.4,43,POINT (13.4 43),EU,NF,468.1349777,C,0,160.29547,0.7883506
C,grid_000056,14,43,POINT (14 43),EU,TF,472.2628551,C,0,63.609222,0.6936291
C,grid_000057,14.6,43,POINT (14.6 43),EU,TF,470.3258361,C,0,37.19105,0.37019575
C,grid_000058,15.2,43,POINT (15.2 43),EU,TF,473.8013714,C,0,23.870827,0.8302614
C,grid_000059,15.8,43,POINT (15.8 43),EU,TF,462.4405177,C,0,167.31665,0.46897724
C,grid_000060,10.4,43.6,POINT (10.4 43.6),EU,TF,506.9798279,C,0,143.75842,0.50133467
C,grid_000061,11,43.6,POINT (11 43.6),EU,NF,503.4729239,C,0,130.29288,0.8182286
C,grid_000062,11.6,43.6,POINT (11.6 43.6),EU,SS,502.9630617,C,0,135.08723,0.5676544
C,grid_000063,12.2,43.6,POINT (12.2 43.6),EU,NF,508.4641416,C,0,130.23581,0.8757951
C,grid_000064,12.8,43.6,POINT (12.8 43.6),EU,NF,516.1493846,C,0,159.17758,0.6232482
C,grid_000065,13.4,43.6,POINT (13.4 43.6),EU,TF,533.8465995,C,0,143.89046,0.5927873
C,grid_000066,14,43.6,POINT (14 43.6),EU,TF,538.6589617,C,0,17.925938,0.6966696
C,grid_000067,14.6,43.6,POINT (14.6 43.6),EU,TF,536.9776838,C,0,28.813076,0.26329118
C,grid_000068,15.2,43.6,POINT (15.2 43.6),EU,TF,539.9955245,C,0,26.733263,0.30825955
C,grid_000069,15.8,43.6,POINT (15.8 43.6),EU,TF,524.1114857,C,0,24.679413,0.46356815
C,grid_000070,10.4,44.2,POINT (10.4 44.2),EU,NF,573.2010565,C,0,114.630035,0.7185175
C,grid_000071,11,44.2,POINT (11 44.2),EU,TF,570.0917078,C,0,130.1258,0.66839176
C,grid_000072,11.6,44.2,POINT (11.6 44.2),EU,NF,569.5799965,C,0,133.35966,0.75375664
C,grid_000073,12.2,44.2,POINT (12.2 44.2),EU,TF,574.1528748,C,0,27.790892,0.7687949
C,grid_000074,12.8,44.2,POINT (12.8 44.2),EU,SS,581.7201379,C,0,143.64177,0.34386265
C,grid_000075,13.4,44.2,POINT (13.4 44.2),EU,TF,599.7739064,C,0,26.086977,0.6357789
C,grid_000076,14,44.2,POINT (14 44.2),EU,SS,605.1197942,C,0,147.5883,0.28203365
C,grid_000077,14.6,44.2,POINT (14.6 44.2),EU,TF,603.6381641,C,0,3.393534,0.23547691
C,grid_000078,15.2,44.2,POINT (15.2 44.2),EU,TF,604.0211917,C,0,34.113873,0.38007492
C,grid_000079,15.8,44.2,POINT (15.8 44.2),EU,TF,586.8787112,C,0,16.599998,0.4777254
C,grid_000080,10.4,44.8,POINT (10.4 44.8),EU,TF,633.8851391,C,0,154.64023,0.6071041
C,grid_000081,11,44.8,POINT (11 44.8),EU,NF,633.8868129,C,0,10.625598,0.73821914
C,grid_000082,11.6,44.8,POINT (11.6 44.8),EU,TF,633.8884866,C,0,15.896186,0.67385995
C,grid_000083,12.2,44.8,POINT (12.2 44.8),EU,TF,633.8901604,C,0,150.97694,0.2577089
C,grid_000084,12.8,44.8,POINT (12.8 44.8),EU,NF,633.8918341,C,0,134.02791,0.29039222
C,grid_000085,13.4,44.8,POINT (13.4 44.8),EU,TF,633.8935079,C,0,150.80533,0.24688216
C,grid_000086,14,44.8,POINT (14 44.8),EU,TF,633.8951816,C,0,150.8958,0.23593992
C,grid_000087,14.6,44.8,POINT (14.6 44.8),EU,TF,633.8968553,C,0,0.7205782,0.5662992
C,grid_000088,15.2,44.8,POINT (15.2 44.8),EU,TF,633.8985291,C,0,9.461199,0.29403323
C,grid_000089,15.8,44.8,POINT (15.8 44.8),EU,NF,633.9002028,C,0,11.828003,0.4946549
D,grid_000000,10,40.2,POINT (10 40.2),EU,TF,151.5978158,C,0,148.65952,0.1747635
D,grid_000001,10.6,40.2,POINT (10.6 40.2),EU,TF,134.3667223,C,0,148.67133,0.1924022
D,grid_000002,11.2,40.2,POINT (11.2 40.2),EU,TF,125.4037316,C,0,150.95828,0.18496706
D,grid_000003,11.8,40.2,POINT (11.8 40.2),EU,TF,129.9971246,C,0,16.637953,0.13766307
D,grid_000004,12.4,40.2,POINT (12.4 40.2),EU,TF,149.101131,C,0,28.676857,0.17032915
D,grid_000005,13,40.2,POINT (13 40.2),EU,TF,157.7368593,C,0,29.265083,0.16191047
D,grid_000006,13.6,40.2,POINT (13.6 40.2),EU,TF,175.4416658,C,0,29.42056,0.20290881
D,grid_000007,14.2,40.2,POINT (14.2 40.2),EU,TF,161.5686113,C,0,29.329334,0.18680105
D,grid_000008,14.8,40.2,POINT (14.8 40.2),EU,TF,161.1696072,C,0,28.897198,0.1791091
D,grid_000009,15.4,40.2,POINT (15.4 40.2),EU,SS,176.5655852,C,0,118.77052,0.597057
D,grid_000010,16,40.2,POINT (16 40.2),EU,NF,203.3534134,C,0,141.77472,0.5058866
D,grid_000011,10,40.8,POINT (10 40.8),EU,TF,212.6511772,C,0,103.303795,0.63680184
D,grid_000012,10.6,40.8,POINT (10.6 40.8),EU,TF,198.1483895,C,0,140.26036,0.23131534
D,grid_000013,11.2,40.8,POINT (11.2 40.8),EU,TF,191.9849017,C,0,149.31804,0.19530717
D,grid_000014,11.8,40.8,POINT (11.8 40.8),EU,TF,195.6880656,C,0,154.51584,0.22069743
D,grid_000015,12.4,40.8,POINT (12.4 40.8),EU,TF,206.2025735,C,0,69.658646,0.20743367
D,grid_000016,13,40.8,POINT (13 40.8),EU,TF,222.0157879,C,0,31.036058,0.18201885
D,grid_000017,13.6,40.8,POINT (13.6 40.8),EU,TF,238.0285993,C,0,29.757153,0.19387144
D,grid_000018,14.2,40.8,POINT (14.2 40.8),EU,NF,227.5139722,C,0,141.52492,0.15499255
D,grid_000019,14.8,40.8,POINT (14.8 40.8),EU,NF,227.2332776,C,0,147.47049,0.36492974
D,grid_000020,15.4,40.8,POINT (15.4 40.8),EU,NF,238.3047362,C,0,126.93952,0.7721647
D,grid_000021,16,40.8,POINT (16 40.8),EU,NF,246.5520786,C,0,147.33138,0.2899044
D,grid_000022,10,41.4,POINT (10 41.4),EU,NF,276.2981709,C,0,100.55886,0.4894845
D,grid_000023,10.6,41.4,POINT (10.6 41.4),EU,TF,262.7491185,C,0,149.37236,0.19906768
D,grid_000024,11.2,41.4,POINT (11.2 41.4),EU,TF,258.5726788,C,0,149.52696,0.20270124
D,grid_000025,11.8,41.4,POINT (11.8 41.4),EU,TF,261.3787853,C,0,150.23672,0.24354601
D,grid_000026,12.4,41.4,POINT (12.4 41.4),EU,TF,270.3229061,C,0,6.7682,0.50087214
D,grid_000027,13,41.4,POINT (13 41.4),EU,TF,287.3726826,C,0,25.749897,0.25590533
D,grid_000028,13.6,41.4,POINT (13.6 41.4),EU,SS,302.7610089,C,0,144.85011,0.59748995
D,grid_000029,14.2,41.4,POINT (14.2 41.4),EU,NF,293.7737331,C,0,132.55003,0.7603541
D,grid_000030,14.8,41.4,POINT (14.8 41.4),EU,NF,293.5583411,C,0,139.01456,0.61630815
D,grid_000031,15.4,41.4,POINT (15.4 41.4),EU,TF,302.1336034,C,0,22.264328,0.1828754
D,grid_000032,16,41.4,POINT (16 41.4),EU,TF,298.5008657,C,0,172.90143,0.17259185
D,grid_000033,10,42,POINT (10 42),EU,TF,341.0940617,C,0,149.9937,0.18543272
D,grid_000034,10.6,42,POINT (10.6 42),EU,TF,328.6098984,C,0,149.91814,0.20650631
D,grid_000035,11.2,42,POINT (11.2 42),EU,TF,325.1670797,C,0,149.89847,0.23755306
D,grid_000036,11.8,42,POINT (11.8 42),EU,TF,327.0692188,C,0,149.88545,0.2791394
D,grid_000037,12.4,42,POINT (12.4 42),EU,NF,335.430745,C,0,144.20802,0.587517
D,grid_000038,13,42,POINT (13 42),EU,NF,353.213613,C,0,146.44066,0.5738975
D,grid_000039,13.6,42,POINT (13.6 42),EU,NF,367.479211,C,0,138.27377,0.7777263
D,grid_000040,14.2,42,POINT (14.2 42),EU,NF,360.1782983,C,0,136.11017,0.51166666
D,grid_000041,14.8,42,POINT (14.8 42),EU,NF,360.0042334,C,0,133.26263,0.68120515
D,grid_000042,15.4,42,POINT (15.4 42),EU,TF,366.9671659,C,0,157.11945,0.5611797
D,grid_000043,16,42,POINT (16 42),EU,TF,355.3870005,C,0,133.66592,0.3525126
D,grid_000044,10,42.6,POINT (10 42.6),EU,TF,405.5188572,C,0,150.20049,0.1571276
D,grid_000045,10.6,42.6,POINT (10.6 42.6),EU,NF,394.7392489,C,0,134.70654,0.22472513
D,grid_000046,11.2,42.6,POINT (11.2 42.6),EU,TF,391.7681185,C,0,150.26782,0.3133895
D,grid_000047,11.8,42.6,POINT (11.8 42.6),EU,NF,393.2089577,C,0,124.67818,0.63608545
D,grid_000048,12.4,42.6,POINT (12.4 42.6),EU,NF,401.0489205,C,0,109.64415,0.7433617
D,grid_000049,13,42.6,POINT (13 42.6),EU,NF,419.3139707,C,0,139.12944,0.9024533
D,grid_000050,13.6,42.6,POINT (13.6 42.6),EU,NF,428.0622137,C,0,145.13354,0.7221927
D,grid_000051,14.2,42.6,POINT (14.2 42.6),EU,NF,426.6633469,C,0,137.98314,0.1950531
D,grid_000052,14.8,42.6,POINT (14.8 42.6),EU,NF,426.5177734,C,0,139.94339,0.2733728
D,grid_000053,15.4,42.6,POINT (15.4 42.6),EU,TF,432.356924,C,0,135.25352,0.3487372
D,grid_000054,16,42.6,POINT (16 42.6),EU,TF,415.1893393,C,0,32.704002,0.5870043
D,grid_000055,10,43.2,POINT (10 43.2),EU,NF,469.2372794,C,0,133.93726,0.24827257
D,grid_000056,10.6,43.2,POINT (10.6 43.2),EU,TF,461.0246588,C,0,123.097336,0.4718495
D,grid_000057,11.2,43.2,POINT (11.2 43.2),EU,SS,458.3758058,C,0,130.57817,0.6820418
D,grid_000058,11.8,43.2,POINT (11.8 43.2),EU,TF,459.5982998,C,0,139.928,0.43974754
D,grid_000059,12.4,43.2,POINT (12.4 43.2),EU,NF,466.9653503,C,0,138.23805,0.8859595
D,grid_000060,13,43.2,POINT (13 43.2),EU,NF,476.2941421,C,0,140.76208,0.8862305
D,grid_000061,13.6,43.2,POINT (13.6 43.2),EU,NF,493.0742772,C,0,93.43559,0.5949673
D,grid_000062,14.2,43.2,POINT (14.2 43.2),EU,TF,493.1991803,C,0,55.2479,0.5242076
D,grid_000063,14.8,43.2,POINT (14.8 43.2),EU,TF,493.074435,C,0,12.499094,0.6150348
D,grid_000064,15.4,43.2,POINT (15.4 43.2),EU,TF,496.4006202,C,0,27.8044,0.83828676
D,grid_000065,16,43.2,POINT (16 43.2),EU,TF,476.8148241,C,0,20.533207,0.303387
D,grid_000066,10,43.8,POINT (10 43.8),EU,NF,533.8558557,C,0,143.97575,0.28931904
D,grid_000067,10.6,43.8,POINT (10.6 43.8),EU,NF,527.409958,C,0,150.25812,0.34816903
D,grid_000068,11.2,43.8,POINT (11.2 43.8),EU,NF,524.9901495,C,0,130.26305,0.7821948
D,grid_000069,11.8,43.8,POINT (11.8 43.8),EU,NF,526.0615999,C,0,130.56638,0.877347
D,grid_000070,12.4,43.8,POINT (12.4 43.8),EU,NF,533.072044,C,0,141.79305,0.70817834
D,grid_000071,13,43.8,POINT (13 43.8),EU,TF,541.1847458,C,0,26.29536,0.4021909
D,grid_000072,13.6,43.8,POINT (13.6 43.8),EU,TF,558.4799223,C,0,66.00582,0.502975
D,grid_000073,14.2,43.8,POINT (14.2 43.8),EU,TF,559.7702039,C,0,166.423,0.31855184
D,grid_000074,14.8,43.8,POINT (14.8 43.8),EU,TF,559.6613489,C,0,29.189816,0.2757945
D,grid_000075,15.4,43.8,POINT (15.4 43.8),EU,TF,556.8586997,C,0,30.097784,0.2422702
D,grid_000076,16,43.8,POINT (16 43.8),EU,TF,539.641825,C,0,24.099804,0.5183867
D,grid_000077,10,44.4,POINT (10 44.4),EU,NF,599.5402587,C,0,122.66565,0.6898123
D,grid_000078,10.6,44.4,POINT (10.6 44.4),EU,NF,593.8640207,C,0,179.18028,0.52601665
D,grid_000079,11.2,44.4,POINT (11.2 44.4),EU,NF,591.615114,C,0,163.92973,0.6616485
D,grid_000080,11.8,44.4,POINT (11.8 44.4),EU,TF,592.5763502,C,0,23.142252,0.7456824
D,grid_000081,12.4,44.4,POINT (12.4 44.4),EU,TF,599.1601268,C,0,161.12114,0.55346674
D,grid_000082,13,44.4,POINT (13 44.4),EU,SS,606.4656924,C,0,145.22345,0.33656365
D,grid_000083,13.6,44.4,POINT (13.6 44.4),EU,TF,624.1576868,C,0,152.43327,0.2859313
D,grid_000084,14.2,44.4,POINT (14.2 44.4),EU,TF,626.3674469,C,0,152.15752,0.23358409
D,grid_000085,14.8,44.4,POINT (14.8 44.4),EU,TF,626.2711153,C,0,13.696468,0.23004611
D,grid_000086,15.4,44.4,POINT (15.4 44.4),EU,TF,618.596555,C,0,34.60403,0.5654764
D,grid_000087,16,44.4,POINT (16 44.4),EU,NF,603.2974153,C,0,22.962292,0.39580458
D,grid_000088,10,45,POINT (10 45),EU,TF,611.6580587,C,0,41.692776,0.39507446
D,grid_000089,10.6,45,POINT (10.6 45),EU,TF,611.6597324,C,0,158.55724,0.6217145
D,grid_000090,11.2,45,POINT (11.2 45),EU,TF,611.6614062,C,0,13.613385,0.81008387
D,grid_000091,11.8,45,POINT (11.8 45),EU,NF,611.6630799,C,0,144.67812,0.2853922
D,grid_000092,12.4,45,POINT (12.4 45),EU,TF,611.6647536,C,0,150.45792,0.26849145
D,grid_000093,13,45,POINT (13 45),EU,NF,611.6664274,C,0,133.02968,0.2565655
D,grid_000094,13.6,45,POINT (13.6 45),EU,NF,611.6681011,C,0,133.509,0.2162576
D,grid_000095,14.2,45,POINT (14.2 45),EU,TF,611.6697749,C,0,154.51427,0.2663676
D,grid_000096,14.8,45,POINT (14.8 45),EU,TF,611.6714486,C,0,1.8285363,0.7079737
D,grid_000097,15.4,45,POINT (15.4 45),EU,NF,611.6731224,C,0,11.360495,0.5326526
D,grid_000098,16,45,POINT (16 45),EU,TF,611.6747961,C,0,21.850555,0.36946255
E,grid_000000,10.2,40.2,POINT (10.2 40.2),EU,TF,144.3451952,C,0,148.61505,0.18973692
E,grid_000001,10.8,40.2,POINT (10.8 40.2),EU,TF,128.9935809,C,0,148.85399,0.19689985
E,grid_000002,11.4,40.2,POINT (11.4 40.2),EU,TF,124.9695887,C,0,155.59119,0.20291615
E,grid_000003,12,40.2,POINT (12 40.2),EU,TF,132.8703831,C,0,25.42786,0.14957789
E,grid_000004,12.6,40.2,POINT (12.6 40.2),EU,TF,150.7101874,C,0,29.027983,0.15838763
E,grid_000005,13.2,40.2,POINT (13.2 40.2),EU,TF,163.8646773,C,0,29.328915,0.17860268
E,grid_000006,13.8,40.2,POINT (13.8 40.2),EU,TF,169.2284923,C,0,29.38021,0.19229655
E,grid_000007,14.4,40.2,POINT (14.4 40.2),EU,TF,159.5914388,C,0,29.31553,0.17405644
E,grid_000008,15,40.2,POINT (15 40.2),EU,TF,164.6719273,C,0,119.198456,0.27361143
E,grid_000009,15.6,40.2,POINT (15.6 40.2),EU,NF,184.6422129,C,0,137.11475,0.6192659
E,grid_000010,10.2,40.8,POINT (10.2 40.8),EU,TF,207.5885458,C,0,103.23813,0.645827
E,grid_000011,10.8,40.8,POINT (10.8 40.8),EU,TF,194.3039752,C,0,148.79825,0.18676421
E,grid_000012,11.4,40.8,POINT (11.4 40.8),EU,TF,191.5815644,C,0,149.81067,0.19185668
E,grid_000013,12,40.8,POINT (12 40.8),EU,TF,198.3834461,C,0,163.22794,0.2160145
E,grid_000014,12.6,40.8,POINT (12.6 40.8),EU,TF,217.1236114,C,0,90.11497,0.27624717
E,grid_000015,13.2,40.8,POINT (13.2 40.8),EU,SS,226.3723514,C,0,13.342165,0.10635637
E,grid_000016,13.8,40.8,POINT (13.8 40.8),EU,TF,234.0556797,C,0,29.742231,0.2283957
E,grid_000017,14.4,40.8,POINT (14.4 40.8),EU,TF,226.1264793,C,0,26.346252,0.20199995
E,grid_000018,15,40.8,POINT (15 40.8),EU,NF,229.7088605,C,0,135.94302,0.572544
E,grid_000019,15.6,40.8,POINT (15.6 40.8),EU,NF,244.296778,C,0,132.15964,0.70337504
E,grid_000020,10.2,41.4,POINT (10.2 41.4),EU,TF,272.455804,C,0,114.29138,0.28608
E,grid_000021,10.8,41.4,POINT (10.8 41.4),EU,TF,260.4378316,C,0,149.46414,0.21209286
E,grid_000022,11.4,41.4,POINT (11.4 41.4),EU,TF,258.2080123,C,0,149.59578,0.21917924
E,grid_000023,12,41.4,POINT (12 41.4),EU,TF,264.4602619,C,0,157.08751,0.26384565
E,grid_000024,12.6,41.4,POINT (12.6 41.4),EU,TF,274.7930239,C,0,13.427124,0.49282873
E,grid_000025,13.2,41.4,POINT (13.2 41.4),EU,TF,290.7216153,C,0,20.115934,0.2336044
E,grid_000026,13.8,41.4,POINT (13.8 41.4),EU,TF,298.8235759,C,0,142.2093,0.6850292
E,grid_000027,14.4,41.4,POINT (14.4 41.4),EU,TF,292.7100906,C,0,129.39545,0.78509396
E,grid_000028,15,41.4,POINT (15 41.4),EU,NF,295.4616874,C,0,145.88208,0.55064535
E,grid_000029,15.6,41.4,POINT (15.6 41.4),EU,TF,306.8398452,C,0,19.947153,0.15681854
E,grid_000030,10.2,42,POINT (10.2 42),EU,TF,336.4113054,C,0,149.96547,0.18969886
E,grid_000031,10.8,42,POINT (10.8 42),EU,TF,326.7816199,C,0,149.90668,0.23948205
E,grid_000032,11.4,42,POINT (11.4 42),EU,TF,324.8443262,C,0,149.9045,0.26534146
E,grid_000033,12,42,POINT (12 42),EU,TF,330.1804464,C,0,149.90044,0.27859712
E,grid_000034,12.6,42,POINT (12.6 42),EU,TF,339.0108583,C,0,143.9773,0.6977636
E,grid_000035,13.2,42,POINT (13.2 42),EU,TF,355.9189158,C,0,147.05429,0.5220905
E,grid_000036,13.8,42,POINT (13.8 42),EU,NF,364.2715607,C,0,127.67081,0.69923115
E,grid_000037,14.4,42,POINT (14.4 42),EU,TF,359.3191604,C,0,15.568485,0.2508702
E,grid_000038,15,42,POINT (15 42),EU,NF,361.5438869,C,0,132.90906,0.61572313
E,grid_000039,15.6,42,POINT (15.6 42),EU,TF,370.8164846,C,0,154.15224,0.5498282
E,grid_000040,10.2,42.6,POINT (10.2 42.6),EU,TF,400.1459604,C,0,150.30925,0.21044083
E,grid_000041,10.8,42.6,POINT (10.8 42.6),EU,TF,393.2326609,C,0,150.2662,0.24774486
E,grid_000042,11.4,42.6,POINT (11.4 42.6),EU,TF,391.4890466,C,0,153.0533,0.40527368
E,grid_000043,12,42.6,POINT (12 42.6),EU,NF,395.8705103,C,0,124.848526,0.6581115
E,grid_000044,12.6,42.6,POINT (12.6 42.6),EU,NF,404.0203864,C,0,113.51965,0.8450893
E,grid_000045,13.2,42.6,POINT (13.2 42.6),EU,NF,421.5743054,C,0,145.13345,0.9350066
E,grid_000046,13.8,42.6,POINT (13.8 42.6),EU,NF,430.0925312,C,0,136.16034,0.4244755
E,grid_000047,14.4,42.6,POINT (14.4 42.6),EU,TF,425.9450359,C,0,34.70634,0.35207185
E,grid_000048,15,42.6,POINT (15 42.6),EU,NF,427.8061289,C,0,131.09882,0.4318563
E,grid_000049,15.6,42.6,POINT (15.6 42.6),EU,TF,429.7011269,C,0,28.379484,0.22655423
E,grid_000050,10.2,43.2,POINT (10.2 43.2),EU,NF,465.3872,C,0,133.90002,0.24169198
E,grid_000051,10.8,43.2,POINT (10.8 43.2),EU,TF,459.7475054,A,0,122.86714,0.61933315
E,grid_000052,11.4,43.2,POINT (11.4 43.2),EU,SS,458.1415708,C,0,130.06041,0.6248717
E,grid_000053,12,43.2,POINT (12 43.2),EU,NF,461.5601464,C,0,131.12363,0.5433543
E,grid_000054,12.6,43.2,POINT (12.6 43.2),EU,NF,469.495843,C,0,137.02478,0.89097095
E,grid_000055,13.2,43.2,POINT (13.2 43.2),EU,TF,487.5056189,C,0,141.2809,0.7381172
E,grid_000056,13.8,43.2,POINT (13.8 43.2),EU,NF,496.1408932,C,0,79.91121,0.37295613
E,grid_000057,14.4,43.2,POINT (14.4 43.2),EU,TF,492.58375,C,0,41.416706,0.3769073
E,grid_000058,15,43.2,POINT (15 43.2),EU,TF,494.1788383,C,0,15.640304,0.7915082
E,grid_000059,15.6,43.2,POINT (15.6 43.2),EU,TF,489.3849939,C,0,27.609554,0.749539
E,grid_000060,10.2,43.8,POINT (10.2 43.8),EU,TF,531.1911393,B,0,5.891702,0.4480874
E,grid_000061,10.8,43.8,POINT (10.8 43.8),EU,NF,526.3046369,C,0,131.30527,0.41429543
E,grid_000062,11.4,43.8,POINT (11.4 43.8),EU,NF,524.8016067,C,0,130.55896,0.7500801
E,grid_000063,12,43.8,POINT (12 43.8),EU,NF,527.4840794,C,0,137.30856,0.8689608
E,grid_000064,12.6,43.8,POINT (12.6 43.8),EU,NF,535.2689025,C,0,149.00275,0.5862867
E,grid_000065,13.2,43.8,POINT (13.2 43.8),EU,TF,544.8871738,C,0,47.644432,0.6977668
E,grid_000066,13.8,43.8,POINT (13.8 43.8),EU,TF,562.3390313,C,0,169.61487,0.2920851
E,grid_000067,14.4,43.8,POINT (14.4 43.8),EU,TF,559.2332303,C,0,18.243162,0.2756663
E,grid_000068,15,43.8,POINT (15 43.8),EU,TF,560.6252918,C,0,29.844429,0.27045614
E,grid_000069,15.6,43.8,POINT (15.6 43.8),EU,TF,550.6741921,C,0,28.614336,0.2795826
E,grid_000070,10.2,44.4,POINT (10.2 44.4),EU,NF,597.1919058,C,0,13.434598,0.5509093
E,grid_000071,10.8,44.4,POINT (10.8 44.4),EU,NF,592.89219,C,0,3.0255828,0.516969
E,grid_000072,11.4,44.4,POINT (11.4 44.4),EU,NF,591.468996,C,0,167.37206,0.5672841
E,grid_000073,12,44.4,POINT (12 44.4),EU,TF,593.8272064,C,0,17.69447,0.7827948
E,grid_000074,12.6,44.4,POINT (12.6 44.4),EU,TF,601.2442463,C,0,140.50206,0.6082679
E,grid_000075,13.2,44.4,POINT (13.2 44.4),EU,TF,609.7396997,C,0,153.56062,0.30527368
E,grid_000076,13.8,44.4,POINT (13.8 44.4),EU,TF,628.6418726,C,0,151.1196,0.26645342
E,grid_000077,14.4,44.4,POINT (14.4 44.4),EU,TF,625.8922883,C,0,154.84032,0.24556255
E,grid_000078,15,44.4,POINT (15 44.4),EU,TF,627.124296,C,0,27.296535,0.2593207
E,grid_000079,15.6,44.4,POINT (15.6 44.4),EU,NF,613.08976,C,0,33.377804,0.49878132
E,grid_000080,10.2,45,POINT (10.2 45),EU,TF,611.6586166,C,0,47.832767,0.33674428
E,grid_000081,10.8,45,POINT (10.8 45),EU,TF,611.6602903,C,0,178.15598,0.64696586
E,grid_000082,11.4,45,POINT (11.4 45),EU,TF,611.6619641,C,0,14.964641,0.7813687
E,grid_000083,12,45,POINT (12 45),EU,TF,611.6636378,C,0,147.42456,0.27773598
E,grid_000084,12.6,45,POINT (12.6 45),EU,TF,611.6653116,C,0,150.68687,0.24580556
E,grid_000085,13.2,45,POINT (13.2 45),EU,NF,611.6669853,C,0,132.95622,0.260818
E,grid_000086,13.8,45,POINT (13.8 45),EU,NF,611.668659,C,0,133.32008,0.24892657
E,grid_000087,14.4,45,POINT (14.4 45),EU,TF,611.6703328,C,0,3.7006395,0.566414
E,grid_000088,15,45,POINT (15 45),EU,TF,611.6720065,C,0,166.7879,0.5780427
E,grid_000089,15.6,45,POINT (15.6 45),EU,NF,611.6736803,C,0,15.165738,0.63398397
F,grid_000000,10.4,40.2,POINT (10.4 40.2),EU,TF,138.8499597,C,0,148.60991,0.2008181
F,grid_000001,11,40.2,POINT (11 40.2),EU,TF,126.176579,C,0,149.41061,0.16774374
F,grid_000002,11.6,40.2,POINT (11.6 40.2),EU,TF,126.8858678,C,0,165.85135,0.19504985
F,grid_000003,12.2,40.2,POINT (12.2 40.2),EU,TF,137.6786057,C,0,27.792997,0.17592537
F,grid_000004,12.8,40.2,POINT (12.8 40.2),EU,TF,153.3021762,C,0,29.18015,0.19022526
F,grid_000005,13.4,40.2,POINT (13.4 40.2),EU,TF,176.0879791,C,0,29.42042,0.11215922
F,grid_000006,14,40.2,POINT (14 40.2),EU,TF,165.3223096,C,0,29.35452,0.17483254
F,grid_000007,14.6,40.2,POINT (14.6 40.2),EU,TF,159.456899,C,0,29.223927,0.17160782
F,grid_000008,15.2,40.2,POINT (15.2 40.2),EU,SS,169.8531748,C,0,117.26289,0.550332
F,grid_000009,15.8,40.2,POINT (15.8 40.2),EU,NF,193.9126333,C,0,140.15063,0.6236067
F,grid_000010,10.4,40.8,POINT (10.4 40.8),EU,TF,203.5215158,C,0,107.201515,0.5353143
F,grid_000011,11,40.8,POINT (11 40.8),EU,TF,192.6609756,C,0,149.0384,0.20131335
F,grid_000012,11.6,40.8,POINT (11.6 40.8),EU,TF,192.6263417,C,0,151.08482,0.19245148
F,grid_000013,12.2,40.8,POINT (12.2 40.8),EU,TF,201.6071126,C,0,14.522062,0.18281206
F,grid_000014,12.8,40.8,POINT (12.8 40.8),EU,TF,218.9149336,C,0,67.38399,0.16429152
F,grid_000015,13.4,40.8,POINT (13.4 40.8),EU,TF,231.9138474,C,0,29.74062,0.1350805
F,grid_000016,14,40.8,POINT (14 40.8),EU,NF,230.1714616,C,0,141.46857,0.11322266
F,grid_000017,14.6,40.8,POINT (14.6 40.8),EU,NF,226.0323787,C,0,149.76949,0.28892028
F,grid_000018,15.2,40.8,POINT (15.2 40.8),EU,NF,233.418562,C,0,127.922676,0.7292986
F,grid_000019,15.8,40.8,POINT (15.8 40.8),EU,NF,251.3155705,C,0,148.22934,0.50271297
F,grid_000020,10.4,41.4,POINT (10.4 41.4),EU,TF,267.2877229,C,0,148.07605,0.21816452
F,grid_000021,11,41.4,POINT (11 41.4),EU,TF,259.225313,C,0,149.50351,0.19567855
F,grid_000022,11.6,41.4,POINT (11.6 41.4),EU,TF,258.9772224,C,0,149.78583,0.24259245
F,grid_000023,12.2,41.4,POINT (12.2 41.4),EU,TF,266.8654064,C,0,8.841678,0.41997218
F,grid_000024,12.8,41.4,POINT (12.8 41.4),EU,TF,285.00526,C,0,24.292223,0.23554263
F,grid_000025,13.4,41.4,POINT (13.4 41.4),EU,TF,295.0186184,C,0,148.98985,0.43025202
F,grid_000026,14,41.4,POINT (14 41.4),EU,NF,295.818276,C,0,138.7467,0.742909
F,grid_000027,14.6,41.4,POINT (14.6 41.4),EU,TF,292.6380498,C,0,130.90955,0.745531
F,grid_000028,15.2,41.4,POINT (15.2 41.4),EU,TF,298.3292641,C,0,160.97285,0.3615275
F,grid_000029,15.8,41.4,POINT (15.8 41.4),EU,TF,308.3152454,C,0,17.789335,0.14189215
F,grid_000030,10.4,42,POINT (10.4 42),EU,TF,331.2952832,C,0,149.93427,0.22233245
F,grid_000031,11,42,POINT (11 42),EU,TF,325.8248855,C,0,149.90028,0.22560903
F,grid_000032,11.6,42,POINT (11.6 42),EU,TF,325.4505221,C,0,149.91905,0.28101498
F,grid_000033,12.2,42,POINT (12.2 42),EU,TF,332.6760334,C,0,147.5673,0.36039576
F,grid_000034,12.8,42,POINT (12.8 42),EU,NF,351.3077015,C,0,143.24768,0.694254
F,grid_000035,13.4,42,POINT (13.4 42),EU,NF,359.405545,C,0,138.91034,0.7720999
F,grid_000036,14,42,POINT (14 42),EU,NF,361.8327131,C,0,125.6642,0.63738245
F,grid_000037,14.6,42,POINT (14.6 42),EU,NF,359.2610093,C,0,138.88123,0.5184438
F,grid_000038,15.2,42,POINT (15.2 42),EU,NF,363.8698521,C,0,145.12184,0.4887271
F,grid_000039,15.8,42,POINT (15.8 42),EU,TF,363.5948856,C,0,132.16983,0.4497643
F,grid_000040,10.4,42.6,POINT (10.4 42.6),EU,TF,396.9568915,C,0,150.2944,0.22935346
F,grid_000041,11,42.6,POINT (11 42.6),EU,TF,392.4453246,C,0,150.23184,0.24900076
F,grid_000042,11.6,42.6,POINT (11.6 42.6),EU,TF,391.9875398,C,0,138.82706,0.42730343
F,grid_000043,12.2,42.6,POINT (12.2 42.6),EU,NF,398.7691362,C,0,121.510925,0.5732457
F,grid_000044,12.8,42.6,POINT (12.8 42.6),EU,NF,407.668394,C,0,123.75363,0.8647852
F,grid_000045,13.4,42.6,POINT (13.4 42.6),EU,NF,424.4948962,C,0,153.67361,0.89856786
F,grid_000046,14,42.6,POINT (14 42.6),EU,NF,428.0479929,C,0,136.95976,0.22546783
F,grid_000047,14.6,42.6,POINT (14.6 42.6),EU,TF,425.8964349,C,0,31.342163,0.30749488
F,grid_000048,15.2,42.6,POINT (15.2 42.6),EU,NF,429.7554961,C,0,127.0215,0.5544561
F,grid_000049,15.8,42.6,POINT (15.8 42.6),EU,TF,422.1715894,C,0,31.548008,0.4375038
F,grid_000050,10.4,43.2,POINT (10.4 43.2),EU,TF,462.9070081,C,0,141.79314,0.28238207
F,grid_000051,11,43.2,POINT (11 43.2),EU,TF,459.0641015,C,0,127.79531,0.6686181
F,grid_000052,11.6,43.2,POINT (11.6 43.2),EU,TF,458.5636028,C,0,135.38168,0.4706642
F,grid_000053,12.2,43.2,POINT (12.2 43.2),EU,SS,464.6713391,C,0,139.0488,0.77925414
F,grid_000054,12.8,43.2,POINT (12.8 43.2),EU,NF,472.6092561,C,0,142.01811,0.9159235
F,grid_000055,13.4,43.2,POINT (13.4 43.2),EU,TF,490.009702,C,0,152.21413,0.6100474
F,grid_000056,14,43.2,POINT (14 43.2),EU,TF,494.3862645,C,0,57.543613,0.59256506
F,grid_000057,14.6,43.2,POINT (14.6 43.2),EU,TF,492.5421197,C,0,26.209492,0.3395018
F,grid_000058,15.2,43.2,POINT (15.2 43.2),EU,TF,495.8515012,C,0,17.735043,0.82421046
F,grid_000059,15.8,43.2,POINT (15.8 43.2),EU,TF,482.8497985,C,0,19.468353,0.5073472
F,grid_000060,10.4,43.8,POINT (10.4 43.8),EU,NF,529.0404069,C,0,2.6669488,0.4427129
F,grid_000061,11,43.8,POINT (11 43.8),EU,NF,525.6784451,C,0,131.33377,0.6613024
F,grid_000062,11.6,43.8,POINT (11.6 43.8),EU,NF,525.1665412,C,0,128.50731,0.7105133
F,grid_000063,12.2,43.8,POINT (12.2 43.8),EU,NF,530.3604516,C,0,136.59062,0.80999094
F,grid_000064,12.8,43.8,POINT (12.8 43.8),EU,NF,537.9756917,C,0,154.69843,0.515137
F,grid_000065,13.4,43.8,POINT (13.4 43.8),EU,TF,555.8020633,C,0,53.29826,0.7174095
F,grid_000066,14,43.8,POINT (14 43.8),EU,TF,560.8063926,C,0,159.18121,0.30482706
F,grid_000067,14.6,43.8,POINT (14.6 43.8),EU,TF,559.1969127,C,0,27.027054,0.2706283
F,grid_000068,15.2,43.8,POINT (15.2 43.8),EU,TF,562.0861665,C,0,30.06572,0.23668031
F,grid_000069,15.8,43.8,POINT (15.8 43.8),EU,TF,544.9305312,C,0,24.940903,0.43017393
F,grid_000070,10.4,44.4,POINT (10.4 44.4),EU,NF,595.2983728,C,0,157.01575,0.49398744
F,grid_000071,11,44.4,POINT (11 44.4),EU,NF,592.2994496,C,0,154.87053,0.50624967
F,grid_000072,11.6,44.4,POINT (11.6 44.4),EU,NF,591.7896612,C,0,18.143566,0.55138034
F,grid_000073,12.2,44.4,POINT (12.2 44.4),EU,TF,596.0489821,C,0,13.795187,0.72357035
F,grid_000074,12.8,44.4,POINT (12.8 44.4),EU,TF,603.6317951,C,0,142.19896,0.5058743
F,grid_000075,13.4,44.4,POINT (13.4 44.4),EU,TF,621.7861456,C,0,155.2658,0.24540317
F,grid_000076,14,44.4,POINT (14 44.4),EU,SS,627.2846216,C,0,147.29434,0.27195188
F,grid_000077,14.6,44.4,POINT (14.6 44.4),EU,TF,625.860155,C,0,163.89378,0.26078287
F,grid_000078,15.2,44.4,POINT (15.2 44.4),EU,TF,624.4963003,C,0,34.782036,0.46066856
F,grid_000079,15.8,44.4,POINT (15.8 44.4),EU,NF,607.9866229,C,0,18.122732,0.29329348
F,grid_000080,10.4,45,POINT (10.4 45),EU,TF,611.6591745,C,0,148.18343,0.39137375
F,grid_000081,11,45,POINT (11 45),EU,TF,611.6608482,C,0,12.34232,0.7588198
F,grid_000082,11.6,45,POINT (11.6 45),EU,TF,611.662522,C,0,12.7549925,0.67119175
F,grid_000083,12.2,45,POINT (12.2 45),EU,TF,611.6641957,C,0,150.59848,0.26088873
F,grid_000084,12.8,45,POINT (12.8 45),EU,TF,611.6658695,C,0,150.69934,0.25962448
F,grid_000085,13.4,45,POINT (13.4 45),EU,TF,611.6675432,C,0,151.0234,0.24623795
F,grid_000086,14,45,POINT (14 45),EU,TF,611.669217,C,0,150.79703,0.24069405
F,grid_000087,14.6,45,POINT (14.6 45),EU,TF,611.6708907,C,0,5.1019664,0.7167292
F,grid_000088,15.2,45,POINT (15.2 45),EU,TF,611.6725644,C,0,165.70277,0.4703759
F,grid_000089,15.8,45,POINT (15.8 45),EU,NF,611.6742382,C,0,15.023964,0.6133093
G,grid_000000,10,40.4,POINT (10 40.4),EU,TF,171.4879241,C,0,148.49817,0.19099508
G,grid_000001,10.6,40.4,POINT (10.6 40.4),EU,TF,155.6289685,C,0,148.75774,0.1919792
G,grid_000002,11.2,40.4,POINT (11.2 40.4),EU,TF,147.596722,C,0,149.90926,0.1979215
G,grid_000003,11.8,40.4,POINT (11.8 40.4),EU,TF,151.8941257,C,0,174.92343,0.17891413
G,grid_000004,12.4,40.4,POINT (12.4 40.4),EU,TF,171.2138362,A,0,14.112029,0.034957647
G,grid_000005,13,40.4,POINT (13 40.4),EU,TF,178.9717929,C,0,29.329292,0.16985174
G,grid_000006,13.6,40.4,POINT (13.6 40.4),EU,TF,195.2329103,C,0,29.561314,0.16691011
G,grid_000007,14.2,40.4,POINT (14.2 40.4),EU,TF,183.4949774,C,0,29.454514,0.2098799
G,grid_000008,14.8,40.4,POINT (14.8 40.4),EU,TF,183.1447735,C,0,18.128302,0.36430043
G,grid_000009,15.4,40.4,POINT (15.4 40.4),EU,NF,196.7908083,C,0,141.23283,0.45230618
G,grid_000010,16,40.4,POINT (16 40.4),EU,NF,216.436152,C,0,139.25906,0.48344624
G,grid_000011,10,41,POINT (10 41),EU,TF,233.681266,C,0,101.96908,0.6127929
G,grid_000012,10.6,41,POINT (10.6 41),EU,TF,219.4055473,C,0,142.85101,0.21737438
G,grid_000013,11.2,41,POINT (11.2 41),EU,TF,214.1800924,C,0,149.32767,0.21658456
G,grid_000014,11.8,41,POINT (11.8 41),EU,TF,217.5849999,C,0,151.86763,0.2165561
G,grid_000015,12.4,41,POINT (12.4 41),EU,SS,227.4148542,C,0,99.53839,0.41147137
G,grid_000016,13,41,POINT (13 41),EU,NF,243.7238969,C,0,134.74146,0.14183515
G,grid_000017,13.6,41,POINT (13.6 41),EU,TF,259.6453513,C,0,24.675926,0.22011092
G,grid_000018,14.2,41,POINT (14.2 41),EU,NF,249.5776915,C,0,142.01497,0.22135401
G,grid_000019,14.8,41,POINT (14.8 41),EU,NF,249.322597,C,0,155.63887,0.6300884
G,grid_000020,15.4,41,POINT (15.4 41),EU,NF,259.423712,C,0,133.74583,0.5758713
G,grid_000021,16,41,POINT (16 41),EU,NF,263.1339127,C,0,142.59613,0.16434538
G,grid_000022,10,41.6,POINT (10 41.6),EU,TF,297.8056758,C,0,137.33344,0.22078925
G,grid_000023,10.6,41.6,POINT (10.6 41.6),EU,TF,284.6616523,C,0,149.61794,0.1942878
G,grid_000024,11.2,41.6,POINT (11.2 41.6),EU,TF,280.7700757,C,0,149.63611,0.22134748
G,grid_000025,11.8,41.6,POINT (11.8 41.6),EU,TF,283.2756315,C,0,150.02878,0.24138495
G,grid_000026,12.4,41.6,POINT (12.4 41.6),EU,NF,291.9479811,C,0,144.36179,0.27999523
G,grid_000027,13,41.6,POINT (13 41.6),EU,TF,309.2808735,C,0,2.505224,0.37742478
G,grid_000028,13.6,41.6,POINT (13.6 41.6),EU,TF,324.2465537,C,0,139.74042,0.660525
G,grid_000029,14.2,41.6,POINT (14.2 41.6),EU,NF,315.8967855,C,0,132.92128,0.7224449
G,grid_000030,14.8,41.6,POINT (14.8 41.6),EU,NF,315.6970922,C,0,130.675,0.7757344
G,grid_000031,15.4,41.6,POINT (15.4 41.6),EU,TF,323.6625685,C,0,144.55933,0.5460588
G,grid_000032,16,41.6,POINT (16 41.6),EU,TF,317.0406221,C,0,137.88268,0.5400983
G,grid_000033,10,42.2,POINT (10 42.2),EU,TF,362.8426156,C,0,150.12045,0.21719061
G,grid_000034,10.6,42.2,POINT (10.6 42.2),EU,TF,350.630468,C,0,150.05415,0.18959992
G,grid_000035,11.2,42.2,POINT (11.2 42.2),EU,TF,347.3666878,C,0,150.03654,0.23366567
G,grid_000036,11.8,42.2,POINT (11.8 42.2),EU,TF,349.0093374,C,0,150.0596,0.2858448
G,grid_000037,12.4,42.2,POINT (12.4 42.2),EU,TF,357.2604139,C,0,148.16383,0.40303928
G,grid_000038,13,42.2,POINT (13 42.2),EU,NF,375.2248152,C,0,114.58725,0.61614615
G,grid_000039,13.6,42.2,POINT (13.6 42.2),EU,NF,389.1975362,C,0,138.82698,0.85146207
G,grid_000040,14.2,42.2,POINT (14.2 42.2),EU,TF,382.3329297,C,0,51.44995,0.21490797
G,grid_000041,14.8,42.2,POINT (14.8 42.2),EU,NF,382.1694591,C,0,135.66335,0.3725955
G,grid_000042,15.4,42.2,POINT (15.4 42.2),EU,TF,388.7155864,C,0,154.23024,0.46346617
G,grid_000043,16,42.2,POINT (16 42.2),EU,TF,375.0643978,C,0,10.525852,0.47109723
G,grid_000044,10,42.8,POINT (10 42.8),EU,TF,426.76013,C,0,150.41795,0.22195092
G,grid_000045,10.6,42.8,POINT (10.6 42.8),EU,TF,416.8205521,C,0,146.99725,0.26263162
G,grid_000046,11.2,42.8,POINT (11.2 42.8),EU,TF,413.9699417,C,0,153.16245,0.38907826
G,grid_000047,11.8,42.8,POINT (11.8 42.8),EU,NF,415.32854,C,0,122.67481,0.76215994
G,grid_000048,12.4,42.8,POINT (12.4 42.8),EU,NF,422.9946329,C,0,125.527985,0.82211983
G,grid_000049,13,42.8,POINT (13 42.8),EU,NF,441.3854924,C,0,144.31937,0.90970385
G,grid_000050,13.6,42.8,POINT (13.6 42.8),EU,NF,449.678805,C,0,133.8534,0.66965175
G,grid_000051,14.2,42.8,POINT (14.2 42.8),EU,TF,448.8372755,C,0,58.889713,0.6221271
G,grid_000052,14.8,42.8,POINT (14.8 42.8),EU,TF,448.6993285,C,0,22.612625,0.5126928
G,grid_000053,15.4,42.8,POINT (15.4 42.8),EU,TF,454.2361878,C,0,21.337408,0.58229846
G,grid_000054,16,42.8,POINT (16 42.8),EU,TF,435.5661812,C,0,29.584024,0.24258679
G,grid_000055,10,43.4,POINT (10 43.4),EU,TF,490.4731385,C,0,148.12595,0.26020718
G,grid_000056,10.6,43.4,POINT (10.6 43.4),EU,TF,483.1438812,C,0,138.65631,0.32874414
G,grid_000057,11.2,43.4,POINT (11.2 43.4),EU,NF,480.5798471,C,0,130.42545,0.77791953
G,grid_000058,11.8,43.4,POINT (11.8 43.4),EU,TF,481.7458822,C,0,144.27757,0.48263788
G,grid_000059,12.4,43.4,POINT (12.4 43.4),EU,NF,488.9834384,C,0,135.98956,0.9375475
G,grid_000060,13,43.4,POINT (13 43.4),EU,TF,497.8717063,C,0,163.34164,0.7607039
G,grid_000061,13.6,43.4,POINT (13.6 43.4),EU,TF,514.8396816,C,0,9.296567,0.7291393
G,grid_000062,14.2,43.4,POINT (14.2 43.4),EU,TF,515.3861498,C,0,16.083508,0.33731878
G,grid_000063,14.8,43.4,POINT (14.8 43.4),EU,TF,515.2671557,C,0,14.995681,0.41259474
G,grid_000064,15.4,43.4,POINT (15.4 43.4),EU,TF,516.3833419,C,0,17.30265,0.5790973
G,grid_000065,16,43.4,POINT (16 43.4),EU,TF,497.6458102,C,0,29.630302,0.48556387
G,grid_000066,10,44,POINT (10 44),EU,NF,555.7239144,C,0,109.85527,0.68515146
G,grid_000067,10.6,44,POINT (10.6 44),EU,TF,549.5547766,C,0,129.87375,0.53581995
G,grid_000068,11.2,44,POINT (11.2 44),EU,TF,547.1964108,C,0,130.36835,0.79679024
G,grid_000069,11.8,44,POINT (11.8 44),EU,NF,548.2282642,C,0,126.62181,0.8846681
G,grid_000070,12.4,44,POINT (12.4 44),EU,TF,555.1385857,C,0,147.16765,0.62096846
G,grid_000071,13,44,POINT (13 44),EU,TF,562.9082561,C,0,32.94491,0.64340425
G,grid_000072,13.6,44,POINT (13.6 44),EU,TF,580.3467095,C,0,36.75788,0.59409773
G,grid_000073,14.2,44,POINT (14.2 44),EU,TF,581.9666965,C,0,157.82343,0.28543255
G,grid_000074,14.8,44,POINT (14.8 44),EU,TF,581.8623331,C,0,27.811066,0.2596792
G,grid_000075,15.4,44,POINT (15.4 44),EU,TF,577.3157677,C,0,30.625713,0.2656897
G,grid_000076,16,44,POINT (16 44),EU,TF,560.7820243,C,0,16.944128,0.47585207
G,grid_000077,10,44.6,POINT (10 44.6),EU,TF,621.483056,C,0,128.90216,0.5064697
G,grid_000078,10.6,44.6,POINT (10.6 44.6),EU,TF,616.0272055,C,0,171.3944,0.6474
G,grid_000079,11.2,44.6,POINT (11.2 44.6),EU,NF,613.8334385,C,0,157.76227,0.33519933
G,grid_000080,11.8,44.6,POINT (11.8 44.6),EU,TF,614.756877,C,0,0.5018023,0.3382145
G,grid_000081,12.4,44.6,POINT (12.4 44.6),EU,TF,621.0561515,C,0,151.42105,0.48202157
G,grid_000082,13,44.6,POINT (13 44.6),EU,TF,628.2921298,C,0,147.98544,0.30403614
G,grid_000083,13.6,44.6,POINT (13.6 44.6),EU,TF,646.0967898,C,0,150.89925,0.25748283
G,grid_000084,14.2,44.6,POINT (14.2 44.6),EU,TF,648.5713342,C,0,151.6209,0.22216961
G,grid_000085,14.8,44.6,POINT (14.8 44.6),EU,TF,648.4786077,C,0,167.56212,0.2824512
G,grid_000086,15.4,44.6,POINT (15.4 44.6),EU,SS,639.396766,C,0,32.79403,0.35466287
G,grid_000087,16,44.6,POINT (16 44.6),EU,NF,624.6567801,C,0,24.339901,0.32653236
H,grid_000000,10.2,40.4,POINT (10.2 40.4),EU,TF,165.130279,C,0,148.35129,0.18857372
H,grid_000001,10.8,40.4,POINT (10.8 40.4),EU,TF,150.4635758,C,0,148.85187,0.18105645
H,grid_000002,11.4,40.4,POINT (11.4 40.4),EU,TF,147.1713437,C,0,151.93925,0.18719794
H,grid_000003,12,40.4,POINT (12 40.4),EU,TF,154.6016277,C,0,20.799433,0.18857378
H,grid_000004,12.6,40.4,POINT (12.6 40.4),EU,TF,172.8290039,C,0,28.985733,0.11269349
H,grid_000005,13.2,40.4,POINT (13.2 40.4),EU,TF,184.3796989,C,0,29.458376,0.14405376
H,grid_000006,13.8,40.4,POINT (13.8 40.4),EU,TF,191.1790417,C,0,29.534605,0.17885175
H,grid_000007,14.4,40.4,POINT (14.4 40.4),EU,TF,181.7615688,C,0,29.394497,0.20334381
H,grid_000008,15,40.4,POINT (15 40.4),EU,NF,186.2253596,C,0,14.183328,0.5943665
H,grid_000009,15.6,40.4,POINT (15.6 40.4),EU,NF,204.0476988,C,0,137.26144,0.70336854
H,grid_000010,10.2,41,POINT (10.2 41),EU,TF,229.0976479,C,0,102.72725,0.64019704
H,grid_000011,10.8,41,POINT (10.8 41),EU,TF,216.3137693,C,0,149.0038,0.20944326
H,grid_000012,11.4,41,POINT (11.4 41),EU,TF,213.7891184,C,0,149.5796,0.20303738
H,grid_000013,12,41,POINT (12 41),EU,TF,220.3710546,C,0,156.31766,0.23239352
H,grid_000014,12.6,41,POINT (12.6 41),EU,SS,239.2833925,C,0,97.07071,0.51505476
H,grid_000015,13.2,41,POINT (13.2 41),EU,NF,247.6872523,C,0,141.54327,0.13580987
H,grid_000016,13.8,41,POINT (13.8 41),EU,TF,255.5377202,C,0,15.176915,0.20344743
H,grid_000017,14.4,41,POINT (14.4 41),EU,TF,248.3172711,C,0,176.53484,0.27464315
H,grid_000018,15,41,POINT (15 41),EU,NF,251.5742476,C,0,148.28484,0.6124822
H,grid_000019,15.6,41,POINT (15.6 41),EU,NF,264.9223619,C,0,137.3383,0.4009884
H,grid_000020,10.2,41.6,POINT (10.2 41.6),EU,TF,293.9127252,C,0,147.57904,0.21577291
H,grid_000021,10.8,41.6,POINT (10.8 41.6),EU,TF,282.5361508,C,0,149.62265,0.19478485
H,grid_000022,11.4,41.6,POINT (11.4 41.6),EU,TF,280.4191216,C,0,149.668,0.23508127
H,grid_000023,12,41.6,POINT (12 41.6),EU,TF,286.3868678,C,0,153.05397,0.2724706
H,grid_000024,12.6,41.6,POINT (12.6 41.6),EU,NF,296.0793673,C,0,142.79419,0.58026874
H,grid_000025,13.2,41.6,POINT (13.2 41.6),EU,NF,312.3856812,C,0,150.0974,0.3518108
H,grid_000026,13.8,41.6,POINT (13.8 41.6),EU,NF,320.5842705,C,0,133.15129,0.59946704
H,grid_000027,14.4,41.6,POINT (14.4 41.6),EU,NF,314.9108633,C,0,126.65845,0.7824553
H,grid_000028,15,41.6,POINT (15 41.6),EU,TF,317.4624088,C,0,137.72697,0.7131883
H,grid_000029,15.6,41.6,POINT (15.6 41.6),EU,TF,328.0469302,C,0,137.19171,0.47816485
H,grid_000030,10.2,42.2,POINT (10.2 42.2),EU,TF,357.6579611,C,0,150.09222,0.20806283
H,grid_000031,10.8,42.2,POINT (10.8 42.2),EU,TF,348.9228753,C,0,150.04314,0.2042003
H,grid_000032,11.4,42.2,POINT (11.4 42.2),EU,NF,347.0583384,C,0,135.14511,0.26072812
H,grid_000033,12,42.2,POINT (12 42.2),EU,NF,352.0771775,C,0,135.22122,0.32002214
H,grid_000034,12.6,42.2,POINT (12.6 42.2),EU,TF,360.6135802,C,0,147.6325,0.42567146
H,grid_000035,13.2,42.2,POINT (13.2 42.2),EU,TF,377.7647242,C,0,135.76315,0.7821463
H,grid_000036,13.8,42.2,POINT (13.8 42.2),EU,NF,386.1796578,C,0,127.06043,0.7222359
H,grid_000037,14.4,42.2,POINT (14.4 42.2),EU,TF,381.5261713,C,0,29.651823,0.33146036
H,grid_000038,15,42.2,POINT (15 42.2),EU,NF,383.6157175,C,0,125.448654,0.57464707
H,grid_000039,15.6,42.2,POINT (15.6 42.2),EU,TF,391.1658137,C,0,165.22205,0.4896233
H,grid_000040,10.2,42.8,POINT (10.2 42.8),EU,TF,421.6711246,C,0,150.38524,0.20867956
H,grid_000041,10.8,42.8,POINT (10.8 42.8),EU,TF,415.3985322,C,0,143.37198,0.2686698
H,grid_000042,11.4,42.8,POINT (11.4 42.8),EU,TF,413.705706,C,0,155.85425,0.5015337
H,grid_000043,12,42.8,POINT (12 42.8),EU,NF,417.7671068,C,0,127.69596,0.76254684
H,grid_000044,12.6,42.8,POINT (12.6 42.8),EU,NF,425.8041885,C,0,126.7244,0.9117807
H,grid_000045,13.2,42.8,POINT (13.2 42.8),EU,NF,443.5266611,C,0,173.89178,0.9079738
H,grid_000046,13.8,42.8,POINT (13.8 42.8),EU,TF,452.0881471,C,0,85.768715,0.5024808
H,grid_000047,14.4,42.8,POINT (14.4 42.8),EU,TF,448.1566418,C,0,57.550545,0.5672535
H,grid_000048,15,42.8,POINT (15 42.8),EU,TF,449.9203494,C,0,22.96671,0.7032724
H,grid_000049,15.6,42.8,POINT (15.6 42.8),EU,TF,449.3777365,C,0,24.416195,0.33514953
H,grid_000050,10.2,43.4,POINT (10.2 43.4),EU,TF,487.2952282,C,0,146.32889,0.31688917
H,grid_000051,10.8,43.4,POINT (10.8 43.4),EU,TF,481.929238,C,0,130.39395,0.56523097
H,grid_000052,11.4,43.4,POINT (11.4 43.4),EU,NF,480.3607578,C,0,129.1488,0.7090272
H,grid_000053,12,43.4,POINT (12 43.4),EU,TF,483.456584,C,0,136.74606,0.66437316
H,grid_000054,12.6,43.4,POINT (12.6 43.4),EU,NF,491.392878,C,0,139.47383,0.91597944
H,grid_000055,13.2,43.4,POINT (13.2 43.4),EU,NF,509.5260173,C,0,163.2222,0.7628888
H,grid_000056,13.8,43.4,POINT (13.8 43.4),EU,TF,518.1929951,C,0,19.741226,0.80883515
H,grid_000057,14.4,43.4,POINT (14.4 43.4),EU,TF,514.7991186,C,0,28.025444,0.31111437
H,grid_000058,15,43.4,POINT (15 43.4),EU,TF,516.3207329,C,0,10.159459,0.6204111
H,grid_000059,15.6,43.4,POINT (15.6 43.4),EU,TF,509.6645085,C,0,24.468443,0.55605733
H,grid_000060,10.2,44,POINT (10.2 44),EU,NF,553.1728742,B,0,111.11775,0.7037324
H,grid_000061,10.8,44,POINT (10.8 44),EU,NF,548.4975279,C,0,151.29616,0.5328225
H,grid_000062,11.4,44,POINT (11.4 44),EU,NF,547.0232583,C,0,128.75964,0.81534594
H,grid_000063,12,44,POINT (12 44),EU,NF,549.5889505,C,0,134.53766,0.7581992
H,grid_000064,12.6,44,POINT (12.6 44),EU,NF,557.2416265,C,0,148.41502,0.569591
H,grid_000065,13.2,44,POINT (13.2 44),EU,TF,566.4572041,C,0,37.65764,0.7965977
H,grid_000066,13.8,44,POINT (13.8 44),EU,TF,584.4299843,C,0,150.12329,0.32186142
H,grid_000067,14.4,44,POINT (14.4 44),EU,TF,581.451895,C,0,172.1936,0.27057245
H,grid_000068,15,44,POINT (15 44),EU,TF,582.7865562,C,0,29.234966,0.25041348
H,grid_000069,15.6,44,POINT (15.6 44),EU,TF,571.3721993,C,0,28.243853,0.25439805
H,grid_000070,10.2,44.6,POINT (10.2 44.6),EU,TF,619.2254214,C,0,19.069126,0.6417784
H,grid_000071,10.8,44.6,POINT (10.8 44.6),EU,TF,615.0934898,C,0,167.36725,0.6004088
H,grid_000072,11.4,44.6,POINT (11.4 44.6),EU,TF,613.6930759,C,0,4.4625964,0.4469189
H,grid_000073,12,44.6,POINT (12 44.6),EU,TF,615.958713,C,0,170.63376,0.37214518
H,grid_000074,12.6,44.6,POINT (12.6 44.6),EU,TF,623.2702734,C,0,141.28291,0.5504278
H,grid_000075,13.2,44.6,POINT (13.2 44.6),EU,NF,631.4425669,C,0,133.00504,0.2507584
H,grid_000076,13.8,44.6,POINT (13.8 44.6),EU,TF,650.7609314,C,0,150.97905,0.24366021
H,grid_000077,14.4,44.6,POINT (14.4 44.6),EU,TF,648.1139678,C,0,153.06172,0.23770188
H,grid_000078,15,44.6,POINT (15 44.6),EU,TF,649.2998935,C,0,18.346687,0.23447898
H,grid_000079,15.6,44.6,POINT (15.6 44.6),EU,NF,634.0883233,C,0,26.74694,0.2736064
I,grid_000000,10.4,40.4,POINT (10.4 40.4),EU,TF,160.3631072,C,0,148.60536,0.19948973
I,grid_000001,11,40.4,POINT (11 40.4),EU,TF,148.3231037,C,0,149.15196,0.2007949
I,grid_000002,11.6,40.4,POINT (11.6 40.4),EU,TF,148.7828708,C,0,157.91025,0.20313846
I,grid_000003,12.2,40.4,POINT (12.2 40.4),EU,TF,158.7410659,C,0,26.452402,0.14768781
I,grid_000004,12.8,40.4,POINT (12.8 40.4),EU,TF,175.0873043,C,0,29.250605,0.19597745
I,grid_000005,13.4,40.4,POINT (13.4 40.4),EU,TF,198.2827528,C,0,29.575787,0.15390217
I,grid_000006,14,40.4,POINT (14 40.4),EU,NF,186.7990409,C,0,140.81683,0.15462518
I,grid_000007,14.6,40.4,POINT (14.6 40.4),EU,NF,181.643795,C,0,141.74005,0.13623986
I,grid_000008,15.2,40.4,POINT (15.2 40.4),EU,NF,190.8090462,C,0,15.088783,0.6370584
I,grid_000009,15.8,40.4,POINT (15.8 40.4),EU,NF,212.4490555,C,0,137.71527,0.69079113
I,grid_000010,10.4,41,POINT (10.4 41),EU,TF,224.7786356,C,0,109.696335,0.47025144
I,grid_000011,11,41,POINT (11 41),EU,TF,214.8435528,C,0,149.15663,0.19158559
I,grid_000012,11.6,41,POINT (11.6 41),EU,TF,214.7230923,C,0,150.21756,0.21295145
I,grid_000013,12.2,41,POINT (12.2 41),EU,TF,223.2689149,C,0,161.75473,0.21981354
I,grid_000014,12.8,41,POINT (12.8 41),EU,NF,240.9110451,C,0,104.090836,0.3785454
I,grid_000015,13.4,41,POINT (13.4 41),EU,TF,252.7469743,C,0,29.293306,0.21328354
I,grid_000016,14,41,POINT (14 41),EU,NF,251.9954614,C,0,142.63307,0.25183704
I,grid_000017,14.6,41,POINT (14.6 41),EU,TF,248.2318368,C,0,160.94293,0.584557
I,grid_000018,15.2,41,POINT (15.2 41),EU,NF,254.9560222,C,0,139.57956,0.60428405
I,grid_000019,15.8,41,POINT (15.8 41),EU,NF,271.3892873,C,0,143.48607,0.15661001
I,grid_000020,10.4,41.6,POINT (10.4 41.6),EU,TF,288.5396733,C,0,149.54938,0.20817457
I,grid_000021,11,41.6,POINT (11 41.6),EU,TF,281.422245,C,0,149.62595,0.2174361
I,grid_000022,11.6,41.6,POINT (11.6 41.6),EU,TF,281.1254261,C,0,149.7695,0.24461082
I,grid_000023,12.2,41.6,POINT (12.2 41.6),EU,TF,288.7592569,C,0,171.95235,0.30692452
I,grid_000024,12.8,41.6,POINT (12.8 41.6),EU,TF,307.0890562,C,0,146.04095,0.5730928
I,grid_000025,13.4,41.6,POINT (13.4 41.6),EU,NF,316.3765858,C,0,139.28616,0.6457238
I,grid_000026,14,41.6,POINT (14 41.6),EU,NF,317.7933112,C,0,134.96643,0.64492583
I,grid_000027,14.6,41.6,POINT (14.6 41.6),EU,NF,314.8441044,C,0,125.315414,0.78130573
I,grid_000028,15.2,41.6,POINT (15.2 41.6),EU,TF,320.1249526,C,0,147.55592,0.5691744
I,grid_000029,15.8,41.6,POINT (15.8 41.6),EU,TF,326.2702293,C,0,135.73416,0.47696012
I,grid_000030,10.4,42.2,POINT (10.4 42.2),EU,TF,353.1407266,C,0,150.06776,0.21269208
I,grid_000031,11,42.2,POINT (11 42.2),EU,TF,348.0297726,C,0,150.03851,0.24246004
I,grid_000032,11.6,42.2,POINT (11.6 42.2),EU,NF,347.6240549,C,0,135.14937,0.24447542
I,grid_000033,12.2,42.2,POINT (12.2 42.2),EU,NF,354.6832704,C,0,135.8334,0.33059752
I,grid_000034,12.8,42.2,POINT (12.8 42.2),EU,NF,364.7213493,C,0,104.26129,0.536719
I,grid_000035,13.4,42.2,POINT (13.4 42.2),EU,TF,381.0414628,C,0,139.00629,0.8808809
I,grid_000036,14,42.2,POINT (14 42.2),EU,NF,383.8871024,C,0,117.370705,0.5974145
I,grid_000037,14.6,42.2,POINT (14.6 42.2),EU,NF,381.4715736,C,0,141.82385,0.24192694
I,grid_000038,15.2,42.2,POINT (15.2 42.2),EU,NF,385.8019252,C,0,123.34047,0.62088645
I,grid_000039,15.8,42.2,POINT (15.8 42.2),EU,TF,382.8269251,C,0,135.96738,0.42607152
I,grid_000040,10.4,42.8,POINT (10.4 42.8),EU,TF,418.9147581,C,0,150.05179,0.24215908
I,grid_000041,11,42.8,POINT (11 42.8),EU,TF,414.6556217,C,0,149.07843,0.26402044
I,grid_000042,11.6,42.8,POINT (11.6 42.8),EU,NF,414.1759843,C,0,132.80624,0.62130636
I,grid_000043,12.2,42.8,POINT (12.2 42.8),EU,NF,420.8405336,C,0,125.03133,0.67353386
I,grid_000044,12.8,42.8,POINT (12.8 42.8),EU,NF,429.2563157,C,0,130.51021,0.95033216
I,grid_000045,13.4,42.8,POINT (13.4 42.8),EU,NF,446.2949641,C,0,154.0698,0.80736184
I,grid_000046,14,42.8,POINT (14 42.8),EU,TF,450.1496132,C,0,58.223946,0.5353153
I,grid_000047,14.6,42.8,POINT (14.6 42.8),EU,TF,448.1105943,C,0,39.33772,0.36735117
I,grid_000048,15.2,42.8,POINT (15.2 42.8),EU,TF,451.7685241,C,0,23.130964,0.698503
I,grid_000049,15.8,42.8,POINT (15.8 42.8),EU,TF,442.2061075,C,0,17.467928,0.27670872
I,grid_000050,10.4,43.4,POINT (10.4 43.4),EU,TF,484.9346651,C,0,146.54408,0.30655074
I,grid_000051,11,43.4,POINT (11 43.4),EU,NF,481.2681428,C,0,129.37906,0.7544431
I,grid_000052,11.6,43.4,POINT (11.6 43.4),EU,TF,480.762003,C,0,134.09111,0.5025649
I,grid_000053,12.2,43.4,POINT (12.2 43.4),EU,TF,486.5677698,C,0,132.86768,0.87024736
I,grid_000054,12.8,43.4,POINT (12.8 43.4),EU,NF,494.3589553,C,0,138.72281,0.80432016
I,grid_000055,13.4,43.4,POINT (13.4 43.4),EU,TF,511.9147892,C,0,151.70575,0.7443804
I,grid_000056,14,43.4,POINT (14 43.4),EU,TF,516.518636,C,0,14.922163,0.661992
I,grid_000057,14.6,43.4,POINT (14.6 43.4),EU,TF,514.7594116,C,0,28.210472,0.31270516
I,grid_000058,15.2,43.4,POINT (15.2 43.4),EU,TF,517.9168068,C,0,10.58355,0.63239425
I,grid_000059,15.8,43.4,POINT (15.8 43.4),EU,TF,503.4127851,C,0,26.760921,0.44639194
I,grid_000060,10.4,44,POINT (10.4 44),EU,TF,551.1146455,C,0,114.55374,0.60810226
I,grid_000061,11,44,POINT (11 44),EU,NF,547.8847063,A,0,127.54481,0.7327306
I,grid_000062,11.6,44,POINT (11.6 44),EU,NF,547.3722422,C,0,126.798134,0.82152283
I,grid_000063,12.2,44,POINT (12.2 44),EU,NF,552.256697,C,0,150.24893,0.6071837
I,grid_000064,12.8,44,POINT (12.8 44),EU,NF,559.8337735,C,0,179.69334,0.2974115
I,grid_000065,13.4,44,POINT (13.4 44),EU,TF,577.7785745,C,0,36.697525,0.82101953
I,grid_000066,14,44,POINT (14 44),EU,SS,582.9602085,C,0,148.27356,0.31295675
I,grid_000067,14.6,44,POINT (14.6 44),EU,TF,581.4170785,C,0,22.269262,0.24898157
I,grid_000068,15.2,44,POINT (15.2 44),EU,SS,583.6743268,C,0,20.80089,0.20407997
I,grid_000069,15.8,44,POINT (15.8 44),EU,TF,565.8567309,C,0,19.634806,0.3882523
I,grid_000070,10.4,44.6,POINT (10.4 44.6),EU,NF,617.4055081,C,0,13.521508,0.6513587
I,grid_000071,11,44.6,POINT (11 44.6),EU,NF,614.5079316,C,0,158.70738,0.39738542
I,grid_000072,11.6,44.6,POINT (11.6 44.6),EU,TF,614.001114,C,0,9.982513,0.4448015
I,grid_000073,12.2,44.6,POINT (12.2 44.6),EU,TF,617.9450159,C,0,163.33917,0.4283744
I,grid_000074,12.8,44.6,POINT (12.8 44.6),EU,TF,625.5661705,C,0,143.02614,0.4609521
I,grid_000075,13.4,44.6,POINT (13.4 44.6),EU,TF,643.8136391,C,0,150.86314,0.2671073
I,grid_000076,14,44.6,POINT (14 44.6),EU,TF,649.4542343,C,0,151.14467,0.22704203
I,grid_000077,14.6,44.6,POINT (14.6 44.6),EU,TF,648.0830386,C,0,157.67018,0.24666947
I,grid_000078,15.2,44.6,POINT (15.2 44.6),EU,TF,645.0875221,C,0,30.598087,0.28479758
I,grid_000079,15.8,44.6,POINT (15.8 44.6),EU,NF,629.1719002,C,0,168.0033,0.12452595
