AZI_PRED,LON,LAT,Grid_label,ID,STR
146.09721,10,40,A,grid_000000,0.20806843
148.62918,10.6,40,A,grid_000001,0.19706874
153.76913,11.2,40,A,grid_000002,0.1967683
23.854845,11.8,40,A,grid_000003,0.12385826
28.803164,12.4,40,A,grid_000004,0.1513665
29.135763,13,40,A,grid_000005,0.14631557
29.270535,13.6,40,A,grid_000006,0.16697693
29.174147,14.2,40,A,grid_000007,0.17999825
28.352116,14.8,40,A,grid_000008,0.13576399
115.81644,15.4,40,A,grid_000009,0.5471488
149.70204,16,40,A,grid_000010,0.69631
123.43625,10,40.6,A,grid_000011,0.31987035
147.70602,10.6,40.6,A,grid_000012,0.19893217
149.4502,11.2,40.6,A,grid_000013,0.19661133
160.53012,11.8,40.6,A,grid_000014,0.21127611
27.702757,12.4,40.6,A,grid_000015,0.21724367
29.508904,13,40.6,A,grid_000016,0.17823388
141.19125,13.6,40.6,A,grid_000017,0.13330954
141.04922,14.2,40.6,A,grid_000018,0.18858667
161.01366,14.8,40.6,A,grid_000019,0.17566663
128.08453,15.4,40.6,A,grid_000020,0.72281367
145.4879,16,40.6,A,grid_000021,0.31754932
100.080925,10,41.2,A,grid_000022,0.4368914
148.89606,10.6,41.2,A,grid_000023,0.1855122
149.41017,11.2,41.2,A,grid_000024,0.20980287
150.7795,11.8,41.2,A,grid_000025,0.21263199
12.3280325,12.4,41.2,A,grid_000026,0.39922082
138.62901,13,41.2,A,grid_000027,0.15895379
151.93109,13.6,41.2,A,grid_000028,0.37759787
137.04596,14.2,41.2,A,grid_000029,0.602199
155.45181,14.8,41.2,A,grid_000030,0.6266557
145.9283,15.4,41.2,A,grid_000031,0.22684672
141.98412,16,41.2,A,grid_000032,0.14278287
149.79665,10,41.8,A,grid_000033,0.18474154
149.76479,10.6,41.8,A,grid_000034,0.20433779
149.75455,11.2,41.8,A,grid_000035,0.21351683
135.665,11.8,41.8,A,grid_000036,0.27972406
140.75462,12.4,41.8,A,grid_000037,0.5457981
169.04808,13,41.8,A,grid_000038,0.68632185
137.04865,13.6,41.8,A,grid_000039,0.74536526
138.53038,14.2,41.8,A,grid_000040,0.60207856
128.86862,14.8,41.8,A,grid_000041,0.79530066
145.11499,15.4,41.8,A,grid_000042,0.58970374
138.57153,16,41.8,A,grid_000043,0.5127107
150.23962,10,42.4,A,grid_000044,0.20149168
150.1749,10.6,42.4,A,grid_000045,0.24527447
150.14839,11.2,42.4,A,grid_000046,0.24587142
143.85211,11.8,42.4,A,grid_000047,0.33548516
109.29333,12.4,42.4,A,grid_000048,0.5944273
136.89108,13,42.4,A,grid_000049,0.8233485
126.68958,13.6,42.4,A,grid_000050,0.8326583
30.10705,14.2,42.4,A,grid_000051,0.30267295
144.00827,14.8,42.4,A,grid_000052,0.2911768
120.02053,15.4,42.4,A,grid_000053,0.6197176
32.760994,16,42.4,A,grid_000054,0.6750854
150.41176,10,43,A,grid_000055,0.22098894
124.79462,10.6,43,A,grid_000056,0.40488827
131.42682,11.2,43,A,grid_000057,0.37195393
133.1064,11.8,43,A,grid_000058,0.69385386
133.42545,12.4,43,A,grid_000059,0.8255377
142.35881,13,43,A,grid_000060,0.96063083
94.84065,13.6,43,A,grid_000061,0.71773434
63.944473,14.2,43,A,grid_000062,0.6824974
21.726366,14.8,43,A,grid_000063,0.6587644
27.63754,15.4,43,A,grid_000064,0.79983956
174.92355,16,43,A,grid_000065,0.38234836
144.93866,10,43.6,A,grid_000066,0.3991467
143.5552,10.6,43.6,A,grid_000067,0.38753283
130.04941,11.2,43.6,A,grid_000068,0.8689801
145.29439,11.8,43.6,A,grid_000069,0.74134886
128.73691,12.4,43.6,A,grid_000070,0.8948343
164.27142,13,43.6,A,grid_000071,0.6779534
26.1411,13.6,43.6,A,grid_000072,0.7212504
8.590286,14.2,43.6,A,grid_000073,0.4012339
29.097462,14.8,43.6,A,grid_000074,0.29463565
28.540075,15.4,43.6,A,grid_000075,0.26476192
25.801857,16,43.6,A,grid_000076,0.58156615
116.23037,10,44.2,A,grid_000077,0.76180506
123.29995,10.6,44.2,A,grid_000078,0.7162339
153.59283,11.2,44.2,A,grid_000079,0.7535759
21.639076,11.8,44.2,A,grid_000080,0.7937137
115.19816,12.4,44.2,A,grid_000081,0.75456256
21.608807,13,44.2,A,grid_000082,0.40123695
10.704679,13.6,44.2,A,grid_000083,0.3993905
153.72057,14.2,44.2,A,grid_000084,0.2720613
24.823757,14.8,44.2,A,grid_000085,0.21959001
35.526627,15.4,44.2,A,grid_000086,0.4891914
11.845271,16,44.2,A,grid_000087,0.48764282
37.421467,10,44.8,A,grid_000088,0.46262613
163.48656,10.6,44.8,A,grid_000089,0.75846237
14.1200905,11.2,44.8,A,grid_000090,0.7865975
176.04695,11.8,44.8,A,grid_000091,0.31691182
134.37692,12.4,44.8,A,grid_000092,0.30220163
133.03027,13,44.8,A,grid_000093,0.27404147
132.94478,13.6,44.8,A,grid_000094,0.24207722
152.28194,14.2,44.8,A,grid_000095,0.26699775
178.15118,14.8,44.8,A,grid_000096,0.5829135
6.7228723,15.4,44.8,A,grid_000097,0.37802267
24.56325,16,44.8,A,grid_000098,0.30725384
148.47331,10.2,40,B,grid_000000,0.18974647
149.04309,10.8,40,B,grid_000001,0.18420418
162.0004,11.4,40,B,grid_000002,0.20784295
27.140194,12,40,B,grid_000003,0.13916947
28.979286,12.6,40,B,grid_000004,0.18985605
29.197,13.2,40,B,grid_000005,0.16693996
29.230146,13.8,40,B,grid_000006,0.14003184
29.140068,14.4,40,B,grid_000007,0.17422602
118.77501,15,40,B,grid_000008,0.29674026
133.63065,15.6,40,B,grid_000009,0.30605775
117.4621,10.2,40.6,B,grid_000010,0.3327864
148.86652,10.8,40.6,B,grid_000011,0.19878645
150.44005,11.4,40.6,B,grid_000012,0.18167092
164.39503,12,40.6,B,grid_000013,0.11139915
11.257025,12.6,40.6,B,grid_000014,0.061650947
29.533539,13.2,40.6,B,grid_000015,0.2023383
29.686037,13.8,40.6,B,grid_000016,0.2332848
29.594532,14.4,40.6,B,grid_000017,0.19484024
15.818809,15,40.6,B,grid_000018,0.48813415
135.53137,15.6,40.6,B,grid_000019,0.6951252
108.859474,10.2,41.2,B,grid_000020,0.34083188
149.31522,10.8,41.2,B,grid_000021,0.18973884
149.53613,11.4,41.2,B,grid_000022,0.22622038
157.84337,12,41.2,B,grid_000023,0.2237503
133.52641,12.6,41.2,B,grid_000024,0.26041052
29.126556,13.2,41.2,B,grid_000025,0.25582582
145.1777,13.8,41.2,B,grid_000026,0.5900302
137.54214,14.4,41.2,B,grid_000027,0.64987373
153.61385,15,41.2,B,grid_000028,0.54712355
29.283604,15.6,41.2,B,grid_000029,0.19784087
149.8048,10.2,41.8,B,grid_000030,0.18899542
149.75484,10.8,41.8,B,grid_000031,0.22500294
149.77032,11.4,41.8,B,grid_000032,0.24223626
135.90147,12,41.8,B,grid_000033,0.2847049
141.26535,12.6,41.8,B,grid_000034,0.7285925
172.90936,13.2,41.8,B,grid_000035,0.5973183
129.29256,13.8,41.8,B,grid_000036,0.6683437
132.97061,14.4,41.8,B,grid_000037,0.56434816
131.72256,15,41.8,B,grid_000038,0.7863188
138.63591,15.6,41.8,B,grid_000039,0.60246
150.20946,10.2,42.4,B,grid_000040,0.21954182
146.52013,10.8,42.4,B,grid_000041,0.25493535
150.03941,11.4,42.4,B,grid_000042,0.27257985
141.6527,12,42.4,B,grid_000043,0.3530963
103.75093,12.6,42.4,B,grid_000044,0.6495198
145.0179,13.2,42.4,B,grid_000045,0.917279
137.56534,13.8,42.4,B,grid_000046,0.5787375
29.987465,14.4,42.4,B,grid_000047,0.33109856
121.18054,15,42.4,B,grid_000048,0.681117
9.395982,15.6,42.4,B,grid_000049,0.19582108
150.21439,10.2,43,B,grid_000050,0.21249133
120.71759,10.8,43,B,grid_000051,0.4918686
144.33853,11.4,43,B,grid_000052,0.39634913
133.58902,12,43,B,grid_000053,0.6927902
134.21936,12.6,43,B,grid_000054,0.93767637
152.86453,13.2,43,B,grid_000055,0.9525801
76.60038,13.8,43,B,grid_000056,0.6023629
58.692093,14.4,43,B,grid_000057,0.6058038
21.576061,15,43,B,grid_000058,0.7954536
26.242933,15.6,43,B,grid_000059,0.6809081
143.0721,10.2,43.6,B,grid_000060,0.5175917
127.809906,10.8,43.6,B,grid_000061,0.63408685
131.72687,11.4,43.6,B,grid_000062,0.80469376
139.90132,12,43.6,B,grid_000063,0.8225327
128.46996,12.6,43.6,B,grid_000064,0.7704528
152.89813,13.2,43.6,B,grid_000065,0.6740254
22.987555,13.8,43.6,B,grid_000066,0.78766567
25.682034,14.4,43.6,B,grid_000067,0.29485095
27.234049,15,43.6,B,grid_000068,0.29160148
27.50835,15.6,43.6,B,grid_000069,0.2974627
107.66942,10.2,44.2,B,grid_000070,0.7764419
125.55406,10.8,44.2,B,grid_000071,0.65784335
149.23344,11.4,44.2,B,grid_000072,0.7469477
21.273308,12,44.2,B,grid_000073,0.83345586
118.71146,12.6,44.2,B,grid_000074,0.66250753
29.051544,13.2,44.2,B,grid_000075,0.63413095
152.56248,13.8,44.2,B,grid_000076,0.28308913
160.63129,14.4,44.2,B,grid_000077,0.26253507
28.954863,15,44.2,B,grid_000078,0.24717924
33.046127,15.6,44.2,B,grid_000079,0.41213965
56.398655,10.2,44.8,B,grid_000080,0.46568283
168.15027,10.8,44.8,B,grid_000081,0.7386769
15.925009,11.4,44.8,B,grid_000082,0.7650945
150.99521,12,44.8,B,grid_000083,0.27984273
135.10184,12.6,44.8,B,grid_000084,0.31347847
132.89803,13.2,44.8,B,grid_000085,0.275508
133.0001,13.8,44.8,B,grid_000086,0.24592018
170.77231,14.4,44.8,B,grid_000087,0.38885856
171.35399,15,44.8,B,grid_000088,0.41599318
13.441653,15.6,44.8,B,grid_000089,0.5466676
148.49515,10.4,40,C,grid_000000,0.19152527
150.19862,11,40,C,grid_000001,0.19164433
10.689851,11.6,40,C,grid_000002,0.1304141
28.311214,12.2,40,C,grid_000003,0.12129001
29.068958,12.8,40,C,grid_000004,0.10445996
29.273335,13.4,40,C,grid_000005,0.1778529
29.206142,14,40,C,grid_000006,0.17129621
29.108658,14.6,40,C,grid_000007,0.18965593
115.87758,15.2,40,C,grid_000008,0.50598884
150.43497,15.8,40,C,grid_000009,0.5576179
133.96071,10.4,40.6,C,grid_000010,0.23851027
149.04903,11,40.6,C,grid_000011,0.16829415
153.1157,11.6,40.6,C,grid_000012,0.20484112
23.630402,12.2,40.6,C,grid_000013,0.17456907
29.577536,12.8,40.6,C,grid_000014,0.20932184
29.723412,13.4,40.6,C,grid_000015,0.21195148
141.08556,14,40.6,C,grid_000016,0.08950274
141.59323,14.6,40.6,C,grid_000017,0.19173697
138.55399,15.2,40.6,C,grid_000018,0.42289177
144.26318,15.8,40.6,C,grid_000019,0.5738306
142.78514,10.4,41.2,C,grid_000020,0.20239359
149.35443,11,41.2,C,grid_000021,0.20540045
149.90225,11.6,41.2,C,grid_000022,0.22706704
2.4464743,12.2,41.2,C,grid_000023,0.3570478
119.86034,12.8,41.2,C,grid_000024,0.22734381
21.91207,13.4,41.2,C,grid_000025,0.19435145
143.60007,14,41.2,C,grid_000026,0.62081015
149.6888,14.6,41.2,C,grid_000027,0.6643878
150.57103,15.2,41.2,C,grid_000028,0.42303288
142.18292,15.8,41.2,C,grid_000029,0.09895742
149.78308,10.4,41.8,C,grid_000030,0.21051155
149.75171,11,41.8,C,grid_000031,0.22972849
149.81686,11.6,41.8,C,grid_000032,0.2610338
137.55304,12.2,41.8,C,grid_000033,0.32853627
144.7947,12.8,41.8,C,grid_000034,0.74198526
138.58757,13.4,41.8,C,grid_000035,0.69950086
131.82906,14,41.8,C,grid_000036,0.62076116
130.521,14.6,41.8,C,grid_000037,0.71276206
143.86852,15.2,41.8,C,grid_000038,0.6264727
134.15497,15.8,41.8,C,grid_000039,0.50574034
150.1878,10.4,42.4,C,grid_000040,0.22080457
146.53302,11,42.4,C,grid_000041,0.2654154
149.05762,11.6,42.4,C,grid_000042,0.2756837
122.14572,12.2,42.4,C,grid_000043,0.38848722
126.73016,12.8,42.4,C,grid_000044,0.5717559
140.16162,13.4,42.4,C,grid_000045,0.91960466
136.00806,14,42.4,C,grid_000046,0.3354662
29.371656,14.6,42.4,C,grid_000047,0.27424714
120.80208,15.2,42.4,C,grid_000048,0.69537616
32.4769,15.8,42.4,C,grid_000049,0.53312075
142.63412,10.4,43,C,grid_000050,0.27856776
124.9043,11,43,C,grid_000051,0.48014683
132.75717,11.6,43,C,grid_000052,0.55156875
130.87408,12.2,43,C,grid_000053,0.64577353
135.04684,12.8,43,C,grid_000054,0.9788317
160.29547,13.4,43,C,grid_000055,0.7883506
63.609222,14,43,C,grid_000056,0.6936291
37.19105,14.6,43,C,grid_000057,0.37019575
23.870827,15.2,43,C,grid_000058,0.8302614
167.31665,15.8,43,C,grid_000059,0.46897724
143.75842,10.4,43.6,C,grid_000060,0.50133467
130.29288,11,43.6,C,grid_000061,0.8182286
135.08723,11.6,43.6,C,grid_000062,0.5676544
130.23581,12.2,43.6,C,grid_000063,0.8757951
159.17758,12.8,43.6,C,grid_000064,0.6232482
143.89046,13.4,43.6,C,grid_000065,0.5927873
17.925938,14,43.6,C,grid_000066,0.6966696
28.813076,14.6,43.6,C,grid_000067,0.26329118
26.733263,15.2,43.6,C,grid_000068,0.30825955
24.679413,15.8,43.6,C,grid_000069,0.46356815
114.630035,10.4,44.2,C,grid_000070,0.7185175
130.1258,11,44.2,C,grid_000071,0.66839176
133.35966,11.6,44.2,C,grid_000072,0.75375664
27.790892,12.2,44.2,C,grid_000073,0.7687949
143.64177,12.8,44.2,C,grid_000074,0.34386265
26.086977,13.4,44.2,C,grid_000075,0.6357789
147.5883,14,44.2,C,grid_000076,0.28203365
3.393534,14.6,44.2,C,grid_000077,0.23547691
34.113873,15.2,44.2,C,grid_000078,0.38007492
16.599998,15.8,44.2,C,grid_000079,0.4777254
154.64023,10.4,44.8,C,grid_000080,0.6071041
10.625598,11,44.8,C,grid_000081,0.73821914
15.896186,11.6,44.8,C,grid_000082,0.67385995
150.97694,12.2,44.8,C,grid_000083,0.2577089
134.02791,12.8,44.8,C,grid_000084,0.29039222
150.80533,13.4,44.8,C,grid_000085,0.24688216
150.8958,14,44.8,C,grid_000086,0.23593992
0.7205782,14.6,44.8,C,grid_000087,0.5662992
9.461199,15.2,44.8,C,grid_000088,0.29403323
11.828003,15.8,44.8,C,grid_000089,0.4946549
148.65952,10,40.2,D,grid_000000,0.1747635
148.67133,10.6,40.2,D,grid_000001,0.1924022
150.95828,11.2,40.2,D,grid_000002,0.18496706
16.637953,11.8,40.2,D,grid_000003,0.13766307
28.676857,12.4,40.2,D,grid_000004,0.17032915
29.265083,13,40.2,D,grid_000005,0.16191047
29.42056,13.6,40.2,D,grid_000006,0.20290881
29.329334,14.2,40.2,D,grid_000007,0.18680105
28.897198,14.8,40.2,D,grid_000008,0.1791091
118.77052,15.4,40.2,D,grid_000009,0.597057
141.77472,16,40.2,D,grid_000010,0.5058866
103.303795,10,40.8,D,grid_000011,0.63680184
140.26036,10.6,40.8,D,grid_000012,0.23131534
149.31804,11.2,40.8,D,grid_000013,0.19530717
154.51584,11.8,40.8,D,grid_000014,0.22069743
69.658646,12.4,40.8,D,grid_000015,0.20743367
31.036058,13,40.8,D,grid_000016,0.18201885
29.757153,13.6,40.8,D,grid_000017,0.19387144
141.52492,14.2,40.8,D,grid_000018,0.15499255
147.47049,14.8,40.8,D,grid_000019,0.36492974
126.93952,15.4,40.8,D,grid_000020,0.7721647
147.33138,16,40.8,D,grid_000021,0.2899044
100.55886,10,41.4,D,grid_000022,0.4894845
149.37236,10.6,41.4,D,grid_000023,0.19906768
149.52696,11.2,41.4,D,grid_000024,0.20270124
150.23672,11.8,41.4,D,grid_000025,0.24354601
6.7682,12.4,41.4,D,grid_000026,0.50087214
25.749897,13,41.4,D,grid_000027,0.25590533
144.85011,13.6,41.4,D,grid_000028,0.59748995
132.55003,14.2,41.4,D,grid_000029,0.7603541
139.01456,14.8,41.4,D,grid_000030,0.61630815
22.264328,15.4,41.4,D,grid_000031,0.1828754
172.90143,16,41.4,D,grid_000032,0.17259185
149.9937,10,42,D,grid_000033,0.18543272
149.91814,10.6,42,D,grid_000034,0.20650631
149.89847,11.2,42,D,grid_000035,0.23755306
149.88545,11.8,42,D,grid_000036,0.2791394
144.20802,12.4,42,D,grid_000037,0.587517
146.44066,13,42,D,grid_000038,0.5738975
138.27377,13.6,42,D,grid_000039,0.7777263
136.11017,14.2,42,D,grid_000040,0.51166666
133.26263,14.8,42,D,grid_000041,0.68120515
157.11945,15.4,42,D,grid_000042,0.5611797
133.66592,16,42,D,grid_000043,0.3525126
150.20049,10,42.6,D,grid_000044,0.1571276
134.70654,10.6,42.6,D,grid_000045,0.22472513
150.26782,11.2,42.6,D,grid_000046,0.3133895
124.67818,11.8,42.6,D,grid_000047,0.63608545
109.64415,12.4,42.6,D,grid_000048,0.7433617
139.12944,13,42.6,D,grid_000049,0.9024533
145.13354,13.6,42.6,D,grid_000050,0.7221927
137.98314,14.2,42.6,D,grid_000051,0.1950531
139.94339,14.8,42.6,D,grid_000052,0.2733728
135.25352,15.4,42.6,D,grid_000053,0.3487372
32.704002,16,42.6,D,grid_000054,0.5870043
133.93726,10,43.2,D,grid_000055,0.24827257
123.097336,10.6,43.2,D,grid_000056,0.4718495
130.57817,11.2,43.2,D,grid_000057,0.6820418
139.928,11.8,43.2,D,grid_000058,0.43974754
138.23805,12.4,43.2,D,grid_000059,0.8859595
140.76208,13,43.2,D,grid_000060,0.8862305
93.43559,13.6,43.2,D,grid_000061,0.5949673
55.2479,14.2,43.2,D,grid_000062,0.5242076
12.499094,14.8,43.2,D,grid_000063,0.6150348
27.8044,15.4,43.2,D,grid_000064,0.83828676
20.533207,16,43.2,D,grid_000065,0.303387
143.97575,10,43.8,D,grid_000066,0.28931904
150.25812,10.6,43.8,D,grid_000067,0.34816903
130.26305,11.2,43.8,D,grid_000068,0.7821948
130.56638,11.8,43.8,D,grid_000069,0.877347
141.79305,12.4,43.8,D,grid_000070,0.70817834
26.29536,13,43.8,D,grid_000071,0.4021909
66.00582,13.6,43.8,D,grid_000072,0.502975
166.423,14.2,43.8,D,grid_000073,0.31855184
29.189816,14.8,43.8,D,grid_000074,0.2757945
30.097784,15.4,43.8,D,grid_000075,0.2422702
24.099804,16,43.8,D,grid_000076,0.5183867
122.66565,10,44.4,D,grid_000077,0.6898123
179.18028,10.6,44.4,D,grid_000078,0.52601665
163.92973,11.2,44.4,D,grid_000079,0.6616485
23.142252,11.8,44.4,D,grid_000080,0.7456824
161.12114,12.4,44.4,D,grid_000081,0.55346674
145.22345,13,44.4,D,grid_000082,0.33656365
152.43327,13.6,44.4,D,grid_000083,0.2859313
152.15752,14.2,44.4,D,grid_000084,0.23358409
13.696468,14.8,44.4,D,grid_000085,0.23004611
34.60403,15.4,44.4,D,grid_000086,0.5654764
22.962292,16,44.4,D,grid_000087,0.39580458
41.692776,10,45,D,grid_000088,0.39507446
158.55724,10.6,45,D,grid_000089,0.6217145
13.613385,11.2,45,D,grid_000090,0.81008387
144.67812,11.8,45,D,grid_000091,0.2853922
150.45792,12.4,45,D,grid_000092,0.26849145
133.02968,13,45,D,grid_000093,0.2565655
133.509,13.6,45,D,grid_000094,0.2162576
154.51427,14.2,45,D,grid_000095,0.2663676
1.8285363,14.8,45,D,grid_000096,0.7079737
11.360495,15.4,45,D,grid_000097,0.5326526
21.850555,16,45,D,grid_000098,0.36946255
148.61505,10.2,40.2,E,grid_000000,0.18973692
148.85399,10.8,40.2,E,grid_000001,0.19689985
155.59119,11.4,40.2,E,grid_000002,0.20291615
25.42786,12,40.2,E,grid_000003,0.14957789
29.027983,12.6,40.2,E,grid_000004,0.15838763
29.328915,13.2,40.2,E,grid_000005,0.17860268
29.38021,13.8,40.2,E,grid_000006,0.19229655
29.31553,14.4,40.2,E,grid_000007,0.17405644
119.198456,15,40.2,E,grid_000008,0.27361143
137.11475,15.6,40.2,E,grid_000009,0.6192659
103.23813,10.2,40.8,E,grid_000010,0.645827
148.79825,10.8,40.8,E,grid_000011,0.18676421
149.81067,11.4,40.8,E,grid_000012,0.19185668
163.22794,12,40.8,E,grid_000013,0.2160145
90.11497,12.6,40.8,E,grid_000014,0.27624717
13.342165,13.2,40.8,E,grid_000015,0.10635637
29.742231,13.8,40.8,E,grid_000016,0.2283957
26.346252,14.4,40.8,E,grid_000017,0.20199995
135.94302,15,40.8,E,grid_000018,0.572544
132.15964,15.6,40.8,E,grid_000019,0.70337504
114.29138,10.2,41.4,E,grid_000020,0.28608
149.46414,10.8,41.4,E,grid_000021,0.21209286
149.59578,11.4,41.4,E,grid_000022,0.21917924
157.08751,12,41.4,E,grid_000023,0.26384565
13.427124,12.6,41.4,E,grid_000024,0.49282873
20.115934,13.2,41.4,E,grid_000025,0.2336044
142.2093,13.8,41.4,E,grid_000026,0.6850292
129.39545,14.4,41.4,E,grid_000027,0.78509396
145.88208,15,41.4,E,grid_000028,0.55064535
19.947153,15.6,41.4,E,grid_000029,0.15681854
149.96547,10.2,42,E,grid_000030,0.18969886
149.90668,10.8,42,E,grid_000031,0.23948205
149.9045,11.4,42,E,grid_000032,0.26534146
149.90044,12,42,E,grid_000033,0.27859712
143.9773,12.6,42,E,grid_000034,0.6977636
147.05429,13.2,42,E,grid_000035,0.5220905
127.67081,13.8,42,E,grid_000036,0.69923115
15.568485,14.4,42,E,grid_000037,0.2508702
132.90906,15,42,E,grid_000038,0.61572313
154.15224,15.6,42,E,grid_000039,0.5498282
150.30925,10.2,42.6,E,grid_000040,0.21044083
150.2662,10.8,42.6,E,grid_000041,0.24774486
153.0533,11.4,42.6,E,grid_000042,0.40527368
124.848526,12,42.6,E,grid_000043,0.6581115
113.51965,12.6,42.6,E,grid_000044,0.8450893
145.13345,13.2,42.6,E,grid_000045,0.9350066
136.16034,13.8,42.6,E,grid_000046,0.4244755
34.70634,14.4,42.6,E,grid_000047,0.35207185
131.09882,15,42.6,E,grid_000048,0.4318563
28.379484,15.6,42.6,E,grid_000049,0.22655423
133.90002,10.2,43.2,E,grid_000050,0.24169198
122.86714,10.8,43.2,E,grid_000051,0.61933315
130.06041,11.4,43.2,E,grid_000052,0.6248717
131.12363,12,43.2,E,grid_000053,0.5433543
137.02478,12.6,43.2,E,grid_000054,0.89097095
141.2809,13.2,43.2,E,grid_000055,0.7381172
79.91121,13.8,43.2,E,grid_000056,0.37295613
41.416706,14.4,43.2,E,grid_000057,0.3769073
15.640304,15,43.2,E,grid_000058,0.7915082
27.609554,15.6,43.2,E,grid_000059,0.749539
5.891702,10.2,43.8,E,grid_000060,0.4480874
131.30527,10.8,43.8,E,grid_000061,0.41429543
130.55896,11.4,43.8,E,grid_000062,0.7500801
137.30856,12,43.8,E,grid_000063,0.8689608
149.00275,12.6,43.8,E,grid_000064,0.5862867
47.644432,13.2,43.8,E,grid_000065,0.6977668
169.61487,13.8,43.8,E,grid_000066,0.2920851
18.243162,14.4,43.8,E,grid_000067,0.2756663
29.844429,15,43.8,E,grid_000068,0.27045614
28.614336,15.6,43.8,E,grid_000069,0.2795826
13.434598,10.2,44.4,E,grid_000070,0.5509093
3.0255828,10.8,44.4,E,grid_000071,0.516969
167.37206,11.4,44.4,E,grid_000072,0.5672841
17.69447,12,44.4,E,grid_000073,0.7827948
140.50206,12.6,44.4,E,grid_000074,0.6082679
153.56062,13.2,44.4,E,grid_000075,0.30527368
151.1196,13.8,44.4,E,grid_000076,0.26645342
154.84032,14.4,44.4,E,grid_000077,0.24556255
27.296535,15,44.4,E,grid_000078,0.2593207
33.377804,15.6,44.4,E,grid_000079,0.49878132
47.832767,10.2,45,E,grid_000080,0.33674428
178.15598,10.8,45,E,grid_000081,0.64696586
14.964641,11.4,45,E,grid_000082,0.7813687
147.42456,12,45,E,grid_000083,0.27773598
150.68687,12.6,45,E,grid_000084,0.24580556
132.95622,13.2,45,E,grid_000085,0.260818
133.32008,13.8,45,E,grid_000086,0.24892657
3.7006395,14.4,45,E,grid_000087,0.566414
166.7879,15,45,E,grid_000088,0.5780427
15.165738,15.6,45,E,grid_000089,0.63398397
148.60991,10.4,40.2,F,grid_000000,0.2008181
149.41061,11,40.2,F,grid_000001,0.16774374
165.85135,11.6,40.2,F,grid_000002,0.19504985
27.792997,12.2,40.2,F,grid_000003,0.17592537
29.18015,12.8,40.2,F,grid_000004,0.19022526
29.42042,13.4,40.2,F,grid_000005,0.11215922
29.35452,14,40.2,F,grid_000006,0.17483254
29.223927,14.6,40.2,F,grid_000007,0.17160782
117.26289,15.2,40.2,F,grid_000008,0.550332
140.15063,15.8,40.2,F,grid_000009,0.6236067
107.201515,10.4,40.8,F,grid_000010,0.5353143
149.0384,11,40.8,F,grid_000011,0.20131335
151.08482,11.6,40.8,F,grid_000012,0.19245148
14.522062,12.2,40.8,F,grid_000013,0.18281206
67.38399,12.8,40.8,F,grid_000014,0.16429152
29.74062,13.4,40.8,F,grid_000015,0.1350805
141.46857,14,40.8,F,grid_000016,0.11322266
149.76949,14.6,40.8,F,grid_000017,0.28892028
127.922676,15.2,40.8,F,grid_000018,0.7292986
148.22934,15.8,40.8,F,grid_000019,0.50271297
148.07605,10.4,41.4,F,grid_000020,0.21816452
149.50351,11,41.4,F,grid_000021,0.19567855
149.78583,11.6,41.4,F,grid_000022,0.24259245
8.841678,12.2,41.4,F,grid_000023,0.41997218
24.292223,12.8,41.4,F,grid_000024,0.23554263
148.98985,13.4,41.4,F,grid_000025,0.43025202
138.7467,14,41.4,F,grid_000026,0.742909
130.90955,14.6,41.4,F,grid_000027,0.745531
160.97285,15.2,41.4,F,grid_000028,0.3615275
17.789335,15.8,41.4,F,grid_000029,0.14189215
149.93427,10.4,42,F,grid_000030,0.22233245
149.90028,11,42,F,grid_000031,0.22560903
149.91905,11.6,42,F,grid_000032,0.28101498
147.5673,12.2,42,F,grid_000033,0.36039576
143.24768,12.8,42,F,grid_000034,0.694254
138.91034,13.4,42,F,grid_000035,0.7720999
125.6642,14,42,F,grid_000036,0.63738245
138.88123,14.6,42,F,grid_000037,0.5184438
145.12184,15.2,42,F,grid_000038,0.4887271
132.16983,15.8,42,F,grid_000039,0.4497643
150.2944,10.4,42.6,F,grid_000040,0.22935346
150.23184,11,42.6,F,grid_000041,0.24900076
138.82706,11.6,42.6,F,grid_000042,0.42730343
121.510925,12.2,42.6,F,grid_000043,0.5732457
123.75363,12.8,42.6,F,grid_000044,0.8647852
153.67361,13.4,42.6,F,grid_000045,0.89856786
136.95976,14,42.6,F,grid_000046,0.22546783
31.342163,14.6,42.6,F,grid_000047,0.30749488
127.0215,15.2,42.6,F,grid_000048,0.5544561
31.548008,15.8,42.6,F,grid_000049,0.4375038
141.79314,10.4,43.2,F,grid_000050,0.28238207
127.79531,11,43.2,F,grid_000051,0.6686181
135.38168,11.6,43.2,F,grid_000052,0.4706642
139.0488,12.2,43.2,F,grid_000053,0.77925414
142.01811,12.8,43.2,F,grid_000054,0.9159235
152.21413,13.4,43.2,F,grid_000055,0.6100474
57.543613,14,43.2,F,grid_000056,0.59256506
26.209492,14.6,43.2,F,grid_000057,0.3395018
17.735043,15.2,43.2,F,grid_000058,0.82421046
19.468353,15.8,43.2,F,grid_000059,0.5073472
2.6669488,10.4,43.8,F,grid_000060,0.4427129
131.33377,11,43.8,F,grid_000061,0.6613024
128.50731,11.6,43.8,F,grid_000062,0.7105133
136.59062,12.2,43.8,F,grid_000063,0.80999094
154.69843,12.8,43.8,F,grid_000064,0.515137
53.29826,13.4,43.8,F,grid_000065,0.7174095
159.18121,14,43.8,F,grid_000066,0.30482706
27.027054,14.6,43.8,F,grid_000067,0.2706283
30.06572,15.2,43.8,F,grid_000068,0.23668031
24.940903,15.8,43.8,F,grid_000069,0.43017393
157.01575,10.4,44.4,F,grid_000070,0.49398744
154.87053,11,44.4,F,grid_000071,0.50624967
18.143566,11.6,44.4,F,grid_000072,0.55138034
13.795187,12.2,44.4,F,grid_000073,0.72357035
142.19896,12.8,44.4,F,grid_000074,0.5058743
155.2658,13.4,44.4,F,grid_000075,0.24540317
147.29434,14,44.4,F,grid_000076,0.27195188
163.89378,14.6,44.4,F,grid_000077,0.26078287
34.782036,15.2,44.4,F,grid_000078,0.46066856
18.122732,15.8,44.4,F,grid_000079,0.29329348
148.18343,10.4,45,F,grid_000080,0.39137375
12.34232,11,45,F,grid_000081,0.7588198
12.7549925,11.6,45,F,grid_000082,0.67119175
150.59848,12.2,45,F,grid_000083,0.26088873
150.69934,12.8,45,F,grid_000084,0.25962448
151.0234,13.4,45,F,grid_000085,0.24623795
150.79703,14,45,F,grid_000086,0.24069405
5.1019664,14.6,45,F,grid_000087,0.7167292
165.70277,15.2,45,F,grid_000088,0.4703759
15.023964,15.8,45,F,grid_000089,0.6133093
148.49817,10,40.4,G,grid_000000,0.19099508
148.75774,10.6,40.4,G,grid_000001,0.1919792
149.90926,11.2,40.4,G,grid_000002,0.1979215
174.92343,11.8,40.4,G,grid_000003,0.17891413
14.112029,12.4,40.4,G,grid_000004,0.034957647
29.329292,13,40.4,G,grid_000005,0.16985174
29.561314,13.6,40.4,G,grid_000006,0.16691011
29.454514,14.2,40.4,G,grid_000007,0.2098799
18.128302,14.8,40.4,G,grid_000008,0.36430043
141.23283,15.4,40.4,G,grid_000009,0.45230618
139.25906,16,40.4,G,grid_000010,0.48344624
101.96908,10,41,G,grid_000011,0.6127929
142.85101,10.6,41,G,grid_000012,0.21737438
149.32767,11.2,41,G,grid_000013,0.21658456
151.86763,11.8,41,G,grid_000014,0.2165561
99.53839,12.4,41,G,grid_000015,0.41147137
134.74146,13,41,G,grid_000016,0.14183515
24.675926,13.6,41,G,grid_000017,0.22011092
142.01497,14.2,41,G,grid_000018,0.22135401
155.63887,14.8,41,G,grid_000019,0.6300884
133.74583,15.4,41,G,grid_000020,0.5758713
142.59613,16,41,G,grid_000021,0.16434538
137.33344,10,41.6,G,grid_000022,0.22078925
149.61794,10.6,41.6,G,grid_000023,0.1942878
149.63611,11.2,41.6,G,grid_000024,0.22134748
150.02878,11.8,41.6,G,grid_000025,0.24138495
144.36179,12.4,41.6,G,grid_000026,0.27999523
2.505224,13,41.6,G,grid_000027,0.37742478
139.74042,13.6,41.6,G,grid_000028,0.660525
132.92128,14.2,41.6,G,grid_000029,0.7224449
130.675,14.8,41.6,G,grid_000030,0.7757344
144.55933,15.4,41.6,G,grid_000031,0.5460588
137.88268,16,41.6,G,grid_000032,0.5400983
150.12045,10,42.2,G,grid_000033,0.21719061
150.05415,10.6,42.2,G,grid_000034,0.18959992
150.03654,11.2,42.2,G,grid_000035,0.23366567
150.0596,11.8,42.2,G,grid_000036,0.2858448
148.16383,12.4,42.2,G,grid_000037,0.40303928
114.58725,13,42.2,G,grid_000038,0.61614615
138.82698,13.6,42.2,G,grid_000039,0.85146207
51.44995,14.2,42.2,G,grid_000040,0.21490797
135.66335,14.8,42.2,G,grid_000041,0.3725955
154.23024,15.4,42.2,G,grid_000042,0.46346617
10.525852,16,42.2,G,grid_000043,0.47109723
150.41795,10,42.8,G,grid_000044,0.22195092
146.99725,10.6,42.8,G,grid_000045,0.26263162
153.16245,11.2,42.8,G,grid_000046,0.38907826
122.67481,11.8,42.8,G,grid_000047,0.76215994
125.527985,12.4,42.8,G,grid_000048,0.82211983
144.31937,13,42.8,G,grid_000049,0.90970385
133.8534,13.6,42.8,G,grid_000050,0.66965175
58.889713,14.2,42.8,G,grid_000051,0.6221271
22.612625,14.8,42.8,G,grid_000052,0.5126928
21.337408,15.4,42.8,G,grid_000053,0.58229846
29.584024,16,42.8,G,grid_000054,0.24258679
148.12595,10,43.4,G,grid_000055,0.26020718
138.65631,10.6,43.4,G,grid_000056,0.32874414
130.42545,11.2,43.4,G,grid_000057,0.77791953
144.27757,11.8,43.4,G,grid_000058,0.48263788
135.98956,12.4,43.4,G,grid_000059,0.9375475
163.34164,13,43.4,G,grid_000060,0.7607039
9.296567,13.6,43.4,G,grid_000061,0.7291393
16.083508,14.2,43.4,G,grid_000062,0.33731878
14.995681,14.8,43.4,G,grid_000063,0.41259474
17.30265,15.4,43.4,G,grid_000064,0.5790973
29.630302,16,43.4,G,grid_000065,0.48556387
109.85527,10,44,G,grid_000066,0.68515146
129.87375,10.6,44,G,grid_000067,0.53581995
130.36835,11.2,44,G,grid_000068,0.79679024
126.62181,11.8,44,G,grid_000069,0.8846681
147.16765,12.4,44,G,grid_000070,0.62096846
32.94491,13,44,G,grid_000071,0.64340425
36.75788,13.6,44,G,grid_000072,0.59409773
157.82343,14.2,44,G,grid_000073,0.28543255
27.811066,14.8,44,G,grid_000074,0.2596792
30.625713,15.4,44,G,grid_000075,0.2656897
16.944128,16,44,G,grid_000076,0.47585207
128.90216,10,44.6,G,grid_000077,0.5064697
171.3944,10.6,44.6,G,grid_000078,0.6474
157.76227,11.2,44.6,G,grid_000079,0.33519933
0.5018023,11.8,44.6,G,grid_000080,0.3382145
151.42105,12.4,44.6,G,grid_000081,0.48202157
147.98544,13,44.6,G,grid_000082,0.30403614
150.89925,13.6,44.6,G,grid_000083,0.25748283
151.6209,14.2,44.6,G,grid_000084,0.22216961
167.56212,14.8,44.6,G,grid_000085,0.2824512
32.79403,15.4,44.6,G,grid_000086,0.35466287
24.339901,16,44.6,G,grid_000087,0.32653236
148.35129,10.2,40.4,H,grid_000000,0.18857372
148.85187,10.8,40.4,H,grid_000001,0.18105645
151.93925,11.4,40.4,H,grid_000002,0.18719794
20.799433,12,40.4,H,grid_000003,0.18857378
28.985733,12.6,40.4,H,grid_000004,0.11269349
29.458376,13.2,40.4,H,grid_000005,0.14405376
29.534605,13.8,40.4,H,grid_000006,0.17885175
29.394497,14.4,40.4,H,grid_000007,0.20334381
14.183328,15,40.4,H,grid_000008,0.5943665
137.26144,15.6,40.4,H,grid_000009,0.70336854
102.72725,10.2,41,H,grid_000010,0.64019704
149.0038,10.8,41,H,grid_000011,0.20944326
149.5796,11.4,41,H,grid_000012,0.20303738
156.31766,12,41,H,grid_000013,0.23239352
97.07071,12.6,41,H,grid_000014,0.51505476
141.54327,13.2,41,H,grid_000015,0.13580987
15.176915,13.8,41,H,grid_000016,0.20344743
176.53484,14.4,41,H,grid_000017,0.27464315
148.28484,15,41,H,grid_000018,0.6124822
137.3383,15.6,41,H,grid_000019,0.4009884
147.57904,10.2,41.6,H,grid_000020,0.21577291
149.62265,10.8,41.6,H,grid_000021,0.19478485
149.668,11.4,41.6,H,grid_000022,0.23508127
153.05397,12,41.6,H,grid_000023,0.2724706
142.79419,12.6,41.6,H,grid_000024,0.58026874
150.0974,13.2,41.6,H,grid_000025,0.3518108
133.15129,13.8,41.6,H,grid_000026,0.59946704
126.65845,14.4,41.6,H,grid_000027,0.7824553
137.72697,15,41.6,H,grid_000028,0.7131883
137.19171,15.6,41.6,H,grid_000029,0.47816485
150.09222,10.2,42.2,H,grid_000030,0.20806283
150.04314,10.8,42.2,H,grid_000031,0.2042003
135.14511,11.4,42.2,H,grid_000032,0.26072812
135.22122,12,42.2,H,grid_000033,0.32002214
147.6325,12.6,42.2,H,grid_000034,0.42567146
135.76315,13.2,42.2,H,grid_000035,0.7821463
127.06043,13.8,42.2,H,grid_000036,0.7222359
29.651823,14.4,42.2,H,grid_000037,0.33146036
125.448654,15,42.2,H,grid_000038,0.57464707
165.22205,15.6,42.2,H,grid_000039,0.4896233
150.38524,10.2,42.8,H,grid_000040,0.20867956
143.37198,10.8,42.8,H,grid_000041,0.2686698
155.85425,11.4,42.8,H,grid_000042,0.5015337
127.69596,12,42.8,H,grid_000043,0.76254684
126.7244,12.6,42.8,H,grid_000044,0.9117807
173.89178,13.2,42.8,H,grid_000045,0.9079738
85.768715,13.8,42.8,H,grid_000046,0.5024808
57.550545,14.4,42.8,H,grid_000047,0.5672535
22.96671,15,42.8,H,grid_000048,0.7032724
24.416195,15.6,42.8,H,grid_000049,0.33514953
146.32889,10.2,43.4,H,grid_000050,0.31688917
130.39395,10.8,43.4,H,grid_000051,0.56523097
129.1488,11.4,43.4,H,grid_000052,0.7090272
136.74606,12,43.4,H,grid_000053,0.66437316
139.47383,12.6,43.4,H,grid_000054,0.91597944
163.2222,13.2,43.4,H,grid_000055,0.7628888
19.741226,13.8,43.4,H,grid_000056,0.80883515
28.025444,14.4,43.4,H,grid_000057,0.31111437
10.159459,15,43.4,H,grid_000058,0.6204111
24.468443,15.6,43.4,H,grid_000059,0.55605733
111.11775,10.2,44,H,grid_000060,0.7037324
151.29616,10.8,44,H,grid_000061,0.5328225
128.75964,11.4,44,H,grid_000062,0.81534594
134.53766,12,44,H,grid_000063,0.7581992
148.41502,12.6,44,H,grid_000064,0.569591
37.65764,13.2,44,H,grid_000065,0.7965977
150.12329,13.8,44,H,grid_000066,0.32186142
172.1936,14.4,44,H,grid_000067,0.27057245
29.234966,15,44,H,grid_000068,0.25041348
28.243853,15.6,44,H,grid_000069,0.25439805
19.069126,10.2,44.6,H,grid_000070,0.6417784
167.36725,10.8,44.6,H,grid_000071,0.6004088
4.4625964,11.4,44.6,H,grid_000072,0.4469189
170.63376,12,44.6,H,grid_000073,0.37214518
141.28291,12.6,44.6,H,grid_000074,0.5504278
133.00504,13.2,44.6,H,grid_000075,0.2507584
150.97905,13.8,44.6,H,grid_000076,0.24366021
153.06172,14.4,44.6,H,grid_000077,0.23770188
18.346687,15,44.6,H,grid_000078,0.23447898
26.74694,15.6,44.6,H,grid_000079,0.2736064
148.60536,10.4,40.4,I,grid_000000,0.19948973
149.15196,11,40.4,I,grid_000001,0.2007949
157.91025,11.6,40.4,I,grid_000002,0.20313846
26.452402,12.2,40.4,I,grid_000003,0.14768781
29.250605,12.8,40.4,I,grid_000004,0.19597745
29.575787,13.4,40.4,I,grid_000005,0.15390217
140.81683,14,40.4,I,grid_000006,0.15462518
141.74005,14.6,40.4,I,grid_000007,0.13623986
15.088783,15.2,40.4,I,grid_000008,0.6370584
137.71527,15.8,40.4,I,grid_000009,0.69079113
109.696335,10.4,41,I,grid_000010,0.47025144
149.15663,11,41,I,grid_000011,0.19158559
150.21756,11.6,41,I,grid_000012,0.21295145
161.75473,12.2,41,I,grid_000013,0.21981354
104.090836,12.8,41,I,grid_000014,0.3785454
29.293306,13.4,41,I,grid_000015,0.21328354
142.63307,14,41,I,grid_000016,0.25183704
160.94293,14.6,41,I,grid_000017,0.584557
139.57956,15.2,41,I,grid_000018,0.60428405
143.48607,15.8,41,I,grid_000019,0.15661001
149.54938,10.4,41.6,I,grid_000020,0.20817457
149.62595,11,41.6,I,grid_000021,0.2174361
149.7695,11.6,41.6,I,grid_000022,0.24461082
171.95235,12.2,41.6,I,grid_000023,0.30692452
146.04095,12.8,41.6,I,grid_000024,0.5730928
139.28616,13.4,41.6,I,grid_000025,0.6457238
134.96643,14,41.6,I,grid_000026,0.64492583
125.315414,14.6,41.6,I,grid_000027,0.78130573
147.55592,15.2,41.6,I,grid_000028,0.5691744
135.73416,15.8,41.6,I,grid_000029,0.47696012
150.06776,10.4,42.2,I,grid_000030,0.21269208
150.03851,11,42.2,I,grid_000031,0.24246004
135.14937,11.6,42.2,I,grid_000032,0.24447542
135.8334,12.2,42.2,I,grid_000033,0.33059752
104.26129,12.8,42.2,I,grid_000034,0.536719
139.00629,13.4,42.2,I,grid_000035,0.8808809
117.370705,14,42.2,I,grid_000036,0.5974145
141.82385,14.6,42.2,I,grid_000037,0.24192694
123.34047,15.2,42.2,I,grid_000038,0.62088645
135.96738,15.8,42.2,I,grid_000039,0.42607152
150.05179,10.4,42.8,I,grid_000040,0.24215908
149.07843,11,42.8,I,grid_000041,0.26402044
132.80624,11.6,42.8,I,grid_000042,0.62130636
125.03133,12.2,42.8,I,grid_000043,0.67353386
130.51021,12.8,42.8,I,grid_000044,0.95033216
154.0698,13.4,42.8,I,grid_000045,0.80736184
58.223946,14,42.8,I,grid_000046,0.5353153
39.33772,14.6,42.8,I,grid_000047,0.36735117
23.130964,15.2,42.8,I,grid_000048,0.698503
17.467928,15.8,42.8,I,grid_000049,0.27670872
146.54408,10.4,43.4,I,grid_000050,0.30655074
129.37906,11,43.4,I,grid_000051,0.7544431
134.09111,11.6,43.4,I,grid_000052,0.5025649
132.86768,12.2,43.4,I,grid_000053,0.87024736
138.72281,12.8,43.4,I,grid_000054,0.80432016
151.70575,13.4,43.4,I,grid_000055,0.7443804
14.922163,14,43.4,I,grid_000056,0.661992
28.210472,14.6,43.4,I,grid_000057,0.31270516
10.58355,15.2,43.4,I,grid_000058,0.63239425
26.760921,15.8,43.4,I,grid_000059,0.44639194
114.55374,10.4,44,I,grid_000060,0.60810226
127.54481,11,44,I,grid_000061,0.7327306
126.798134,11.6,44,I,grid_000062,0.82152283
150.24893,12.2,44,I,grid_000063,0.6071837
179.69334,12.8,44,I,grid_000064,0.2974115
36.697525,13.4,44,I,grid_000065,0.82101953
148.27356,14,44,I,grid_000066,0.31295675
22.269262,14.6,44,I,grid_000067,0.24898157
20.80089,15.2,44,I,grid_000068,0.20407997
19.634806,15.8,44,I,grid_000069,0.3882523
13.521508,10.4,44.6,I,grid_000070,0.6513587
158.70738,11,44.6,I,grid_000071,0.39738542
9.982513,11.6,44.6,I,grid_000072,0.4448015
163.33917,12.2,44.6,I,grid_000073,0.4283744
143.02614,12.8,44.6,I,grid_000074,0.4609521
150.86314,13.4,44.6,I,grid_000075,0.2671073
151.14467,14,44.6,I,grid_000076,0.22704203
157.67018,14.6,44.6,I,grid_000077,0.24666947
30.598087,15.2,44.6,I,grid_000078,0.28479758
168.0033,15.8,44.6,I,grid_000079,0.12452595
